state,district,dropout_rate,smart_class_tv_tot (%),internet - Yes (%),total_girls_func_toilet (%),approachable_road - Yes (%),boundary_wall - Pucca (%),%schools with functional boys toilets,tap_fun_yn - Yes (%),playground_available - Yes (%),ict_lab_yn - Yes (%),building_status - Private Owned (%),cce_yn - Yes (%),female (%),comp_ict_lab_yn - Yes (%),schools_with_smart_class_tv (%),playground_alt_yn - Yes (%),electricity_availability - Yes (%),well_prot_fun_yn - Yes (%),furniture_availability - Yes (%),rain_water_harvesting - Yes (%),solar_panel - Yes (%),building_status - Rented (%),Urban (%),smc_smdc_same - Same As Smc (%),medium_instr1 - English (%),% Population Living In Households With Improved Sanitation,% Women With 10+ Years Schooling,trained_comp (%),total_tch (%),schools_with_all_classrooms_in_good_condition (%),teachdev_tot (%),urinal_boys (%),smc_smdc_meetings (%),% Households Using Clean Cooking Fuel,regular (%),Schools With Scr Gt - Code 40 (%),desktop (%),boundary_wall - No Boundary Walls (%),%schools with functional toilets,building_status - No Building (running In Open Place) (%),% Population Living In Households With An Improved Drinking Water Source,playground_alt_yn - No (%),boundary_wall - Barbed Wire Fencing (%),othsrc_fun_yn - Yes (%),building_status - Government School In A Rent Free Building (%),boundary_wall - Under Construction (%),handwash_near_toilet - Yes (%),library_availability - Yes (%),building_status - School Running In Other Department Building (%),% Schools With Ptr < 30,smc_smdc_same - No (%),classrooms_in_good_condition (%),book_bank - Yes (%),well_prot_fun_yn - No (%),% Women Age Group 20 To 24 Years Married Before Age 18 Years,total_class_rooms (%),building_status - Government Owned (%),block_level_officers (%),handwash_facility_for_meal - Yes (%),crc_coordinator (%),% Women Age Group 15 To 49 Years Who Are Literate,medium_instr1 - Hindi (%),tap_yn - Yes (%),smc_smdc_same - Yes (%),district_officers (%),% Population Living In Households With Electricity,total_boys_func_toilet (%),pack_water_fun_yn - Yes (%),acad_inspections (%),tap_fun_yn - No (%),part_time (%),%hand_pump_fun_yn,medium_instr1 - Marathi (%),total_girls_toilet (%),medium_of_instr2 - Garo (%),%schools with functional girls toilets,boundary_wall - Hedges (%),rain_water_harvesting - No (%),% Female Population Age 6 Years And Above Who Ever Attended School
SIKKIM,gangtok,9.1,14.984709480122325,58.09128630705395,99.06832298136646,95.4356846473029,26.97095435684648,98.7551867219917,100.0,87.96680497925311,20.33195020746888,25.72614107883817,96.6804979253112,71.59989097846825,,,,,,,,,,,,,,,,,,,,,,,,,,,,,,,,,,,,,,,,,,,,,,,,,,,,,,,,,,,,,,,,,,
SIKKIM,gyalshing,10.3,10.251903925014645,57.8125,97.55244755244756,90.625,11.979166666666668,96.35416666666666,98.95833333333334,84.375,20.3125,21.875,100.0,60.61465721040189,,,,,,,,,,,,,,,,,,,,,,,,,,,,,,,,,,,,,,,,,,,,,,,,,,,,,,,,,,,,,,,,,,
SIKKIM,mangan,13.1,7.972665148063782,56.481481481481474,94.97206703910616,91.66666666666666,7.4074074074074066,96.29629629629628,99.07407407407408,74.07407407407408,21.296296296296298,10.185185185185183,92.5925925925926,61.90476190476191,,,,,,,,,,,,,,,,,,,,,,,,,,,,,,,,,,,,,,,,,,,,,,,,,,,,,,,,,,,,,,,,,,
SIKKIM,namchi,14.2,9.676385773790452,38.16155988857939,95.48611111111111,90.25069637883009,8.913649025069638,97.49303621169916,98.32869080779945,81.61559888579387,17.548746518105848,20.055710306406684,91.08635097493035,63.579766536964975,,,,,,,,,,,,,,,,,,,,,,,,,,,,,,,,,,,,,,,,,,,,,,,,,,,,,,,,,,,,,,,,,,
SIKKIM,pakyong,14.0,12.2228538942581,55.72916666666666,90.72164948453609,89.0625,13.020833333333334,97.39583333333334,95.83333333333334,82.8125,18.75,20.833333333333336,86.97916666666666,60.871422469030335,,,,,,,,,,,,,,,,,,,,,,,,,,,,,,,,,,,,,,,,,,,,,,,,,,,,,,,,,,,,,,,,,,
SIKKIM,soreng,8.2,10.562890896455873,56.86274509803921,96.96969696969695,94.11764705882352,9.803921568627452,99.34640522875816,98.69281045751634,83.00653594771242,20.91503267973856,25.49019607843137,94.11764705882352,59.758022093634935,,,,,,,,,,,,,,,,,,,,,,,,,,,,,,,,,,,,,,,,,,,,,,,,,,,,,,,,,,,,,,,,,,
UTTAR PRADESH,agra,8.9,,,96.74051207554022,,88.76283090221501,,36.05258418872682,,,,,58.34824852978778,21.26778318026292,14.172519358905095,5.960741941292995,93.0488024491266,7.6175040518638575,87.43021790023411,41.86925985953538,11.093102827300555,4.2319466954799205,31.64055465514137,0.234107689537187,11.057086259679451,70.8,36.1,28.419841472769114,3.8385248130056406,66.09040158472898,,,,,,,,,,,,,,,,,,,,,,,,,,,,,,,,,,,,,,,,,,,,,,,,,
UTTAR PRADESH,aligarh,11.8,,,96.96614735855688,,90.55532183424484,,62.81026503996634,,,,,52.51810401579987,9.129154396297857,8.035338662179218,3.42869162810265,82.70929743374,9.213294068153134,73.22254943205722,18.826251577618848,9.991586032814473,4.354228018510728,16.912074042911232,0.0631047538914598,8.371897349600337,69.4,37.5,24.8090849242923,3.832466465918423,78.83887252839715,,,,,,,,,,,,,,,,,,,,,,,,,,,,,,,,,,,,,,,,,,,,,,,,,
UTTAR PRADESH,ambedkar nagar,9.9,,,97.68087538788176,,77.98216276477146,,66.05351170568562,,,,,46.36748206731654,8.723522853957636,10.117056856187292,3.121516164994426,86.84503901895206,3.9297658862876257,75.72463768115942,11.538461538461538,5.183946488294314,2.7591973244147154,10.702341137123746,0.0557413600891861,5.908584169453734,63.6,53.0,16.962479308442155,4.358858214848338,79.4314381270903,,,,,,,,,,,,,,,,,,,,,,,,,,,,,,,,,,,,,,,,,,,,,,,,,
UTTAR PRADESH,amethi - csm nagar,10.7,,,95.82056892778994,,72.1798780487805,,58.422256097560975,,,,,46.11965039180229,7.850609756097561,8.346036585365853,4.725609756097561,84.94664634146342,7.8125,61.775914634146346,9.870426829268292,6.669207317073171,2.019817073170732,2.057926829268293,0.0381097560975609,7.621951219512195,60.9,34.6,14.067209162145872,3.6297501675122046,60.4420731707317,,,,,,,,,,,,,,,,,,,,,,,,,,,,,,,,,,,,,,,,,,,,,,,,,
UTTAR PRADESH,auraiya,9.3,,,93.37450870297586,,78.74519846350833,,47.1190781049936,,,,,41.64429787560396,10.7981220657277,7.554417413572343,3.5424669227486127,84.37900128040972,9.688433632095604,64.83141271873666,13.358941527955611,13.145539906103288,2.9449423815621,9.90183525394793,0.1707212974818608,5.249679897567221,74.3,46.2,13.689700130378096,4.746667249124493,65.59965855740504,,,,,,,,,,,,,,,,,,,,,,,,,,,,,,,,,,,,,,,,,,,,,,,,,
UTTAR PRADESH,azamgarh,13.1,,,92.23214285714286,,77.46105402717932,,52.45276764998342,,,,,42.5911475850935,8.882996353994034,8.402386476632415,2.916804772953265,84.22273781902551,7.341730195558502,66.45674511103745,8.982432880344714,6.910838581372223,2.1876035797149487,4.640371229698376,0.0497182631753397,7.176002651640704,72.8,52.6,12.075877842055698,4.031120926035195,79.48293006297646,,,,,,,,,,,,,,,,,,,,,,,,,,,,,,,,,,,,,,,,,,,,,,,,,
UTTAR PRADESH,baghpat,6.4,,,93.5126050420168,,90.32520325203252,,71.54471544715447,,,,,57.37262633599668,22.195121951219512,13.983739837398373,5.528455284552845,91.70731707317074,17.479674796747968,95.20325203252033,37.96747967479675,16.910569105691057,8.048780487804878,17.560975609756095,0.4878048780487805,14.471544715447154,87.0,44.0,27.581197468091727,3.7299655141717016,73.65853658536585,,,,,,,,,,,,,,,,,,,,,,,,,,,,,,,,,,,,,,,,,,,,,,,,,
UTTAR PRADESH,bahraich,16.1,,,93.87571299909936,,87.41674595623216,,63.10656517602283,,,,,43.255993068258405,8.563273073263558,12.178877259752618,4.828734538534729,87.60704091341579,8.230256898192199,40.86584205518554,12.987630827783065,9.871550903901047,3.3777354900095147,6.588962892483349,0.0475737392959086,3.686964795432921,44.2,14.4,10.32540675844806,2.7779412158005936,59.181731684110375,,,,,,,,,,,,,,,,,,,,,,,,,,,,,,,,,,,,,,,,,,,,,,,,,
UTTAR PRADESH,ballia,12.7,,,90.60972102387116,,75.38311846266116,,58.64753101435174,,,,,39.14969658612859,11.724641206519095,8.902943322792508,4.475796643152517,70.95597178302117,10.921916808562392,86.2807102894673,9.632692775480418,10.70299197275602,2.5541230844076868,6.762344928241304,0.0972999270250547,3.891997081002189,61.7,50.1,14.958490004095156,3.962845648039822,66.99099975675018,,,,,,,,,,,,,,,,,,,,,,,,,,,,,,,,,,,,,,,,,,,,,,,,,
UTTAR PRADESH,balrampur,14.1,,,93.6394176931691,,82.89564616447824,,61.955770559778855,,,,,38.93043281214593,7.532826537664132,8.604008293020042,4.768486523842433,82.86109191430546,6.046993780234969,48.47961299239806,7.601935038009675,13.061506565307532,2.6952315134761573,7.049067035245335,0.0,3.0062197650310987,59.7,16.8,17.531535614472393,3.106492214411083,54.21561852107809,,,,,,,,,,,,,,,,,,,,,,,,,,,,,,,,,,,,,,,,,,,,,,,,,
UTTAR PRADESH,banda,11.5,,,94.10226612434631,,67.34439834024897,,37.095435684647306,,,,,38.23890115280844,7.012448132780083,10.49792531120332,5.062240663900415,77.55186721991701,6.224066390041494,51.32780082987552,23.775933609958503,5.020746887966805,3.2365145228215773,12.240663900414935,0.0829875518672199,2.946058091286307,59.3,27.1,19.19712206687924,3.272289478964617,54.64730290456431,,,,,,,,,,,,,,,,,,,,,,,,,,,,,,,,,,,,,,,,,,,,,,,,,
UTTAR PRADESH,barabanki,12.6,,,96.2404956350324,,77.59771210676834,,67.85033365109628,,,,,53.21104632329122,9.246901811248808,20.066730219256435,4.4327931363203055,89.60915157292659,5.409914204003813,79.93326978074357,9.58055290753098,12.607244995233554,3.1220209723546235,9.675881792183032,0.1668255481410867,4.766444232602479,62.4,29.5,18.221574344023324,3.80017972991272,62.1306005719733,,,,,,,,,,,,,,,,,,,,,,,,,,,,,,,,,,,,,,,,,,,,,,,,,
UTTAR PRADESH,bareilly,10.6,,,96.67592592592592,,86.60205245153934,,65.3553781832003,,,,,56.09506548175865,14.99429874572406,39.30064614215127,5.872291904218928,88.14139110604333,10.053211706575446,92.7213987077157,14.462181679969593,13.53097681489928,8.988977575066514,26.225769669327253,0.3420752565564424,8.47586469023185,79.7,22.1,26.4733395696913,3.792978421669474,63.664006081337895,,,,,,,,,,,,,,,,,,,,,,,,,,,,,,,,,,,,,,,,,,,,,,,,,
UTTAR PRADESH,basti,12.1,,,96.79565750306426,,87.17256278692952,,52.44396435322712,,,,,42.56373206729281,7.102349446394815,5.590062111801243,1.5933027275182283,89.87307588441804,3.8617337294085874,80.31325951930867,6.697272481771536,7.507426411018094,1.2422360248447204,4.644882527680259,0.0810153929246556,7.156359708344586,64.2,40.9,12.854783775415418,4.056351000586118,67.80988387793681,,,,,,,,,,,,,,,,,,,,,,,,,,,,,,,,,,,,,,,,,,,,,,,,,
UTTAR PRADESH,bhadoi,11.2,,,96.95880564003318,,80.5093555093555,,46.30977130977131,,,,,39.68789856703429,16.839916839916842,11.33056133056133,5.24948024948025,92.87941787941789,5.5613305613305615,85.44698544698545,13.253638253638252,11.538461538461538,7.432432432432432,9.71933471933472,0.0519750519750519,12.474012474012476,68.8,46.5,19.918973666441595,3.3771320854151674,64.96881496881497,,,,,,,,,,,,,,,,,,,,,,,,,,,,,,,,,,,,,,,,,,,,,,,,,
UTTAR PRADESH,bijnor,9.3,,,94.43840973278296,,89.9321964249024,,58.68091226628314,,,,,59.50503578054599,11.095130470515718,15.266077665913294,4.3764125744812,86.82966920073967,13.47852886788576,91.22662831312924,14.670228066570784,14.259297308403534,6.30778713786727,11.259502773782618,0.2054653790836244,6.574892130675981,78.2,39.7,18.29777365491651,4.070777364190538,72.73474419560304,,,,,,,,,,,,,,,,,,,,,,,,,,,,,,,,,,,,,,,,,,,,,,,,,
UTTAR PRADESH,budaun,14.1,,,91.74099179450587,,85.97676303701702,,57.7681707646582,,,,,44.38858419662808,7.241286138881383,9.619021885976762,6.21453661172656,87.51688732774926,12.483112672250742,50.17562820859227,13.131586057822211,9.29478519319103,5.025668738178871,15.914617670899757,0.216157795190489,6.052418265333694,69.7,21.6,14.345927280113752,3.008332034794724,65.00945690353959,,,,,,,,,,,,,,,,,,,,,,,,,,,,,,,,,,,,,,,,,,,,,,,,,
UTTAR PRADESH,bulandshahr,7.3,,,95.79653832567998,,85.85020736765064,,72.70065869724323,,,,,54.89654677806863,13.979019272993412,26.518663088558185,4.196145401317394,91.31495486704074,7.416443034886558,93.6569895096365,18.68748475237863,14.076604049768235,5.977067577457917,19.32178580141498,0.2927543303244694,9.807270065869725,81.5,37.8,21.07792161222075,3.4226626982909387,71.94437667723835,,,,,,,,,,,,,,,,,,,,,,,,,,,,,,,,,,,,,,,,,,,,,,,,,
UTTAR PRADESH,chandauli,10.7,,,95.64893088015911,,82.4361313868613,,44.06934306569343,,,,,43.43389246763186,15.282846715328466,15.237226277372262,8.43978102189781,91.37773722627736,8.348540145985401,88.91423357664233,12.226277372262777,18.248175182481752,5.383211678832116,7.664233576642336,0.0456204379562043,11.405109489051094,66.7,47.2,18.7958415715288,3.420308065504822,66.33211678832117,,,,,,,,,,,,,,,,,,,,,,,,,,,,,,,,,,,,,,,,,,,,,,,,,
UTTAR PRADESH,chitrakoot,7.6,,,93.73990306946688,,78.45336481700119,,38.84297520661157,,,,,33.0672748004561,7.319952774498228,19.3034238488784,6.316410861865407,88.66587957497049,8.087367178276269,51.94805194805194,21.95985832349469,22.07792207792208,2.1841794569067297,9.031877213695395,0.1770956316410862,4.722550177095632,56.7,30.2,14.298745724059293,3.7625113154202894,56.552538370720185,,,,,,,,,,,,,,,,,,,,,,,,,,,,,,,,,,,,,,,,,,,,,,,,,
UTTAR PRADESH,deoria,15.4,,,94.55192694629314,,80.44245704871734,,62.908919745822544,,,,,42.29497997433605,14.615203577312307,9.555189456342667,4.377500588373735,82.0663685573076,14.56813367851259,71.56978112497058,12.614732878324311,10.402447634737586,4.942339373970346,10.378912685337728,0.1412096963991527,4.448105436573312,69.1,50.4,14.251273476688572,4.4210529934983,67.71004942339374,,,,,,,,,,,,,,,,,,,,,,,,,,,,,,,,,,,,,,,,,,,,,,,,,
UTTAR PRADESH,etah,12.8,,,92.7248424670613,,91.32775119617224,,47.338516746411486,,,,,39.17246257220323,8.492822966507177,7.775119617224881,3.947368421052632,76.88397129186603,8.074162679425838,66.56698564593302,15.460526315789474,12.200956937799043,2.392344497607656,12.02153110047847,0.2392344497607655,3.4090909090909087,62.7,38.8,12.212660615348344,4.480406474221685,69.22846889952153,,,,,,,,,,,,,,,,,,,,,,,,,,,,,,,,,,,,,,,,,,,,,,,,,
UTTAR PRADESH,etawah,10.8,,,91.65804181328916,,86.46333104866348,,60.89787525702536,,,,,47.20340623185601,7.710760795065114,8.327621658670322,3.5298149417409186,86.66895133653188,8.773132282385196,87.90267306374228,24.70870459218643,11.75462645647704,2.6387936943111723,21.11034955448937,0.0685400959561343,4.626456477039068,78.1,45.7,15.495774466163471,4.840175234264981,66.58670322138451,,,,,,,,,,,,,,,,,,,,,,,,,,,,,,,,,,,,,,,,,,,,,,,,,
UTTAR PRADESH,faizabad,8.9,,,94.7108181000899,,87.83390637397514,,67.12509918011108,,,,,50.72130556306915,14.758000528960594,11.716477122454377,4.337476857974081,89.07696376619941,10.870140174556996,84.50145464162921,14.996032795556731,10.605659878339065,3.0679714361280084,8.833641893678921,0.1851362073525522,7.537688442211055,64.4,49.0,17.38797222973582,4.395721988716418,70.9600634752711,,,,,,,,,,,,,,,,,,,,,,,,,,,,,,,,,,,,,,,,,,,,,,,,,
UTTAR PRADESH,farrukhabad,14.2,,,94.6936056838366,,89.20027341079972,,55.91250854408749,,,,,44.65161923454367,8.714969241285031,11.073137388926863,6.220095693779904,88.75598086124403,8.475734791524266,58.54408749145591,21.5311004784689,7.518796992481203,2.8708133971291865,14.832535885167465,0.0683526999316473,4.408749145591251,72.6,33.3,13.163231926725546,3.7520619771415102,68.86534518113466,,,,,,,,,,,,,,,,,,,,,,,,,,,,,,,,,,,,,,,,,,,,,,,,,
UTTAR PRADESH,fatehpur,10.9,,,91.85035703197764,,84.05419489317353,,47.31631057842626,,,,,44.60260396424408,7.764460656591974,7.894736842105263,3.6477331943720688,82.75143303804064,8.129233976029182,65.50286607608129,32.15216258467952,10.500260552371026,2.996352266805628,13.21000521104742,0.1042209484106305,4.84627410109432,63.1,37.3,10.678196657598134,3.874810344373204,65.68525273579989,,,,,,,,,,,,,,,,,,,,,,,,,,,,,,,,,,,,,,,,,,,,,,,,,
UTTAR PRADESH,firozabad,12.7,,,98.00556586270872,,92.85903200211584,,32.1872520497223,,,,,47.36615966314342,9.759322930441682,11.055276381909549,3.253107643480561,96.42951600105792,3.7027241470510446,80.32266596138588,34.01216609362602,9.99735519703782,4.839989420788151,21.290663845543506,0.1057921184871727,12.32478180375562,69.0,42.4,13.856664088682647,4.068411686763415,74.0280349113991,,,,,,,,,,,,,,,,,,,,,,,,,,,,,,,,,,,,,,,,,,,,,,,,,
UTTAR PRADESH,gautam buddha nagar,6.4,,,96.69100656252888,,92.2762148337596,,71.15089514066496,,,,,77.59822139633661,46.70076726342711,30.792838874680307,5.012787723785166,94.7314578005115,17.34015345268542,96.77749360613812,42.86445012787724,17.647058823529413,20.30690537084399,9.360613810741688,0.4092071611253196,34.168797953964194,74.0,51.9,65.35041146801169,3.8696025105677023,82.65984654731457,,,,,,,,,,,,,,,,,,,,,,,,,,,,,,,,,,,,,,,,,,,,,,,,,
UTTAR PRADESH,ghaziabad,4.9,,,97.2547809993831,,95.32710280373831,,78.34890965732087,,,,,79.39825663136189,30.76323987538941,29.40031152647975,8.138629283489095,95.404984423676,26.830218068535828,95.91121495327104,46.53426791277258,16.1993769470405,16.00467289719626,65.22585669781932,0.2725856697819314,28.19314641744548,84.5,55.2,57.18124160339926,3.837852615524076,87.53894080996885,,,,,,,,,,,,,,,,,,,,,,,,,,,,,,,,,,,,,,,,,,,,,,,,,
UTTAR PRADESH,ghazipur,13.1,,,92.67285861713106,,80.67444876783398,,45.87733926255327,,,,,38.616732289472885,16.045951454511766,10.17231795441912,2.760793033166574,85.04724847137298,6.003335186214564,73.67055771725033,11.135816194181954,10.505836575875486,1.649064294978692,6.188623309245878,0.1482304984250509,8.26385028719659,64.1,51.4,13.161187925403656,4.319366550914024,74.37465258476932,,,,,,,,,,,,,,,,,,,,,,,,,,,,,,,,,,,,,,,,,,,,,,,,,
UTTAR PRADESH,gonda,10.4,,,91.29692832764503,,78.5130890052356,,68.58638743455498,,,,,41.10452749924035,8.649214659685864,7.769633507853404,4.167539267015707,81.94764397905759,4.942408376963351,75.20418848167539,8.335078534031414,6.806282722513089,4.18848167539267,3.916230366492147,0.0837696335078534,5.445026178010471,44.6,31.5,10.426162260711031,3.419203017127184,65.98952879581151,,,,,,,,,,,,,,,,,,,,,,,,,,,,,,,,,,,,,,,,,,,,,,,,,
UTTAR PRADESH,gorakhpur,10.1,,,95.97214379823076,,80.53985044683567,,69.9616997993799,,,,,53.723972916560605,17.763997811417106,12.547875250775125,3.173445194236732,88.43698705088455,11.23472551522889,74.41181834761991,16.5785154112712,10.851723509027904,6.638701440817071,15.794273208097756,0.1276673354003283,22.451212839686303,69.6,42.8,23.1049228732882,3.67122852430369,68.11964253146088,,,,,,,,,,,,,,,,,,,,,,,,,,,,,,,,,,,,,,,,,,,,,,,,,
UTTAR PRADESH,hamirpur (u.p.),7.9,,,96.80608365019012,,77.20670391061452,,35.19553072625698,,,,,36.37589928057554,8.491620111731843,12.12290502793296,4.804469273743017,95.02793296089386,5.083798882681564,43.63128491620112,7.82122905027933,4.134078212290502,5.027932960893855,24.134078212290504,0.1117318435754189,4.46927374301676,77.7,37.6,9.577338129496402,4.038276469413324,69.32960893854748,,,,,,,,,,,,,,,,,,,,,,,,,,,,,,,,,,,,,,,,,,,,,,,,,
UTTAR PRADESH,hapur (panchsheel nagar),7.5,,,93.69973190348524,,91.18295371050698,,69.72814107274064,,,,,62.15344288738785,14.474650991917706,14.327700220426156,5.9515062454077885,86.77443056576047,19.91182953710507,95.51800146950772,34.23952975753123,13.960323291697282,9.184423218221896,23.585598824393827,0.1469507714915503,9.478324761204997,85.6,43.5,28.500856941223912,3.645739531225306,63.850110213078615,,,,,,,,,,,,,,,,,,,,,,,,,,,,,,,,,,,,,,,,,,,,,,,,,
UTTAR PRADESH,hardoi,14.9,,,94.2161897774517,,85.24264838535089,,58.12736785134403,,,,,43.13199585166112,10.04871008479163,13.40429370377052,4.943171567743099,81.4721270070359,11.04095255276926,65.10914667147753,20.69276565036984,11.077034097059354,1.89428107523002,7.883817427385892,0.1262854050153346,3.301461302543749,55.7,26.5,9.973894074312485,3.577327092019297,64.44163810211077,,,,,,,,,,,,,,,,,,,,,,,,,,,,,,,,,,,,,,,,,,,,,,,,,
UTTAR PRADESH,hathras,8.7,,,93.98159661775678,,82.38780694326842,,52.62489415749365,,,,,46.28724472715099,12.193056731583404,9.864521591871297,5.207451312447079,84.67400508044031,12.023708721422524,90.26248941574936,21.08382726502964,11.600338696020325,3.852667231160034,13.88653683319221,0.1693480101608806,5.249788314987299,73.3,39.1,16.906595246066285,4.34589039102829,64.22523285351397,,,,,,,,,,,,,,,,,,,,,,,,,,,,,,,,,,,,,,,,,,,,,,,,,
UTTAR PRADESH,jalaun,5.6,,,94.71659399846114,,79.49725058915946,,40.96622152395915,,,,,38.468111551308944,11.07619795758052,8.366064414768264,4.359780047132757,87.70620581304006,7.659073055773763,60.526315789473685,10.3299293008641,5.930871956009427,7.894736842105263,25.01963864886096,0.0785545954438334,10.644147682639437,80.2,38.9,14.503223801755611,4.285471741453525,62.68656716417911,,,,,,,,,,,,,,,,,,,,,,,,,,,,,,,,,,,,,,,,,,,,,,,,,
UTTAR PRADESH,jaunpur,8.8,,,93.93403391946728,,85.08071090820152,,41.83923039295614,,,,,39.58564651256688,10.87559106473178,9.408120006522092,3.5382357736833523,84.81982716451981,8.95157345507908,90.91798467308006,11.62563182781673,9.587477580303275,2.05445948149356,4.842654492091961,0.1630523398010761,6.440567422142508,62.6,52.7,20.23316846674069,4.004672859418076,75.02038154247514,,,,,,,,,,,,,,,,,,,,,,,,,,,,,,,,,,,,,,,,,,,,,,,,,
UTTAR PRADESH,jhansi,6.7,,,95.4323400097704,,88.41889117043121,,80.49281314168378,,,,,54.62674027844455,20.90349075975359,18.85010266940452,4.188911704312115,98.02874743326488,4.928131416837783,75.72895277207392,12.97741273100616,16.468172484599588,6.611909650924025,29.73305954825462,0.164271047227926,14.825462012320328,73.2,43.3,22.569611137782044,4.075144650027633,67.14579055441479,,,,,,,,,,,,,,,,,,,,,,,,,,,,,,,,,,,,,,,,,,,,,,,,,
UTTAR PRADESH,jyotiba phule nagar (amroha),7.9,,,96.28371628371627,,91.4391641388608,,69.09336029659589,,,,,50.48568184685253,5.999325918436131,6.808223795079204,3.808560835861139,90.25952140208965,8.291203235591507,75.05898213683857,23.087293562521065,10.717896865520729,2.7637344118638354,33.26592517694641,0.1348163127738456,5.358948432760364,78.9,35.4,12.3438879777974,3.7588940022239448,71.68857431749241,,,,,,,,,,,,,,,,,,,,,,,,,,,,,,,,,,,,,,,,,,,,,,,,,
UTTAR PRADESH,kannauj,13.3,,,92.53152279340446,,81.55444126074498,,54.8352435530086,,,,,41.342062193126026,5.659025787965616,5.444126074498568,3.653295128939829,80.5515759312321,8.237822349570202,56.01719197707736,19.269340974212035,10.136103151862464,1.1103151862464185,12.320916905444127,0.0716332378223495,2.722063037249284,70.1,37.3,14.605564648117838,4.446909288872974,62.24928366762178,,,,,,,,,,,,,,,,,,,,,,,,,,,,,,,,,,,,,,,,,,,,,,,,,
UTTAR PRADESH,kanpur dehat,11.1,,,87.2216844143272,,77.18168812589413,,47.031473533619454,,,,,47.91980705456738,6.866952789699571,9.44206008583691,4.220314735336195,74.2489270386266,8.94134477825465,53.79113018597997,16.95278969957082,11.766809728183118,3.290414878397711,10.765379113018598,0.1430615164520743,3.0758226037196,70.6,45.4,19.51311425987338,4.332394016672598,55.07868383404863,,,,,,,,,,,,,,,,,,,,,,,,,,,,,,,,,,,,,,,,,,,,,,,,,
UTTAR PRADESH,kanpur nagar,7.4,,,96.79923334930524,,89.24038273774654,,51.22046475297793,,,,,66.2744887840699,20.093731693028705,11.677406756492871,11.618824448349931,90.60730326108182,6.717438000390549,83.18687756297598,15.817223198594023,13.962116774067566,14.801796524116384,50.61511423550088,0.2148017965241163,15.719586018355791,77.5,58.5,28.50213062471524,4.704068420979644,76.89904315563366,,,,,,,,,,,,,,,,,,,,,,,,,,,,,,,,,,,,,,,,,,,,,,,,,
UTTAR PRADESH,kanshiram nagar,13.1,,,96.14543466375068,,92.92107404393816,,55.93978844589097,,,,,40.42606100795756,10.781122864117169,27.74613506916192,4.271765663140765,85.67941415785191,10.00813669650122,92.43287225386491,22.5386493083808,13.344182262001627,5.777054515866558,15.419039869812856,0.081366965012205,2.6037428803905613,69.8,29.7,10.618368700265252,3.597896852734956,71.27746135069162,,,,,,,,,,,,,,,,,,,,,,,,,,,,,,,,,,,,,,,,,,,,,,,,,
UTTAR PRADESH,kaushambi,14.1,,,93.96596183599792,,90.39928218932256,,34.85868102288022,,,,,38.769898697539794,9.24181247196052,10.991475998205471,3.947958725886048,81.42664872139973,5.652759084791386,62.89816061013907,21.13055181695828,10.228802153432031,4.351727231942575,0.0,0.0897263346792283,6.146253925527143,59.6,31.9,10.470332850940665,3.7299736580731526,67.65365634813818,,,,,,,,,,,,,,,,,,,,,,,,,,,,,,,,,,,,,,,,,,,,,,,,,
UTTAR PRADESH,kheri,9.9,,,94.27378065211532,,76.20793787748059,,67.6013805004314,,,,,43.59417427795606,7.873166522864539,15.983606557377051,4.141501294219154,85.05176876617774,7.398619499568594,53.23554788610871,20.01725625539257,11.302847282139776,2.9551337359792926,8.175150992234686,0.1725625539257981,5.823986194995686,65.6,28.7,15.284291944375877,2.728292140305112,56.27696289905091,,,,,,,,,,,,,,,,,,,,,,,,,,,,,,,,,,,,,,,,,,,,,,,,,
UTTAR PRADESH,kushinagar,15.7,,,94.67391304347828,,76.95344970906068,,56.02660016625104,,,,,38.26191913095956,10.889443059019118,8.541147132169575,2.6392352452202825,81.92019950124688,6.774729842061513,84.97506234413964,9.559434746467163,8.021612635078968,5.403158769742311,8.478802992518704,0.0831255195344971,5.777223607647548,73.1,34.1,13.167622208811103,3.354891939122985,65.71072319201996,,,,,,,,,,,,,,,,,,,,,,,,,,,,,,,,,,,,,,,,,,,,,,,,,
UTTAR PRADESH,lalitpur,10.6,,,96.50582362728784,,81.71545968156137,,29.37853107344633,,,,,48.45185777067519,9.090909090909092,14.637904468412945,5.392912172573189,89.57370313302516,6.00924499229584,46.01951720595788,13.713405238828967,6.471494607087827,5.290190035952748,10.683102208525936,0.1027221366204417,6.574216743708269,64.2,23.8,14.532560926887736,3.516251953570864,62.865947611710325,,,,,,,,,,,,,,,,,,,,,,,,,,,,,,,,,,,,,,,,,,,,,,,,,
UTTAR PRADESH,lucknow,7.5,,,95.69128429964472,,87.56310234052319,,68.79302432308398,,,,,73.09599433311244,26.43414410279945,22.533272143184945,7.52638825149151,94.3093162000918,8.352455254703992,91.96879302432308,22.648003671408905,10.02753556677375,9.66039467645709,46.53510784763653,0.2983019733822854,23.58880220284534,80.4,51.9,44.47135708246692,3.909637811539073,74.09362092703074,,,,,,,,,,,,,,,,,,,,,,,,,,,,,,,,,,,,,,,,,,,,,,,,,
UTTAR PRADESH,maharajganj,16.2,,,95.41079408731522,,82.29166666666666,,58.70949074074075,,,,,36.70097786927432,10.300925925925926,10.503472222222223,2.980324074074074,85.06944444444444,6.423611111111111,73.8136574074074,10.09837962962963,8.449074074074074,3.0671296296296298,8.738425925925926,0.1157407407407407,6.481481481481481,66.7,33.8,12.753474009264025,3.4471991285310284,65.2488425925926,,,,,,,,,,,,,,,,,,,,,,,,,,,,,,,,,,,,,,,,,,,,,,,,,
UTTAR PRADESH,mahoba,9.2,,,93.4474327628362,,75.80645161290323,,36.32872503840246,,,,,41.08368628596465,9.831029185867896,16.74347158218126,5.22273425499232,94.6236559139785,9.67741935483871,52.68817204301075,22.96466973886329,9.831029185867896,5.376344086021505,13.90168970814132,0.1536098310291858,4.070660522273426,69.0,30.7,14.079158755659412,3.87475383117912,51.99692780337941,,,,,,,,,,,,,,,,,,,,,,,,,,,,,,,,,,,,,,,,,,,,,,,,,
UTTAR PRADESH,mainpuri,9.2,,,95.24584237165584,,84.75957620211899,,58.86987231730508,,,,,41.36351942372009,15.865254007063298,11.11111111111111,2.961151860907362,87.72072806302636,16.21841890790546,59.90220048899756,25.862537353979896,7.878293941863625,2.0646563433849496,12.333604998641674,0.0,3.8033143167617496,63.1,45.8,14.087985593002315,4.496167789069928,65.36267318663407,,,,,,,,,,,,,,,,,,,,,,,,,,,,,,,,,,,,,,,,,,,,,,,,,
UTTAR PRADESH,mathura,8.0,,,93.8358208955224,,84.67718794835008,,56.09756097560976,,,,,50.04815795810258,19.225251076040173,14.404591104734576,3.7302725968436152,88.40746054519369,13.142037302725967,71.59253945480631,20.6025824964132,12.25251076040172,7.288378766140603,15.781922525107603,0.430416068866571,8.493543758967,71.2,34.7,29.5288546432298,4.387002725371306,62.955523672883785,,,,,,,,,,,,,,,,,,,,,,,,,,,,,,,,,,,,,,,,,,,,,,,,,
UTTAR PRADESH,mau,12.7,,,94.46069826409206,,89.85457063711911,,53.32409972299169,,,,,44.9386672560504,11.39196675900277,11.218836565096952,3.1509695290858724,78.91274238227147,6.925207756232688,80.81717451523545,10.38781163434903,7.202216066481995,2.042936288088643,12.60387811634349,0.1385041551246537,5.263157894736842,75.1,53.1,13.819206542159352,4.093116246039303,83.27562326869807,,,,,,,,,,,,,,,,,,,,,,,,,,,,,,,,,,,,,,,,,,,,,,,,,
UTTAR PRADESH,meerut,7.5,,,95.11559383499548,,90.75532225138524,,77.3986585010207,,,,,69.57040991956163,19.393409157188685,15.339749198016914,5.4826480023330415,94.63400408282295,11.84018664333625,93.87576552930884,33.53747448235637,11.665208515602217,10.965296004666085,41.67395742198892,0.2916302128900554,12.219305920093325,82.7,47.3,43.19435175102743,3.8130916727831856,78.944298629338,,,,,,,,,,,,,,,,,,,,,,,,,,,,,,,,,,,,,,,,,,,,,,,,,
UTTAR PRADESH,mirzapur,10.5,,,96.5042766827817,,75.33700980392157,,46.78308823529412,,,,,46.224126361430855,12.775735294117649,13.848039215686276,4.442401960784314,92.43259803921568,8.088235294117647,62.162990196078425,17.922794117647058,11.151960784313726,6.158088235294118,11.090686274509803,0.0306372549019607,9.191176470588236,72.3,43.8,14.241470087234813,3.292628000849798,64.4607843137255,,,,,,,,,,,,,,,,,,,,,,,,,,,,,,,,,,,,,,,,,,,,,,,,,
UTTAR PRADESH,moradabad,9.6,,,95.3783713013878,,92.59165613147914,,79.44374209860936,,,,,58.18057897191233,11.807838179519596,11.327433628318584,4.424778761061947,76.99115044247787,10.063211125158029,86.32111251580278,13.805309734513274,20.101137800252843,8.242730720606826,22.12389380530973,0.1264222503160556,8.77370417193426,79.0,42.6,24.7838720091832,3.9641876451357394,71.98482932996207,,,,,,,,,,,,,,,,,,,,,,,,,,,,,,,,,,,,,,,,,,,,,,,,,
UTTAR PRADESH,muzaffarnagar,9.3,,,94.67265725288831,,91.49579831932772,,66.11764705882352,,,,,60.87793998377939,13.008403361344536,12.53781512605042,6.016806722689076,93.5798319327731,12.369747899159664,97.21008403361344,21.781512605042018,13.647058823529411,8.638655462184875,23.39495798319328,0.1680672268907563,5.983193277310924,80.1,41.8,21.77615571776156,3.613537577823488,82.01680672268907,,,,,,,,,,,,,,,,,,,,,,,,,,,,,,,,,,,,,,,,,,,,,,,,,
UTTAR PRADESH,pilibhit,11.6,,,93.07654802535347,,83.56004663816556,,63.2724446171784,,,,,46.438531695183535,9.016712009327634,9.444228527011273,4.314030314807617,81.96657598134473,11.4263505635445,55.81033812670035,44.539448115040805,11.46521570151574,4.858142246404975,11.4263505635445,0.194325689856199,4.1974349008938985,76.8,28.5,17.47192281600965,3.412566331163236,60.04663816556549,,,,,,,,,,,,,,,,,,,,,,,,,,,,,,,,,,,,,,,,,,,,,,,,,
UTTAR PRADESH,pratapgarh,12.2,,,93.5483870967742,,74.23474559091831,,46.74640178390432,,,,,40.94541676656277,6.669369551996756,5.007095073991486,3.871883235353741,74.19420231096696,6.48692479221569,69.67362659639164,12.46705858503953,6.669369551996756,2.270423677275492,3.750253395499696,0.040543279951348,5.655787553213055,52.0,49.7,12.834651961959562,4.1849428345437545,60.65274680721671,,,,,,,,,,,,,,,,,,,,,,,,,,,,,,,,,,,,,,,,,,,,,,,,,
UTTAR PRADESH,prayagraj,6.9,,,96.47974118009552,,87.85090455396131,,43.10667498440424,,,,,50.5100138197293,16.609482220835933,11.790393013100436,5.302557704304429,83.7024329382408,10.152838427947598,72.17716781035558,15.299438552713662,13.786650031191517,5.442919525888958,17.5764192139738,0.2183406113537117,11.759201497192764,59.5,47.6,19.89821659683681,3.719483986563612,70.89831565814099,,,,,,,,,,,,,,,,,,,,,,,,,,,,,,,,,,,,,,,,,,,,,,,,,
UTTAR PRADESH,rae bareli,9.6,,,95.68045363575716,,77.70580296896087,,58.35357624831309,,,,,52.10165702901015,9.149797570850202,9.824561403508772,4.345479082321187,86.47773279352226,6.909581646423751,65.66801619433198,16.11336032388664,7.206477732793521,2.645074224021592,7.6923076923076925,0.0269905533063427,5.856950067476383,55.0,36.1,15.331162835900674,3.609217456272504,62.24021592442645,,,,,,,,,,,,,,,,,,,,,,,,,,,,,,,,,,,,,,,,,,,,,,,,,
UTTAR PRADESH,rampur,11.6,,,95.25075314548998,,92.3076923076923,,69.93297159272262,,,,,54.85804049336747,9.607405043089692,19.88509415895308,8.522183210979891,88.73284391956591,9.12863070539419,77.88062559846793,24.13022661985317,17.650813916374084,3.862112990743696,18.09766996488988,0.1595914458984998,6.255984679221194,79.0,26.9,20.23504770770305,3.965677554514223,66.51771465049472,,,,,,,,,,,,,,,,,,,,,,,,,,,,,,,,,,,,,,,,,,,,,,,,,
UTTAR PRADESH,saharanpur,5.9,,,93.87921022067364,,89.13435527502254,,64.404869251578,,,,,59.90779983641906,11.94770063119928,12.150586113615873,5.658250676284942,85.1668169522092,11.158701532912534,87.1731289449955,13.525698827772766,16.00541027953111,16.90712353471596,20.96483318304779,0.0901713255184851,12.015329125338145,83.8,38.2,21.28039259424493,3.954140322146743,77.61496844003607,,,,,,,,,,,,,,,,,,,,,,,,,,,,,,,,,,,,,,,,,,,,,,,,,
UTTAR PRADESH,sambhal (bhim nagar),8.2,,,94.12724306688418,,89.24551896623593,,70.32096706961234,,,,,47.67204178968885,6.919549812421842,13.29720716965402,4.460191746561067,86.45268862025844,13.213839099624844,68.07002917882451,16.631929970821176,11.4214255939975,5.085452271779908,13.46394330971238,0.208420175072947,3.876615256356816,72.8,24.1,23.249299719887954,2.791166483180945,67.02792830345977,,,,,,,,,,,,,,,,,,,,,,,,,,,,,,,,,,,,,,,,,,,,,,,,,
UTTAR PRADESH,sant kabir nagar,16.7,,,94.45438282647584,,76.36887608069163,,52.40839851790861,,,,,39.3882792435209,9.01605599011939,8.110333470564019,3.37587484561548,82.21490325236724,10.209962947715107,63.7710992177851,9.592424866200082,11.65088513791684,2.5113215314944424,7.286949361877316,0.0823384108686702,8.069164265129682,65.1,34.8,15.549848237216905,3.5696624531184886,64.26512968299711,,,,,,,,,,,,,,,,,,,,,,,,,,,,,,,,,,,,,,,,,,,,,,,,,
UTTAR PRADESH,shahjahanpur,14.4,,,94.95973754846406,,81.70114942528735,,55.49425287356322,,,,,44.85936679241679,6.574712643678161,11.35632183908046,4.252873563218391,81.81609195402298,7.080459770114943,54.6896551724138,8.758620689655173,8.71264367816092,2.9655172413793105,12.758620689655173,0.160919540229885,4.298850574712644,69.2,27.7,14.53130223007497,3.404298900727321,59.47126436781609,,,,,,,,,,,,,,,,,,,,,,,,,,,,,,,,,,,,,,,,,,,,,,,,,
UTTAR PRADESH,shamli (prabudh nagar),5.8,,,91.51223128243144,,90.1853122855182,,58.61358956760466,,,,,51.21430177647852,14.001372683596433,14.893617021276595,4.323953328757722,89.97940974605353,12.422786547700754,86.06726149622513,28.68908716540837,16.33493479752917,14.41317776252574,21.55113246396705,0.0,5.147563486616335,83.3,32.6,22.768158308972342,3.463139409467368,80.85106382978722,,,,,,,,,,,,,,,,,,,,,,,,,,,,,,,,,,,,,,,,,,,,,,,,,
UTTAR PRADESH,shrawasti,15.2,,,92.70440251572327,,82.94625082946251,,59.98672859986729,,,,,35.417884278199885,6.569343065693431,26.01194426011944,3.64963503649635,86.33045786330457,7.56469807564698,63.17186463171864,19.708029197080293,13.60318513603185,2.3224950232249504,4.71134704711347,0.19907100199071,1.9243530192435303,58.1,15.9,13.997662185856225,2.528624367751541,49.5686794956868,,,,,,,,,,,,,,,,,,,,,,,,,,,,,,,,,,,,,,,,,,,,,,,,,
UTTAR PRADESH,siddharthnagar,15.1,,,95.07251766455931,,78.38592571907287,,65.12147444847808,,,,,37.244841048522034,8.433398492041329,10.583635855906172,3.6581960346272,89.80731639206925,8.908126221725775,51.5219212510472,5.975984361910081,9.829656520524994,3.1276179838034066,7.232616587545379,0.1117006422786931,3.1276179838034066,42.8,17.0,10.881204684885668,3.1689586974925814,55.71069533649818,,,,,,,,,,,,,,,,,,,,,,,,,,,,,,,,,,,,,,,,,,,,,,,,,
UTTAR PRADESH,sitapur,10.7,,,93.35088120851454,,82.19415123723827,,54.35196400761377,,,,,47.80763349249446,6.713964353694411,9.223048970410105,5.052777297110227,78.3872642325662,7.181173213358713,87.17771240699082,13.652881121301265,11.47257310953452,2.6994289669492995,10.693891676760686,0.207648382073023,2.5609967122339503,52.5,23.9,17.379770932809038,3.447953050248888,56.359231700986335,,,,,,,,,,,,,,,,,,,,,,,,,,,,,,,,,,,,,,,,,,,,,,,,,
UTTAR PRADESH,sonbhadra,12.6,,,91.90031152647975,,73.34754797441366,,49.040511727078886,,,,,44.381409557058696,12.22459132906894,16.169154228855724,4.619758351101635,78.99786780383795,10.199004975124378,95.27363184079604,39.37455579246624,11.869225302061125,2.9140014214641083,6.218905472636816,0.0710732054015636,5.756929637526652,70.6,35.7,19.346861589933813,2.972531808403688,59.20398009950249,,,,,,,,,,,,,,,,,,,,,,,,,,,,,,,,,,,,,,,,,,,,,,,,,
UTTAR PRADESH,sultanpur,10.4,,,94.9040139616056,,74.94444444444444,,53.86111111111112,,,,,43.15731269007465,9.63888888888889,8.666666666666668,5.25,86.63888888888889,7.833333333333334,78.38888888888889,8.027777777777779,7.111111111111111,1.472222222222222,4.472222222222221,0.1388888888888889,4.0,65.1,46.6,14.206063957238966,4.042251606041584,64.91666666666667,,,,,,,,,,,,,,,,,,,,,,,,,,,,,,,,,,,,,,,,,,,,,,,,,
UTTAR PRADESH,unnao,12.7,,,91.8479926448054,,81.84595243290421,,53.41479380318569,,,,,53.00240192153724,7.265982980580405,7.702378354789439,5.738599170848789,85.29347588915557,8.967924939995637,57.75692777656557,23.76172812568187,12.590006545930612,3.774819986908138,8.073314422867117,0.196377918394065,2.923849007200524,60.3,37.0,16.400488812102314,4.1630484931732745,59.69888719179577,,,,,,,,,,,,,,,,,,,,,,,,,,,,,,,,,,,,,,,,,,,,,,,,,
UTTAR PRADESH,varanasi,5.2,,,97.13538571258766,,93.20744081172492,,59.07553551296505,,,,,55.53482245760386,23.67531003382188,26.972942502818487,6.848928974069898,97.15332581736187,21.307779030439683,86.6967305524239,36.24577226606539,23.280721533258173,4.058624577226606,26.071025930101467,0.2254791431792559,28.74859075535513,83.2,55.0,33.07721859393008,3.948614485115494,83.9064261555806,,,,,,,,,,,,,,,,,,,,,,,,,,,,,,,,,,,,,,,,,,,,,,,,,
ODISHA,angul,19.9,,,,,47.88015828151498,,,,,,,49.54101845588946,20.463538722442056,,,,27.303561334087057,,,,3.0525720746184284,4.97456189937818,1.582815149802148,5.539853024307519,,33.7,34.01294811092859,4.609553164196123,56.18993781797626,12.557396685965264,2.42397531952402,2.9177434072801725,23.8,87.28379553580055,7.631430186546072,,,,,,,,,,,,,,,,,,,,,,,,,,,,,,,,,,,,,,,,,,,
ODISHA,balasore,13.6,,,,,39.46891973445987,,,,,,,49.96771763693103,22.601086300543148,,,,17.652383826191915,,,,3.892576946288473,6.75920337960169,1.870850935425468,4.918527459263729,,38.3,30.82427633702787,4.502935169459701,59.77670488835244,10.672358591248669,2.3314426728137048,3.76354392718294,28.4,84.90799526525342,13.427881713940856,,,,,,,,,,,,,,,,,,,,,,,,,,,,,,,,,,,,,,,,,,,
ODISHA,baragarh,14.0,,,,,53.97245762711864,,,,,,,40.12418957172861,24.258474576271187,,,,15.625,,,,1.9597457627118644,6.038135593220339,2.277542372881356,6.885593220338983,,37.4,33.26636836818555,4.617947204183183,46.45127118644068,14.720260727865291,2.582059811743912,3.361731168861045,31.9,85.95562049127933,9.16313559322034,,,,,,,,,,,,,,,,,,,,,,,,,,,,,,,,,,,,,,,,,,,
ODISHA,bhadrak,21.8,,,,,36.061627347135286,,,,,,,51.077102220743576,24.45835339431873,,,,11.60327395281656,,,,4.718343765045739,10.303322099181512,2.022147327876745,5.8257101588830045,,37.0,27.988022956001,4.422529408735443,54.54983148772268,11.240177656303382,2.293114110072388,2.2235172930293667,22.9,85.21167761789903,13.047664901299951,,,,,,,,,,,,,,,,,,,,,,,,,,,,,,,,,,,,,,,,,,,
ODISHA,bolangir,16.9,,,,,59.02165196471532,,,,,,,40.41734497558088,18.444266238973537,,,,15.03608660785886,,,,2.967121090617482,6.936647955092222,2.0048115477145148,5.573376102646352,,31.4,32.514429480538695,4.242681108233263,58.781074578989575,12.342839619748544,2.7037532933097226,4.0840739519511695,32.6,80.59789847565487,16.359262229350442,,,,,,,,,,,,,,,,,,,,,,,,,,,,,,,,,,,,,,,,,,,
ODISHA,boudh,23.6,,,,,41.67741935483871,,,,,,,34.479956663055255,17.67741935483871,,,,20.387096774193548,,,,2.193548387096774,2.5806451612903225,1.032258064516129,4.129032258064516,,29.9,26.679306608884072,4.582805789329957,56.38709677419354,15.196078431372548,2.766877452573171,1.528268754457131,30.9,85.4008667388949,12.774193548387098,,,,,,,,,,,,,,,,,,,,,,,,,,,,,,,,,,,,,,,,,,,
ODISHA,cuttack,7.7,,,,,56.79801206957757,,,,,,,61.225,28.8604898828541,,,,18.13986510472133,,,,6.673766418175364,15.335463258785945,2.6624068157614484,8.732694355697552,,40.9,38.87,4.7314096998630255,63.755768548100825,15.44771694010674,2.4405638544077424,4.013015461611801,45.1,86.765,9.26517571884984,,,,,,,,,,,,,,,,,,,,,,,,,,,,,,,,,,,,,,,,,,,
ODISHA,deogarh,16.4,,,,,40.73455759599332,,,,,,,40.03862246540071,30.884808013355592,,,,21.03505843071786,,,,1.335559265442404,4.674457429048414,1.5025041736227045,4.006677796327212,,31.3,29.25651754103637,5.666605872697429,54.757929883138566,16.492450638792103,3.156841013907261,1.0748235679030331,18.4,91.40650144834244,6.844741235392321,,,,,,,,,,,,,,,,,,,,,,,,,,,,,,,,,,,,,,,,,,,
ODISHA,dhenkanal,18.0,,,,,46.27498485766202,,,,,,,52.95626952253458,23.016353725015144,,,,34.82737734706239,,,,2.4227740763173835,7.268322228952149,2.3622047244094486,4.724409448818897,,33.3,34.56046407853637,4.366357033955684,56.81405208964264,14.589968152866245,2.712089722705911,2.86304370608368,28.8,88.49843819723337,10.539067231980615,,,,,,,,,,,,,,,,,,,,,,,,,,,,,,,,,,,,,,,,,,,
ODISHA,gajapati,21.1,,,,,34.626865671641795,,,,,,,38.05815160955349,22.786069651741293,,,,15.323383084577111,,,,0.7960199004975124,3.482587064676617,2.0895522388059704,6.567164179104477,,22.5,32.796815507095886,5.197772640177037,47.56218905472637,11.794276875483371,2.7843933875035023,1.5254570875731992,28.9,87.4177916233991,10.149253731343284,,,,,,,,,,,,,,,,,,,,,,,,,,,,,,,,,,,,,,,,,,,
ODISHA,ganjam,12.9,,,,,53.66606637509648,,,,,,,48.19877310716785,26.93594031386673,,,,25.08361204013378,,,,4.682274247491638,11.808592745047594,2.4183174684846924,6.251607923848726,,32.6,35.987484046276094,4.088788783228037,65.65474659120144,14.974210186976144,2.575318712931765,5.503198910095673,63.7,84.33035530487052,13.506560329302806,,,,,,,,,,,,,,,,,,,,,,,,,,,,,,,,,,,,,,,,,,,
ODISHA,jagatsinghpur,15.2,,,,,49.28571428571429,,,,,,,60.130205410259286,33.57142857142857,,,,6.0,,,,2.7142857142857144,5.214285714285714,3.785714285714286,5.928571428571429,,46.6,33.62891458076103,5.370458559639276,55.285714285714285,21.02224123182207,2.795887217956151,2.059929401600605,30.5,93.24278819171624,6.285714285714287,,,,,,,,,,,,,,,,,,,,,,,,,,,,,,,,,,,,,,,,,,,
ODISHA,jajpur,14.1,,,,,51.935229067930486,,,,,,,51.95457808523136,23.42022116903633,,,,16.23222748815166,,,,3.238546603475513,4.107424960505529,2.6066350710900474,7.109004739336493,,38.0,31.553873262415976,4.518579462181999,61.01895734597157,13.92464678178964,2.28021471685942,2.9049631032623005,28.4,84.08275141943483,14.652448657187994,,,,,,,,,,,,,,,,,,,,,,,,,,,,,,,,,,,,,,,,,,,
ODISHA,jharsuguda,20.1,,,,,66.66666666666666,,,,,,,56.25249700359568,52.0997375328084,,,,23.097112860892388,,,,3.4120734908136483,23.35958005249344,2.099737532808399,10.892388451443573,,40.9,73.99121054734319,5.042101446355908,47.63779527559055,19.293845263360986,3.2000318015582763,1.8165924131003228,41.8,93.08829404714342,6.167979002624672,,,,,,,,,,,,,,,,,,,,,,,,,,,,,,,,,,,,,,,,,,,
ODISHA,kalahandi,18.2,,,,,50.0,,,,,,,33.19152168958444,24.34108527131783,,,,15.310077519379844,,,,1.627906976744186,5.077519379844961,1.627906976744186,6.124031007751938,,26.5,32.173516675529896,4.39951602984037,48.48837209302326,16.471333544504276,2.535361970875307,4.741237184550147,28.9,80.65030768061992,16.356589147286822,,,,,,,,,,,,,,,,,,,,,,,,,,,,,,,,,,,,,,,,,,,
ODISHA,kandhamal,14.4,,,,,43.76030786146234,,,,,,,39.4846978812451,19.516217702034087,,,,13.358988455195162,,,,0.7696536558548653,4.782847718526663,1.2094557449147882,3.188565145684442,,28.1,68.92492806696312,4.843931148517235,54.53545904343046,10.292973813844958,2.820451120201624,3.88827969439737,24.1,81.03583573110123,6.761957119296317,,,,,,,,,,,,,,,,,,,,,,,,,,,,,,,,,,,,,,,,,,,
ODISHA,kendrapara,18.3,,,,,37.71844660194175,,,,,,,53.72010628875111,24.95145631067961,,,,12.524271844660197,,,,2.8640776699029127,4.41747572815534,1.9902912621359223,5.485436893203883,,42.5,32.56864481842338,4.753744257822204,63.980582524271846,7.941947188066923,2.590483801152066,2.5542715610118933,27.9,81.6829052258636,13.932038834951458,,,,,,,,,,,,,,,,,,,,,,,,,,,,,,,,,,,,,,,,,,,
ODISHA,keonjhar,21.9,,,,,49.60654705697198,,,,,,,46.56668793873644,22.285174693106704,,,,15.265974189486936,,,,1.857097891092225,6.610009442870633,1.7626691847655018,4.658482845451684,,29.5,44.88832163369496,4.423067695234547,52.15612212779352,23.89513108614232,2.4356005950583315,6.00469803975697,27.9,82.97383535417995,11.551778407302486,,,,,,,,,,,,,,,,,,,,,,,,,,,,,,,,,,,,,,,,,,,
ODISHA,khurdha,0.9,,,,,69.51512241958714,,,,,,,65.11538829838169,39.12626020163226,,,,31.20499279884781,,,,11.377820451272203,30.148823811809887,2.208353336533845,15.362457993278923,,43.2,46.98362539500144,4.407156618014775,76.18819011041766,20.93958860554149,2.647507146409409,2.330616240699134,63.3,88.08292636215647,13.394143062890064,,,,,,,,,,,,,,,,,,,,,,,,,,,,,,,,,,,,,,,,,,,
ODISHA,koraput,21.4,,,,,36.22778675282714,,,,,,,46.77110530896432,14.74151857835218,,,,9.006462035541194,,,,1.17124394184168,8.966074313408724,0.9693053311793216,4.281098546042003,,17.6,35.909486510008705,4.048026719090198,51.73667205169629,14.831552999178308,1.6771908954470318,5.046686450577286,31.5,79.79982593559617,14.499192245557351,,,,,,,,,,,,,,,,,,,,,,,,,,,,,,,,,,,,,,,,,,,
ODISHA,malkangiri,21.5,,,,,35.932944606414,,,,,,,34.88203266787659,12.682215743440231,,,,7.871720116618077,,,,0.5830903790087464,3.9358600583090384,1.0932944606413997,2.696793002915452,,14.0,22.77676950998185,3.844597329016593,54.81049562682215,13.350125944584384,2.650658235438415,3.268690555610937,20.9,80.19963702359347,11.880466472303208,,,,,,,,,,,,,,,,,,,,,,,,,,,,,,,,,,,,,,,,,,,
ODISHA,mayurbhanj,15.6,,,,,47.000211999152,,,,,,,48.13663176185468,19.376722493110027,,,,14.627941488234049,,,,2.480390078439686,4.409582361670553,1.2083951664193344,3.943184227263092,,25.1,38.01728474095752,4.721062471126156,53.80538477846088,13.94691035683203,2.7111296516903702,8.199587451786302,16.1,84.54433215967808,8.585965656137375,,,,,,,,,,,,,,,,,,,,,,,,,,,,,,,,,,,,,,,,,,,
ODISHA,nabarangpur,24.9,,,,,42.391857506361326,,,,,,,34.5703125,15.92875318066158,,,,12.7735368956743,,,,0.8142493638676844,3.867684478371501,1.9338422391857504,3.307888040712468,,15.5,32.98611111111111,3.358135535166413,51.6030534351145,16.28696073679108,2.005432127152013,4.351949124165766,19.0,80.88107638888889,21.78117048346056,,,,,,,,,,,,,,,,,,,,,,,,,,,,,,,,,,,,,,,,,,,
ODISHA,nayagarh,8.1,,,,,41.35618479880775,,,,,,,45.287890524141496,34.2026825633383,,,,28.98658718330849,,,,5.290611028315946,7.377049180327869,2.608047690014903,5.663189269746647,,27.1,33.60444100180738,5.01151626510701,57.377049180327866,12.381415713938214,2.620584424234351,2.0093193976898323,42.3,91.24709527498064,7.749627421758569,,,,,,,,,,,,,,,,,,,,,,,,,,,,,,,,,,,,,,,,,,,
ODISHA,nuapada,23.2,,,,,61.418047882136285,,,,,,,30.83245890171389,18.32412523020258,,,,21.4548802946593,,,,1.1049723756906076,5.524861878453039,1.0128913443830572,5.064456721915286,,27.3,34.452605806225954,4.085044365382142,50.736648250460405,13.38403041825095,2.2004889975550124,1.9392833316718936,23.2,85.53690101434069,14.27255985267035,,,,,,,,,,,,,,,,,,,,,,,,,,,,,,,,,,,,,,,,,,,
ODISHA,puri,8.1,,,,,50.11904761904762,,,,,,,55.88344331578558,17.817460317460316,,,,11.904761904761903,,,,4.642857142857143,7.738095238095238,2.5,5.476190476190476,,38.1,28.338399940683622,5.16961171374909,58.76984126984127,14.969604863221884,2.539790797150334,3.166192517387604,34.4,86.58708385853043,8.492063492063492,,,,,,,,,,,,,,,,,,,,,,,,,,,,,,,,,,,,,,,,,,,
ODISHA,rayagada,19.7,,,,,33.58509566968782,,,,,,,42.679127725856695,15.105740181268882,,,,10.976837865055389,,,,2.2658610271903323,6.193353474320242,1.1581067472306144,5.337361530715005,,19.1,29.56163773920783,4.622862286228623,49.798590130916416,8.178005591798696,2.714098822582268,3.2456860083787675,30.2,80.45171339563862,10.52366565961732,,,,,,,,,,,,,,,,,,,,,,,,,,,,,,,,,,,,,,,,,,,
ODISHA,sambalpur,5.5,,,,,60.20874103065884,,,,,,,56.10804851157663,30.39791258969341,,,,18.2648401826484,,,,2.804957599478147,17.025440313111545,2.28310502283105,9.328114807566864,,36.5,52.72326350606394,4.872545596175025,51.72863666014352,20.88982241741455,3.330405504318548,2.908797194467662,42.6,85.85446527012128,7.110241356816699,,,,,,,,,,,,,,,,,,,,,,,,,,,,,,,,,,,,,,,,,,,
ODISHA,sonepur,10.5,,,,,51.16504854368932,,,,,,,36.71534230988052,20.97087378640777,,,,16.213592233009706,,,,3.5922330097087376,6.601941747572816,0.9708737864077668,6.990291262135923,,37.8,36.41190972880713,4.863314395336825,52.9126213592233,15.344341522351993,2.7062346855431527,1.549739665207156,41.6,83.97496681206145,8.932038834951456,,,,,,,,,,,,,,,,,,,,,,,,,,,,,,,,,,,,,,,,,,,
ODISHA,sundergarh,14.9,,,,,77.88697788697789,,,,,,,60.778172619406135,31.625131625131623,,,,16.040716040716042,,,,2.562302562302562,11.021411021411025,1.684801684801685,8.03790803790804,,35.6,44.61844245015961,4.434396149716624,69.63846963846963,16.429298067141403,2.6323189982224817,5.155063428648841,40.2,84.30404143829429,10.003510003510003,,,,,,,,,,,,,,,,,,,,,,,,,,,,,,,,,,,,,,,,,,,
GUJARAT,ahmedabad,15.5,,,,96.6751269035533,,,96.6751269035533,,,,,71.70406306852638,74.67005076142132,,,99.97461928934013,,,,,,,,24.9492385786802,,42.7,,,89.56852791878173,,,,,,,4.623780304162742,1.6751269035532996,99.56852791878173,0.0507614213197969,98.7,,,,,,,,,,,,,,,,,,,,,,,,,,,,,,,,,,,,,,
GUJARAT,amreli,20.2,,,,98.48121502797764,,,80.81534772182253,,,,,52.75445960125919,62.7498001598721,,,99.84012789768184,,,,,,,,4.316546762589928,,27.2,,,77.77777777777779,,,,,,,5.695146983358991,2.877697841726619,96.00319744204636,0.7194244604316548,97.8,,,,,,,,,,,,,,,,,,,,,,,,,,,,,,,,,,,,,,
GUJARAT,anand,19.5,,,,98.58895705521472,,,95.2760736196319,,,,,51.63587977457733,57.85276073619632,,,100.0,,,,,,,,7.730061349693251,,32.2,,,72.02453987730061,,,,,,,4.740861175153591,4.233128834355828,98.58895705521472,0.1226993865030675,99.7,,,,,,,,,,,,,,,,,,,,,,,,,,,,,,,,,,,,,,
GUJARAT,aravalli,12.6,,,,98.93882646691635,,,70.0374531835206,,,,,47.23643169058016,38.57677902621723,,,100.0,,,,,,,,3.3083645443196,,34.7,,,65.79275905118602,,,,,,,4.259836516468988,11.735330836454432,99.06367041198502,0.062421972534332,98.5,,,,,,,,,,,,,,,,,,,,,,,,,,,,,,,,,,,,,,
GUJARAT,banas kantha,17.3,,,,93.8058368076236,,,94.99702203692674,,,,,35.2146299716229,58.42763549731983,,,99.7319833234068,,,,,,,,3.5139964264443124,,17.6,,,72.24538415723644,,,,,,,4.097464322803135,3.57355568790947,98.6003573555688,0.5658129839189994,93.6,,,,,,,,,,,,,,,,,,,,,,,,,,,,,,,,,,,,,,
GUJARAT,bharuch,20.8,,,,97.9944674965422,,,87.13692946058092,,,,,68.25107810253954,44.88243430152144,,,100.0,,,,,,,,10.304287690179804,,31.5,,,70.81604426002767,,,,,,,4.439950735072083,4.149377593360995,99.30843706777316,0.0691562932226832,97.2,,,,,,,,,,,,,,,,,,,,,,,,,,,,,,,,,,,,,,
GUJARAT,bhavnagar,15.9,,,,98.08641975308642,,,89.25925925925927,,,,,42.55018820577165,69.44444444444444,,,99.87654320987654,,,,,,,,4.444444444444445,,26.3,,,72.1604938271605,,,,,,,4.656688737883771,4.444444444444445,99.44444444444444,0.0617283950617283,95.1,,,,,,,,,,,,,,,,,,,,,,,,,,,,,,,,,,,,,,
GUJARAT,botad,21.2,,,,99.77876106194692,,,87.61061946902655,,,,,40.16460905349794,75.0,,,100.0,,,,,,,,3.0973451327433628,,22.0,,,82.7433628318584,,,,,,,4.204069897453918,1.106194690265487,99.1150442477876,0.0,99.2,,,,,,,,,,,,,,,,,,,,,,,,,,,,,,,,,,,,,,
GUJARAT,chhotaudepur,16.7,,,,96.22766379880872,,,61.28391793514229,,,,,39.57532491305143,33.951025810721376,,,99.933818663137,,,,,,,,1.6545334215751155,,20.3,,,54.86432825943084,,,,,,,4.2053877470209,17.1409662475182,98.41164791528789,0.3970880211780278,97.4,,,,,,,,,,,,,,,,,,,,,,,,,,,,,,,,,,,,,,
GUJARAT,devbhoomi dwarka,27.2,,,,96.01366742596812,,,71.86788154897495,,,,,48.90819441183377,47.83599088838269,,,99.65831435079726,,,,,,,,4.100227790432802,,15.8,,,73.91799544419135,,,,,,,4.804949219959898,4.783599088838269,97.26651480637814,0.5694760820045558,93.9,,,,,,,,,,,,,,,,,,,,,,,,,,,,,,,,,,,,,,
GUJARAT,dohad,23.4,,,,92.5,,,58.85964912280702,,,,,41.16245831348261,43.815789473684205,,,99.64912280701756,,,,,,,,2.675438596491228,,23.1,,,60.131578947368425,,,,,,,2.465489707072696,15.570175438596491,97.93859649122808,0.3947368421052631,91.0,,,,,,,,,,,,,,,,,,,,,,,,,,,,,,,,,,,,,,
GUJARAT,gandhinagar,6.3,,,,100.0,,,97.0873786407767,,,,,67.18484539585458,63.18147871545929,,,100.0,,,,,,,,15.758028379387603,,37.9,,,84.2419716206124,,,,,,,5.553858022357017,1.4189693801344287,99.32785660941,0.1493651979088872,99.7,,,,,,,,,,,,,,,,,,,,,,,,,,,,,,,,,,,,,,
GUJARAT,gir somnath,16.2,,,,98.97854954034727,,,77.93667007150154,,,,,47.84459819052688,63.02349336057201,,,100.0,,,,,,,,7.763023493360572,,30.8,,,75.58733401430031,,,,,,,4.22414839633865,3.881511746680286,98.87640449438202,0.4085801838610827,98.2,,,,,,,,,,,,,,,,,,,,,,,,,,,,,,,,,,,,,,
GUJARAT,jamnagar,16.0,,,,96.11801242236024,,,87.88819875776397,,,,,62.60266049739735,45.65217391304348,,,99.9223602484472,,,,,,,,9.239130434782608,,35.3,,,82.7639751552795,,,,,,,5.282119090455856,2.329192546583851,98.91304347826086,0.3105590062111801,99.7,,,,,,,,,,,,,,,,,,,,,,,,,,,,,,,,,,,,,,
GUJARAT,junagadh,16.3,,,,97.990297990298,,,81.28898128898129,,,,,54.14419372592185,47.19334719334719,,,100.0,,,,,,,,5.8212058212058215,,35.0,,,79.41787941787942,,,,,,,5.390337131241195,3.3957033957033955,98.1981981981982,0.1386001386001386,97.0,,,,,,,,,,,,,,,,,,,,,,,,,,,,,,,,,,,,,,
GUJARAT,kachchh,26.6,,,,94.9800796812749,,,90.71713147410358,,,,,61.77521842732328,50.83665338645418,,,99.76095617529882,,,,,,,,9.721115537848606,,24.1,,,68.84462151394423,,,,,,,5.2726590372492295,5.298804780876494,98.04780876494024,0.7171314741035857,96.8,,,,,,,,,,,,,,,,,,,,,,,,,,,,,,,,,,,,,,
GUJARAT,kheda,21.3,,,,97.62746087834428,,,87.78394750126199,,,,,46.39855470897808,57.44573447753661,,,100.0,,,,,,,,4.543160020191822,,24.2,,,66.17869762746088,,,,,,,4.460287215260733,6.309944472488642,99.09136799596163,0.3533568904593639,97.7,,,,,,,,,,,,,,,,,,,,,,,,,,,,,,,,,,,,,,
GUJARAT,mahesana,17.0,,,,98.94736842105264,,,98.69969040247678,,,,,56.084369929691725,69.47368421052632,,,99.93808049535605,,,,,,,,5.820433436532508,,32.6,,,77.02786377708978,,,,,,,5.405276812977366,1.609907120743034,98.82352941176472,0.4334365325077399,97.0,,,,,,,,,,,,,,,,,,,,,,,,,,,,,,,,,,,,,,
GUJARAT,mahisagar,15.0,,,,95.9090909090909,,,62.27272727272727,,,,,37.517184492713774,31.818181818181817,,,100.0,,,,,,,,1.4285714285714286,,33.9,,,59.02597402597402,,,,,,,3.772401796189166,13.376623376623376,98.37662337662336,0.6493506493506493,94.8,,,,,,,,,,,,,,,,,,,,,,,,,,,,,,,,,,,,,,
GUJARAT,morbi,16.6,,,,98.52476290832456,,,91.04320337197048,,,,,52.763408657772935,58.16649104320337,,,99.68387776606956,,,,,,,,3.2665964172813484,,35.4,,,73.55110642781875,,,,,,,4.618527100786696,5.374077976817703,97.47102212855636,0.1053740779768176,98.3,,,,,,,,,,,,,,,,,,,,,,,,,,,,,,,,,,,,,,
GUJARAT,narmada,14.6,,,,98.65621500559912,,,77.15565509518477,,,,,44.767607641859136,28.89137737961926,,,100.0,,,,,,,,2.351623740201568,,22.6,,,64.16573348264278,,,,,,,3.967944682594402,10.526315789473683,98.54423292273236,0.1119820828667413,96.8,,,,,,,,,,,,,,,,,,,,,,,,,,,,,,,,,,,,,,
GUJARAT,navsari,11.9,,,,99.90503323836656,,,90.50332383665716,,,,,66.8,56.60018993352327,,,99.81006647673314,,,,,,,,8.641975308641975,,47.7,,,75.02374169040836,,,,,,,4.510898532835863,9.591642924976258,99.24026590693258,0.2849002849002849,97.4,,,,,,,,,,,,,,,,,,,,,,,,,,,,,,,,,,,,,,
GUJARAT,panch mahals,20.4,,,,93.13142239048136,,,61.65494862087615,,,,,46.762840010428434,40.8869659275284,,,99.89183342347216,,,,,,,,3.893996755002704,,28.4,,,61.60086533261222,,,,,,,3.253559351552182,11.41157382368848,98.64791779340185,0.2163331530557058,91.0,,,,,,,,,,,,,,,,,,,,,,,,,,,,,,,,,,,,,,
GUJARAT,patan,21.2,,,,97.08333333333331,,,97.75,,,,,43.93280864560084,61.16666666666667,,,99.75,,,,,,,,3.083333333333333,,22.6,,,72.91666666666666,,,,,,,4.277135204112834,4.5,98.5,0.6666666666666667,99.4,,,,,,,,,,,,,,,,,,,,,,,,,,,,,,,,,,,,,,
GUJARAT,porbandar,17.9,,,,92.8,,,73.8,,,,,61.458333333333336,51.2,,,100.0,,,,,,,,6.800000000000001,,35.9,,,69.39999999999999,,,,,,,5.5666506256015404,3.6,99.4,0.8,96.2,,,,,,,,,,,,,,,,,,,,,,,,,,,,,,,,,,,,,,
GUJARAT,rajkot,12.5,,,,99.43799175721244,,,82.35294117647058,,,,,64.18201215269725,66.20457100037467,,,99.96253278381415,,,,,,,,11.877107530910454,,42.6,,,85.42525290370926,,,,,,,6.210298405824938,1.6485575121768452,98.76358186586737,0.1498688647433495,99.5,,,,,,,,,,,,,,,,,,,,,,,,,,,,,,,,,,,,,,
GUJARAT,sabar kantha,16.6,,,,98.61671469740634,,,86.57060518731988,,,,,48.11688311688312,52.96829971181556,,,99.88472622478386,,,,,,,,4.034582132564841,,31.1,,,73.48703170028818,,,,,,,4.283387509748304,10.086455331412104,98.38616714697407,0.6340057636887608,90.7,,,,,,,,,,,,,,,,,,,,,,,,,,,,,,,,,,,,,,
GUJARAT,surat,12.1,,,,97.60170006071644,,,94.89981785063752,,,,,70.15098423168092,66.2112932604736,,,100.0,,,,,,,,23.10261080752884,,44.0,,,85.2762598664238,,,,,,,4.571013163112186,3.491196114146934,98.93746205221616,0.2428658166363084,98.9,,,,,,,,,,,,,,,,,,,,,,,,,,,,,,,,,,,,,,
GUJARAT,surendranagar,20.8,,,,97.29344729344729,,,88.67521367521367,,,,,40.332391918314144,62.67806267806267,,,99.71509971509973,,,,,,,,3.774928774928775,,23.3,,,74.85754985754986,,,,,,,4.769872917675996,4.415954415954416,98.64672364672364,1.1396011396011396,96.9,,,,,,,,,,,,,,,,,,,,,,,,,,,,,,,,,,,,,,
GUJARAT,tapi,15.7,,,,98.95337773549,,,82.01712654614653,,,,,55.77000402090873,30.82778306374881,,,99.71455756422456,,,,,,,,3.2350142721217887,,32.5,,,57.84966698382493,,,,,,,4.393472273605459,11.132254995242626,99.52426260704092,0.285442435775452,99.0,,,,,,,,,,,,,,,,,,,,,,,,,,,,,,,,,,,,,,
GUJARAT,the dangs,24.1,,,,97.95081967213116,,,68.64754098360656,,,,,45.90237348858038,26.4344262295082,,,99.79508196721312,,,,,,,,3.0737704918032787,,20.7,,,56.55737704918032,,,,,,,4.3581589958159,7.991803278688526,99.18032786885246,1.024590163934426,91.2,,,,,,,,,,,,,,,,,,,,,,,,,,,,,,,,,,,,,,
GUJARAT,vadodara,19.5,,,,98.81516587677726,,,92.3222748815166,,,,,71.23025370990905,57.156398104265406,,,100.0,,,,,,,,15.545023696682463,,46.4,,,70.4739336492891,,,,,,,4.218536305540884,5.0710900473933656,99.0995260663507,0.0947867298578199,99.5,,,,,,,,,,,,,,,,,,,,,,,,,,,,,,,,,,,,,,
GUJARAT,valsad,15.5,,,,97.92919171676688,,,89.91315965263861,,,,,70.34056734129886,43.75417501670007,,,99.7995991983968,,,,,,,,13.226452905811623,,45.6,,,66.8002672010688,,,,,,,3.914446771974936,10.420841683366731,98.53039412157648,0.7348029392117569,98.0,,,,,,,,,,,,,,,,,,,,,,,,,,,,,,,,,,,,,,
WEST BENGAL,alipurduar,16.9,,,97.2822527832351,,,,29.28535732133933,,,,,51.445600925184586,15.442278860569717,7.446276861569215,,,,,,,,6.346826586706647,2.348825587206397,0.1499250374812593,,32.71999999999999,20.05159683302197,4.036628063560464,,,,,39.295,,7.04647676161919,,,,,,93.50324837581208,3.3983008495752123,6.796601699150425,0.3998000999500249,,,,,,,,,,,,,,,,,,,,,,,,,,,,,,,,,,
WEST BENGAL,bankura,17.9,,,95.0776825903877,,,,53.44659246240968,,,,,32.769648996561926,10.720562390158172,3.495411052528804,,,,,,,,4.198398750244093,3.046280023432923,0.0195274360476469,,27.9,12.341088990165508,3.760695068579238,,,,,20.8,,7.9867213434876,,,,,,72.27104081234134,1.6012497559070495,8.260105448154658,0.4686584651435266,,,,,,,,,,,,,,,,,,,,,,,,,,,,,,,,,,
WEST BENGAL,birbhum,21.3,,,96.17543859649122,,,,50.69529153452061,,,,,34.72375029897154,11.68577701878507,3.610636740668456,,,,,,,,6.123444742620151,3.195901439375457,0.0731885825811173,,25.8,13.891413537431236,2.839473641317636,,,,,28.1,,15.95511100268358,,,,,,80.09270553793608,0.6586972432300561,11.539399853622836,0.5855086606489388,,,,,,,,,,,,,,,,,,,,,,,,,,,,,,,,,,
WEST BENGAL,coochbehar,20.1,,,97.21044409729971,,,,28.19134641225477,,,,,37.79453345900095,11.018543402311206,3.9774254232733135,,,,,,,,5.536146197258801,1.1018543402311207,0.0537489922063961,,26.7,9.846718587231509,3.379349074237052,,,,,25.7,,8.680462241332974,,,,,,98.33378124160171,1.1287288363343186,3.628056973931739,1.4780972856758936,,,,,,,,,,,,,,,,,,,,,,,,,,,,,,,,,,
WEST BENGAL,dakshin dinajpur,28.5,,,97.51062537947784,,,,35.43469303667079,,,,,38.068747924277645,12.443345694272764,4.697156983930779,,,,,,,,11.866501854140916,1.5657189946435928,0.0412031314379892,,30.5,12.578877449352374,3.989466536378542,,,,,28.7,,7.993407498969922,,,,,,88.50432632880099,0.7004532344458179,3.955500618046971,0.9888751545117428,,,,,,,,,,,,,,,,,,,,,,,,,,,,,,,,,,
WEST BENGAL,darjiling,14.7,,,97.47023809523807,,,,93.03849303849304,,,,,51.71239017392863,13.75921375921376,6.552006552006552,,,,,,,,15.06961506961507,2.8665028665028665,0.0819000819000819,,41.3,22.144522144522146,10.346362911155223,,,,,68.8,,0.9009009009009008,,,,,,79.93447993447992,7.207207207207207,9.828009828009828,7.207207207207207,,,,,,,,,,,,,,,,,,,,,,,,,,,,,,,,,,
WEST BENGAL,hooghly,19.8,,,96.18175330082074,,,,80.27181060938186,,,,,45.994823984284864,19.33362560280579,6.181499342393687,,,,,,,,17.14160455940377,5.151249451994739,0.0657606313020605,,37.0,17.18374855788719,3.829258828094684,,,,,54.6,,10.982025427444103,,,,,,71.83252959228409,0.5699254712845244,11.880754055238931,2.213941253836037,,,,,,,,,,,,,,,,,,,,,,,,,,,,,,,,,,
WEST BENGAL,howrah,20.8,,,98.01964759083113,,,,66.38332876336716,,,,,53.35179848036831,20.34548944337812,7.732382780367425,,,,,,,,22.07293666026872,4.688785302988758,0.0822593912805045,,40.1,17.936145525320956,3.388873808623825,,,,,61.9,,14.669591445023306,,,,,,78.80449684672334,0.3016177680285166,8.52755689607897,2.6048807238826432,,,,,,,,,,,,,,,,,,,,,,,,,,,,,,,,,,
WEST BENGAL,jalpaiguri,24.5,,,94.2887029288703,,,,39.68081247733043,,,,,52.684009791085565,17.011244105912223,8.487486398258977,,,,,,,,11.788175553137467,2.684076895175916,0.2538991657598839,,33.9,20.584049638526785,4.227755369227659,,,,,42.7,,8.088501994922016,,,,,,92.78200943054044,5.948494740660138,8.523757707653248,1.8498367791077257,,,,,,,,,,,,,,,,,,,,,,,,,,,,,,,,,,
WEST BENGAL,jhargram,19.5,,,96.91453255168156,,,,61.04319478402608,,,,,41.55539700336357,7.946210268948656,2.078239608801956,,,,,,,,2.526487367563162,2.078239608801956,0.0,,29.55,9.193762103761085,4.528042386648944,,,,,22.125,,4.767726161369193,,,,,,86.14506927465364,4.686226568867156,7.823960880195599,1.263243683781581,,,,,,,,,,,,,,,,,,,,,,,,,,,,,,,,,,
WEST BENGAL,kalimpong,11.2,,,99.4279176201373,,,,74.53531598513011,,,,,49.04593639575972,13.382899628252789,5.5762081784386615,,,,,,,,9.479553903345725,3.903345724907063,0.3717472118959107,,43.5,17.526501766784452,7.443842390446631,,,,,67.65,,2.2304832713754648,,,,,,78.43866171003717,9.107806691449817,27.69516728624536,2.044609665427509,,,,,,,,,,,,,,,,,,,,,,,,,,,,,,,,,,
WEST BENGAL,kolkata,5.0,,,98.15896394108684,,,,95.81911262798634,,,,,69.07621157358828,34.598976109215016,15.699658703071671,,,,,,,,100.0,6.4419795221843,0.2133105802047781,,55.4,40.08005907271384,5.361976664950956,,,,,91.7,,8.575085324232083,,,,,,65.95563139931741,0.2133105802047781,7.2098976109215025,23.33617747440273,,,,,,,,,,,,,,,,,,,,,,,,,,,,,,,,,,
WEST BENGAL,maldah,24.8,,,96.1745615246513,,,,59.15492957746479,,,,,40.189999083605706,10.46277665995976,4.001788508830762,,,,,,,,5.0748938072881735,1.654370668455175,0.0447127207690588,,30.0,10.727922534135688,3.0154313226466383,,,,,29.6,,27.520679633355687,,,,,,83.59043147775542,2.079141515761234,12.854907221104405,1.0283925776883525,,,,,,,,,,,,,,,,,,,,,,,,,,,,,,,,,,
WEST BENGAL,murshidabad,23.1,,,95.593635250918,,,,46.252962085308056,,,,,38.07182307566824,10.826421800947868,4.443127962085308,,,,,,,,8.975118483412322,1.643957345971564,0.0296208530805687,,24.2,10.66393232504486,2.384222603748216,,,,,30.7,,27.295616113744074,,,,,,74.97037914691943,0.5183649289099526,6.38329383886256,2.991706161137441,,,,,,,,,,,,,,,,,,,,,,,,,,,,,,,,,,
WEST BENGAL,nadia,17.4,,,97.0277503873785,,,,51.048171275646745,,,,,43.775526611995495,13.603925066904548,4.594112399643175,,,,,,,,14.652096342551294,3.746654772524532,0.0669045495093666,,28.3,13.2336388486895,3.5090827633448405,,,,,34.2,,14.272970561998216,,,,,,85.88314005352365,0.5129348795718109,7.471008028545942,1.7395182872435324,,,,,,,,,,,,,,,,,,,,,,,,,,,,,,,,,,
WEST BENGAL,north twenty four parganas,16.2,,,97.23160027008778,,,,53.31083252973321,,,,,50.1770062283475,19.977499196399872,7.971713275474124,,,,,,,,32.1279331404693,4.339440694310511,0.1767920282867245,,40.7,22.03774870794919,3.5815845679221616,,,,,58.9,,20.04178720668596,,,,,,81.77434908389586,0.4982320797171327,6.525233044037288,8.759241401478626,,,,,,,,,,,,,,,,,,,,,,,,,,,,,,,,,,
WEST BENGAL,paschim bardhaman,19.4,,,96.39206253758267,,,,73.35692618806875,,,,,55.74103732906246,20.02022244691608,8.948432760364005,,,,,,,,46.76440849342771,5.308392315470172,0.3033367037411527,,37.1,30.92275471233214,3.380414253795521,,,,,56.3,,16.98685540950455,,,,,,81.09201213346815,0.8088978766430739,11.779575328614762,2.426693629929221,,,,,,,,,,,,,,,,,,,,,,,,,,,,,,,,,,
WEST BENGAL,paschim medinipur,18.0,,,97.47574737675708,,,,68.40138010350776,,,,,39.85501017221124,10.207015526164462,2.7314548591144336,,,,,,,,7.1161587119033936,3.133985048878666,0.1150086256469235,,26.2,11.043296369523482,3.893865145672665,,,,,17.5,,7.633697527314548,,,,,,83.28062104657849,5.333525014376078,10.020126509488213,1.1357101782633696,,,,,,,,,,,,,,,,,,,,,,,,,,,,,,,,,,
WEST BENGAL,purba bardhaman,22.1,,,95.75454869782376,,,,73.50952673632453,,,,,40.10014457491449,14.21839786928908,4.7326367547633685,,,,,,,,7.90821552960459,4.240934234787954,0.0409752099979512,,27.3,14.221234881342784,3.466777177141936,,,,,32.1,,14.0340094242983,,,,,,75.2919483712354,1.4955951649252204,8.113091579594345,0.9014546199549271,,,,,,,,,,,,,,,,,,,,,,,,,,,,,,,,,,
WEST BENGAL,purba medinipur,20.0,,,97.07843759923786,,,,55.039807721195736,,,,,41.70267461576328,11.837163887637074,3.6352711431575786,,,,,,,,5.422863151569776,1.757548445245606,0.0300435631665915,,30.9,10.846141224087951,3.774515875965152,,,,,17.0,,9.88433228180862,,,,,,80.72705422863152,1.3970256872465074,18.957488358119274,2.5537028691602823,,,,,,,,,,,,,,,,,,,,,,,,,,,,,,,,,,
WEST BENGAL,puruliya,17.6,,,95.00569383439075,,,,53.476611883691525,,,,,29.77118181366953,9.355246523388116,3.2659081331647704,,,,,,,,4.003371260008428,1.980615254951538,0.0421407501053518,,26.9,12.637117188663323,3.088088778528839,,,,,23.2,,15.423514538558786,,,,,,76.82258744205647,0.1896333754740834,5.035819637589549,0.9060261272650654,,,,,,,,,,,,,,,,,,,,,,,,,,,,,,,,,,
WEST BENGAL,siliguri,15.8,,,95.58769002595476,,,,46.63023679417122,,,,,61.299492385786806,21.493624772313296,11.74863387978142,,,,,,,,16.302367941712205,2.185792349726776,0.273224043715847,,32.71999999999999,38.20304568527919,4.39075489780908,,,,,39.295,,9.47176684881603,,,,,,90.7103825136612,2.550091074681238,6.648451730418943,5.555555555555555,,,,,,,,,,,,,,,,,,,,,,,,,,,,,,,,,,
WEST BENGAL,south twenty four parganas,20.7,,,95.94279746123564,,,,37.56898454746137,,,,,47.39439236899698,14.914459161147905,4.663355408388521,,,,,,,,4.815121412803532,3.945916114790287,0.0275938189845474,,34.9,14.679770409216667,2.983866396910786,,,,,36.2,,20.12969094922737,,,,,,88.27262693156733,0.8140176600441501,4.870309050772627,0.9657836644591612,,,,,,,,,,,,,,,,,,,,,,,,,,,,,,,,,,
WEST BENGAL,uttar dinajpur,26.8,,,94.4510739856802,,,,33.32331730769231,,,,,42.03850171616177,10.63701923076923,3.756009615384616,,,,,,,,5.769230769230769,1.5024038461538465,0.0600961538461538,,29.3,11.306770133810874,2.632268100362177,,,,,27.2,,24.69951923076924,,,,,,91.6466346153846,0.7512019230769231,4.056490384615385,2.013221153846154,,,,,,,,,,,,,,,,,,,,,,,,,,,,,,,,,,
ARUNACHAL PRADESH,anjaw,23.2,,,,54.285714285714285,,,,,,,,,11.428571428571429,11.428571428571429,,,,100.0,,,,7.142857142857142,,,,,11.84971098265896,,27.142857142857142,,,,,27.74566473988439,,,,,,,,,,,1.4285714285714286,44.285714285714285,52.85714285714286,1.4285714285714286,8.571428571428571,,,,,,,,,,,,,,,,,,,,,,,,,,,,,
ARUNACHAL PRADESH,capital complex itanagar,3.5,,,,93.82022471910112,,,,,,,,,43.25842696629213,34.831460674157306,,,,98.31460674157304,,,,62.92134831460674,,,,,39.86197831087742,,60.1123595505618,,,,,73.41439369043708,,,,,,,,,,,0.5617977528089888,74.15730337078652,47.19101123595505,0.0,28.08988764044944,,,,,,,,,,,,,,,,,,,,,,,,,,,,,
ARUNACHAL PRADESH,changlang,20.4,,,,82.26299694189603,,,,,,,,,17.431192660550458,13.149847094801222,,,,96.94189602446484,,,,7.339449541284404,,,,,24.95876855415063,,37.61467889908257,,,,,36.61352391423859,,,,,,,,,,,0.6116207951070336,63.608562691131496,29.05198776758409,0.0,11.62079510703364,,,,,,,,,,,,,,,,,,,,,,,,,,,,,
ARUNACHAL PRADESH,dibang valley,10.5,,,,95.0,,,,,,,,,30.0,25.0,,,,95.0,,,,0.0,,,,,28.47682119205298,,45.0,,,,,49.66887417218543,,,,,,,,,,,0.0,55.00000000000001,70.0,0.0,15.0,,,,,,,,,,,,,,,,,,,,,,,,,,,,,
ARUNACHAL PRADESH,east kameng,29.3,,,,58.8957055214724,,,,,,,,,12.883435582822086,16.56441717791411,,,,93.86503067484662,,,,18.404907975460123,,,,,27.42805755395684,,28.22085889570552,,,,,33.00359712230216,,,,,,,,,,,0.0,36.809815950920246,22.085889570552148,0.6134969325153374,11.042944785276074,,,,,,,,,,,,,,,,,,,,,,,,,,,,,
ARUNACHAL PRADESH,east siang,11.8,,,,93.7888198757764,,,,,,,,,19.25465838509317,21.73913043478261,,,,98.13664596273291,,,,18.633540372670808,,,,,19.741796664873583,,27.32919254658385,,,,,64.228079612695,,,,,,,,,,,0.6211180124223602,44.099378881987576,48.4472049689441,0.0,21.11801242236025,,,,,,,,,,,,,,,,,,,,,,,,,,,,,
ARUNACHAL PRADESH,kamle,21.6,,,,77.02702702702703,,,,,,,,,13.513513513513514,5.405405405405405,,,,82.43243243243244,,,,0.0,,,,,18.712273641851105,,18.91891891891892,,,,,38.22937625754527,,,,,,,,,,,2.702702702702702,20.27027027027027,32.432432432432435,0.0,10.81081081081081,,,,,,,,,,,,,,,,,,,,,,,,,,,,,
ARUNACHAL PRADESH,kra dadi,33.7,,,,30.07518796992481,,,,,,,,,6.7669172932330826,5.263157894736842,,,,80.45112781954887,,,,0.0,,,,,5.094614264919942,,18.79699248120301,,,,,18.48617176128093,,,,,,,,,,,0.0,13.533834586466163,3.7593984962406015,0.0,7.518796992481203,,,,,,,,,,,,,,,,,,,,,,,,,,,,,
ARUNACHAL PRADESH,kurung kumey,32.3,,,,41.41414141414141,,,,,,,,,18.181818181818183,16.161616161616163,,,,87.87878787878788,,,,0.0,,,,,17.349726775956285,,33.33333333333333,,,,,19.808743169398905,,,,,,,,,,,6.0606060606060606,25.252525252525253,12.12121212121212,2.0202020202020203,14.14141414141414,,,,,,,,,,,,,,,,,,,,,,,,,,,,,
ARUNACHAL PRADESH,lepa rada,14.3,,,,76.78571428571429,,,,,,,,,17.857142857142858,17.857142857142858,,,,94.64285714285714,,,,28.57142857142857,,,,,32.41379310344827,,23.214285714285715,,,,,43.44827586206896,,,,,,,,,,,5.357142857142857,69.64285714285714,17.857142857142858,1.7857142857142856,14.285714285714285,,,,,,,,,,,,,,,,,,,,,,,,,,,,,
ARUNACHAL PRADESH,lohit,29.8,,,,91.50943396226415,,,,,,,,,25.471698113207548,17.92452830188679,,,,100.0,,,,26.41509433962264,,,,,19.505494505494507,,39.62264150943396,,,,,42.85714285714285,,,,,,,,,,,0.0,33.9622641509434,24.52830188679245,0.0,15.09433962264151,,,,,,,,,,,,,,,,,,,,,,,,,,,,,
ARUNACHAL PRADESH,longding,11.1,,,,77.57009345794393,,,,,,,,,15.887850467289718,11.214953271028037,,,,95.32710280373831,,,,0.0,,,,,25.853658536585368,,28.03738317757009,,,,,45.040650406504064,,,,,,,,,,,0.0,21.49532710280374,28.971962616822427,0.0,14.95327102803738,,,,,,,,,,,,,,,,,,,,,,,,,,,,,
ARUNACHAL PRADESH,lower dibang valley,17.6,,,,90.0,,,,,,,,,27.0,25.0,,,,99.0,,,,8.0,,,,,28.024819027921406,,31.0,,,,,47.77662874870735,,,,,,,,,,,1.0,52.0,36.0,0.0,22.0,,,,,,,,,,,,,,,,,,,,,,,,,,,,,
ARUNACHAL PRADESH,lower siang,17.1,,,,70.12987012987013,,,,,,,,,15.584415584415584,14.285714285714285,,,,94.8051948051948,,,,0.0,,,,,12.0,,24.67532467532468,,,,,54.36363636363636,,,,,,,,,,,0.0,42.85714285714285,12.987012987012983,0.0,15.584415584415584,,,,,,,,,,,,,,,,,,,,,,,,,,,,,
ARUNACHAL PRADESH,lower subansiri,18.1,,,,87.3015873015873,,,,,,,,,34.12698412698413,26.984126984126984,,,,92.06349206349206,,,,15.07936507936508,,,,,28.10693641618497,,41.26984126984127,,,,,43.71387283236994,,,,,,,,,,,3.968253968253968,61.11111111111112,53.17460317460318,0.7936507936507936,23.015873015873016,,,,,,,,,,,,,,,,,,,,,,,,,,,,,
ARUNACHAL PRADESH,namsai,29.5,,,,100.0,,,,,,,,,14.832535885167465,11.961722488038278,,,,97.60765550239236,,,,6.220095693779904,,,,,20.930232558139537,,21.5311004784689,,,,,46.2015503875969,,,,,,,,,,,0.0,34.44976076555024,19.138755980861244,0.0,12.91866028708134,,,,,,,,,,,,,,,,,,,,,,,,,,,,,
ARUNACHAL PRADESH,pakke kessang,37.0,,,,82.05128205128204,,,,,,,,,7.6923076923076925,10.256410256410255,,,,89.74358974358975,,,,0.0,,,,,18.181818181818183,,25.64102564102564,,,,,42.10526315789473,,,,,,,,,,,0.0,58.97435897435898,25.64102564102564,0.0,15.384615384615383,,,,,,,,,,,,,,,,,,,,,,,,,,,,,
ARUNACHAL PRADESH,papum pare,17.5,,,,78.49462365591397,,,,,,,,,15.591397849462366,42.473118279569896,,,,87.09677419354838,,,,0.0,,,,,19.058963668850502,,32.25806451612903,,,,,49.31506849315068,,,,,,,,,,,1.6129032258064515,48.38709677419355,15.591397849462366,0.5376344086021506,15.591397849462366,,,,,,,,,,,,,,,,,,,,,,,,,,,,,
ARUNACHAL PRADESH,shi yomi,43.8,,,,27.27272727272727,,,,,,,,,3.0303030303030303,3.0303030303030303,,,,63.63636363636363,,,,0.0,,,,,10.76923076923077,,27.27272727272727,,,,,29.23076923076924,,,,,,,,,,,3.0303030303030303,24.24242424242424,15.151515151515152,6.0606060606060606,9.090909090909092,,,,,,,,,,,,,,,,,,,,,,,,,,,,,
ARUNACHAL PRADESH,siang,24.3,,,,74.07407407407408,,,,,,,,,13.580246913580249,13.580246913580249,,,,97.53086419753086,,,,0.0,,,,,11.078286558345644,,19.753086419753085,,,,,48.005908419497786,,,,,,,,,,,0.0,24.69135802469136,17.28395061728395,0.0,18.51851851851852,,,,,,,,,,,,,,,,,,,,,,,,,,,,,
ARUNACHAL PRADESH,tawang,10.4,,,,77.39130434782608,,,,,,,,,14.782608695652174,32.17391304347826,,,,95.65217391304348,,,,10.434782608695652,,,,,15.23809523809524,,34.78260869565217,,,,,36.30952380952381,,,,,,,,,,,0.0,76.52173913043478,79.13043478260869,0.0,15.65217391304348,,,,,,,,,,,,,,,,,,,,,,,,,,,,,
ARUNACHAL PRADESH,tirap,20.2,,,,97.87234042553192,,,,,,,,,21.27659574468085,21.27659574468085,,,,97.87234042553192,,,,21.27659574468085,,,,,28.604923798358733,,29.07801418439716,,,,,51.34818288393904,,,,,,,,,,,2.127659574468085,41.13475177304964,27.659574468085108,0.0,14.184397163120568,,,,,,,,,,,,,,,,,,,,,,,,,,,,,
ARUNACHAL PRADESH,upper siang,33.1,,,,87.12871287128714,,,,,,,,,16.831683168316832,13.861386138613865,,,,94.05940594059405,,,,0.0,,,,,12.78600269179004,,28.71287128712871,,,,,52.62449528936743,,,,,,,,,,,0.0,34.65346534653465,8.91089108910891,0.0,13.861386138613865,,,,,,,,,,,,,,,,,,,,,,,,,,,,,
ARUNACHAL PRADESH,upper subansiri,19.2,,,,72.95081967213115,,,,,,,,,30.327868852459016,6.147540983606557,,,,64.34426229508196,,,,10.245901639344265,,,,,19.61678832116788,,29.098360655737704,,,,,38.86861313868613,,,,,,,,,,,1.639344262295082,22.540983606557376,15.983606557377051,0.0,8.60655737704918,,,,,,,,,,,,,,,,,,,,,,,,,,,,,
ARUNACHAL PRADESH,west kameng,29.6,,,,93.82716049382717,,,,,,,,,32.71604938271605,28.39506172839506,,,,97.53086419753086,,,,8.641975308641975,,,,,31.86306780776827,,48.14814814814815,,,,,34.89137590520079,,,,,,,,,,,2.469135802469136,71.60493827160494,70.37037037037037,0.6172839506172839,17.901234567901234,,,,,,,,,,,,,,,,,,,,,,,,,,,,,
ARUNACHAL PRADESH,west siang,11.9,,,,81.81818181818183,,,,,,,,,22.31404958677686,23.1404958677686,,,,95.86776859504133,,,,17.355371900826448,,,,,16.498625114573787,,30.57851239669421,,,,,53.803849679193405,,,,,,,,,,,0.8264462809917356,52.89256198347108,19.00826446280992,0.0,19.00826446280992,,,,,,,,,,,,,,,,,,,,,,,,,,,,,
KARNATAKA,bagalkot,16.3,,,,96.76458067262664,,,,77.69263516389954,,,97.0200085142614,48.70945479641132,24.010217113665387,19.880800340570456,,,14.72967220093657,83.3546189868029,,,,,,12.60110685398042,51.3,37.7,36.92891649413389,3.401568148739378,,,,,,,,,8.98254576415496,99.659429544487,,,,,,,,,97.36057896977437,,,4.682843763303533,85.97054589746429,,,,,,,,,,,,,,,,,,,,,,,,,,,
KARNATAKA,ballari,24.3,,,,99.1044776119403,,,,64.55223880597015,,,91.94029850746269,59.799861973775016,34.85074626865672,25.44776119402985,,,25.0,83.73134328358209,,,,,,26.268656716417908,64.1,39.9,44.81251437773177,2.768304914744233,,,,,,,,,10.223880597014926,98.73134328358208,,,,,,,,,96.04477611940298,,,2.6119402985074625,86.01355034654623,,,,,,,,,,,,,,,,,,,,,,,,,,,
KARNATAKA,belagavi,22.2,,,,100.0,,,,69.56151553852703,,,100.0,54.561089215335,21.92422307364836,14.431673052362706,,,19.24223073648361,83.5249042145594,,,,,,14.091102596849725,67.7,47.8,33.71551415263346,3.2563294831408243,,,,,,,,,12.132822477650064,99.87228607918264,,,,,,,,,100.0,,,0.0,85.0605423227787,,,,,,,,,,,,,,,,,,,,,,,,,,,
KARNATAKA,belagavi chikkodi,22.4,,,,100.0,,,,95.0945815966656,,,99.29464571978198,47.63537067162445,20.67970503366464,16.094902212247515,,,20.90413594100673,84.70663674254568,,,,,,10.067329272202628,75.10645161290323,48.56774193548387,31.0248663722984,3.06752402406684,,,,,,,,,9.554344341134978,99.74350753446618,,,,,,,,,99.90381532542482,,,1.1862776530939405,87.26509920461498,,,,,,,,,,,,,,,,,,,,,,,,,,,
KARNATAKA,bengaluru rural,14.8,,,,97.30263157894736,,,,76.11842105263158,,,97.30263157894736,67.1989434505943,28.55263157894737,21.11842105263158,,,13.157894736842104,88.75,,,,,,17.5,88.8,56.3,54.29223196061952,4.479956109446689,,,,,,,,,5.460526315789474,100.0,,,,,,,,,99.9342105263158,,,2.0394736842105265,92.34942528735633,,,,,,,,,,,,,,,,,,,,,,,,,,,
KARNATAKA,bengaluru u north,7.3,,,,99.67910148415564,,,,72.3225030084236,,,91.9775371038909,83.80307921529675,65.26273565984756,43.64219815483354,,,23.86682711592459,96.911351784998,,,,,,63.979141596470114,90.4,70.1,69.64241370747455,3.823185956650939,,,,,,,,,4.973926995587646,99.63898916967509,,,,,,,,,95.98876855194544,,,1.5643802647412757,98.37101337801828,,,,,,,,,,,,,,,,,,,,,,,,,,,
KARNATAKA,bengaluru u south,12.5,,,,90.61985737794843,,,,72.10641799232035,,,90.09873834339,85.52944568586463,63.35710367526056,46.79100383982446,,,19.22654964344487,96.35216675809106,,,,,,61.19034558420186,90.4,70.1,73.60160023066388,4.11911373584732,,,,,,,,,3.538123971475589,99.69829950630827,,,,,,,,,96.65386725178276,,,2.523313219967087,98.45380156836003,,,,,,,,,,,,,,,,,,,,,,,,,,,
KARNATAKA,bidar,29.2,,,,84.97807017543859,,,,62.02485380116959,,,88.30409356725146,53.24767014967523,16.48391812865497,11.074561403508772,,,17.470760233918128,89.25438596491229,,,,,,14.72953216374269,56.5,45.0,27.118045749788195,4.165429056249761,,,,,,,,,13.304093567251464,98.46491228070175,,,,,,,,,84.64912280701753,,,7.638888888888889,89.13152610441767,,,,,,,,,,,,,,,,,,,,,,,,,,,
KARNATAKA,chamarajanagara,23.2,,,,95.03849443969204,,,,68.43455945252353,,,95.38066723695466,52.57286793810724,28.058169375534646,19.24721984602224,,,12.489307100085544,94.78186484174508,,,,,,11.120615911035072,75.2,41.7,36.72184238934869,4.328491881157276,,,,,,,,,6.757912745936697,99.8289136013687,,,,,,,,,99.14456800684346,,,4.875962360992301,76.8697660987583,,,,,,,,,,,,,,,,,,,,,,,,,,,
KARNATAKA,chikkaballapura,15.8,,,,99.48717948717947,,,,62.61538461538462,,,99.12820512820512,54.62874821513565,21.17948717948718,10.564102564102564,,,14.358974358974358,69.74358974358974,,,,,,11.948717948717947,84.9,48.0,36.41123274631128,4.36326632330952,,,,,,,,,12.35897435897436,99.7948717948718,,,,,,,,,99.48717948717947,,,0.9743589743589745,83.0102622576967,,,,,,,,,,,,,,,,,,,,,,,,,,,
KARNATAKA,chikkamangaluru,19.6,,,,99.89136338946226,,,,82.29223248234655,,,99.83704508419338,55.21723432422674,22.81368821292776,22.75936990765888,,,17.762085822922323,99.45681694731124,,,,,,11.89570885388376,92.3,48.3,38.68094836923818,5.199038906756435,,,,,,,,,5.866376969038567,99.83704508419338,,,,,,,,,100.0,,,0.1629549158066268,82.70847105486826,,,,,,,,,,,,,,,,,,,,,,,,,,,
KARNATAKA,chitradurga,24.3,,,,97.93984342810052,,,,67.11990111248454,,,95.92088998763906,50.19991492981711,18.78862793572312,16.481252575195715,,,14.421096003296247,91.63576431808818,,,,,,10.053564070869388,63.1,48.3,34.94683113568694,4.233625539332561,,,,,,,,,9.682735887927482,99.958796868562,,,,,,,,,99.71157807993409,,,3.5022661722290898,79.69608332738817,,,,,,,,,,,,,,,,,,,,,,,,,,,
KARNATAKA,dakshina kannada,1.2,,,,99.8959958398336,,,,95.00780031201248,,,95.16380655226207,80.57157182251191,40.19760790431617,29.32917316692668,,,46.95787831513261,100.0,,,,,,26.937077483099326,97.1,62.8,62.86663324141388,3.801255967752695,,,,,,,,,6.604264170566824,99.9479979199168,,,,,,,,,100.0,,,2.49609984399376,88.75667517993963,,,,,,,,,,,,,,,,,,,,,,,,,,,
KARNATAKA,davanagere,11.8,,,,99.95260663507108,,,,84.69194312796209,,,98.34123222748816,54.20632483880872,27.20379146919431,17.77251184834123,,,18.246445497630333,94.45497630331754,,,,,,19.47867298578199,83.3,47.1,41.18053423395763,4.317223827576151,,,,,,,,,6.350710900473934,100.0,,,,,,,,,100.0,,,2.085308056872038,87.40523666942728,,,,,,,,,,,,,,,,,,,,,,,,,,,
KARNATAKA,dharwad,12.8,,,,94.4377990430622,,,,76.85406698564593,,,90.3708133971292,66.90108546093869,28.289473684210524,28.11004784688995,,,15.789473684210526,85.94497607655502,,,,,,21.770334928229666,79.3,51.4,42.63109616266626,3.381069422799087,,,,,,,,,7.177033492822966,99.52153110047848,,,,,,,,,95.63397129186605,,,5.62200956937799,88.21617487731821,,,,,,,,,,,,,,,,,,,,,,,,,,,
KARNATAKA,gadag,20.7,,,,99.25124792013312,,,,83.27787021630616,,,95.00831946755407,50.94594594594595,25.9567387687188,24.875207986688853,,,16.306156405990016,88.10316139767055,,,,,,13.810316139767052,55.2,45.1,37.93243243243244,3.614834499198875,,,,,,,,,9.900166389351082,99.91680532445923,,,,,,,,,99.91680532445923,,,2.7454242928452577,87.6224213377787,,,,,,,,,,,,,,,,,,,,,,,,,,,
KARNATAKA,hassan,15.8,,,,98.2107355864811,,,,64.64546056991385,,,98.74088800530151,57.98882681564245,19.118621603711063,11.43141153081511,,,9.940357852882704,99.5692511597084,,,,,,11.696487740225315,87.9,51.3,41.300877893056665,5.236674273009187,,,,,,,,,12.756792577866136,99.93373094764743,,,,,,,,,100.0,,,1.0603048376408215,78.00429184549357,,,,,,,,,,,,,,,,,,,,,,,,,,,
KARNATAKA,haveri,24.3,,,,99.04522613065326,,,,79.04522613065326,,,95.7286432160804,49.17215595513619,20.95477386934673,24.77386934673367,,,19.195979899497488,79.24623115577889,,,,,,11.608040201005023,68.9,40.0,34.5825173580203,3.730627073446928,,,,,,,,,12.361809045226131,99.59798994974877,,,,,,,,,98.34170854271356,,,5.025125628140704,83.81824844265299,,,,,,,,,,,,,,,,,,,,,,,,,,,
KARNATAKA,kalburgi,30.0,,,,92.48494370253994,,,,64.28384393820372,,,86.12202147158942,57.58793969849246,21.445404556166537,15.684734223618747,,,19.062581827703585,71.66797590992407,,,,,,16.967792615868028,36.5,42.0,32.91959798994975,3.526268038898812,,,,,,,,,13.956533123854411,99.65959675307673,,,,,,,,,93.87274155538098,,,6.284367635506677,85.96610862968393,,,,,,,,,,,,,,,,,,,,,,,,,,,
KARNATAKA,kodagu,14.2,,,,100.0,,,,96.55172413793105,,,99.52978056426332,78.03496675695641,39.49843260188088,26.17554858934169,,,44.98432601880878,99.21630094043888,,,,,,21.473354231974923,93.9,58.9,53.04112287613888,4.812694800962302,,,,,,,,,3.918495297805643,99.84326018808778,,,,,,,,,100.0,,,0.6269592476489028,87.15397923875432,,,,,,,,,,,,,,,,,,,,,,,,,,,
KARNATAKA,kolar,22.1,,,,99.59266802443992,,,,45.78411405295316,,,98.45213849287168,64.75482386263054,20.04073319755601,14.419551934826885,,,12.912423625254585,78.32993890020367,,,,,,16.0081466395112,89.2,55.0,40.3611258629846,4.903241486162165,,,,,,,,,7.494908350305499,99.83706720977597,,,,,,,,,99.63340122199594,,,0.3258655804480652,85.4362965997542,,,,,,,,,,,,,,,,,,,,,,,,,,,
KARNATAKA,koppal,25.7,,,,85.40278619018777,,,,68.50393700787401,,,91.52029073288917,47.11581291759466,21.25984251968504,23.682616596002426,,,20.109024833434283,61.35675348273774,,,,,,12.537855844942458,58.8,34.4,35.779510022271715,2.862826610897869,,,,,,,,,8.600847970926711,98.90975166565715,,,,,,,,,93.82192610539067,,,6.1175045427013925,84.23291060934118,,,,,,,,,,,,,,,,,,,,,,,,,,,
KARNATAKA,mandya,20.7,,,,99.61290322580643,,,,78.10752688172043,,,97.9784946236559,59.47066026184421,21.376344086021508,12.86021505376344,,,13.978494623655912,94.1505376344086,,,,,,11.35483870967742,86.7,52.5,46.06762739003485,4.750293062254476,,,,,,,,,6.236559139784946,99.56989247311829,,,,,,,,,99.91397849462366,,,0.5161290322580645,80.83012114537445,,,,,,,,,,,,,,,,,,,,,,,,,,,
KARNATAKA,mysuru,11.5,,,,100.0,,,,93.6835522201376,,,99.40587867417136,65.69421681105128,34.08380237648531,23.577235772357724,,,12.53908692933083,97.87367104440276,,,,,,19.606003752345217,86.4,49.6,52.3296651837977,4.303933700677585,,,,,,,,,3.0644152595372107,99.74984365228268,,,,,,,,,99.93746091307068,,,0.2501563477173233,85.68325186949075,,,,,,,,,,,,,,,,,,,,,,,,,,,
KARNATAKA,raichur,29.5,,,,97.10727199678584,,,,56.40819606267578,,,97.91080755323424,52.39662447257384,20.972278023302533,21.01245480112495,,,20.289272800321413,64.64443551627159,,,,,,15.829650462032946,53.0,31.7,30.75949367088608,2.7717871828818166,,,,,,,,,6.78987545198875,99.83929288871032,,,,,,,,,92.84853354760948,,,1.888308557653676,87.30841624092498,,,,,,,,,,,,,,,,,,,,,,,,,,,
KARNATAKA,ramanagara,24.7,,,,99.93997599039616,,,,54.44177671068427,,,100.0,62.21864951768489,23.4093637454982,15.426170468187276,,,10.084033613445378,88.95558223289316,,,,,,15.186074429771908,89.6,54.5,46.94533762057878,4.577262205809551,,,,,,,,,8.94357743097239,99.93997599039616,,,,,,,,,100.0,,,0.0,84.453915823122,,,,,,,,,,,,,,,,,,,,,,,,,,,
KARNATAKA,shivamogga,12.9,,,,92.4859813084112,,,,83.88785046728971,,,99.66355140186916,59.2203671526781,20.71028037383177,18.35514018691589,,,36.03738317757009,97.68224299065422,,,,,,11.401869158878505,85.4,49.1,40.45478582760445,4.572666254434661,,,,,,,,,7.252336448598131,99.85046728971965,,,,,,,,,99.81308411214953,,,0.3364485981308411,87.26110618908999,,,,,,,,,,,,,,,,,,,,,,,,,,,
KARNATAKA,tumakuru,19.4,,,,99.72154542290288,,,,56.28263139575357,,,98.95579533588584,60.26462160795551,20.640445527323354,10.476853463278802,,,10.093978419770275,87.08666898712147,,,,,,11.625478593804385,86.1,58.9,37.38412270352267,4.619942922329984,,,,,,,,,11.381830838844412,99.68673860076576,,,,,,,,,99.79115906717718,,,2.1580229725026103,81.46929824561403,,,,,,,,,,,,,,,,,,,,,,,,,,,
KARNATAKA,tumakuru madhugiri,27.3,,,,99.82025164769324,,,,62.43259436788497,,,98.50209706411025,48.62385321100918,16.65668064709407,13.061713600958658,,,8.747753145596166,80.407429598562,,,,,,10.12582384661474,75.10645161290323,48.56774193548387,36.23853211009174,4.64066757493188,,,,,,,,,9.167165967645296,99.9400838825644,,,,,,,,,100.0,,,3.41521869382864,79.35918272579522,,,,,,,,,,,,,,,,,,,,,,,,,,,
KARNATAKA,udupi,1.4,,,,99.9099909990999,,,,95.76957695769576,,,97.11971197119712,73.45155161494617,35.103510351035105,22.77227722772277,,,79.74797479747974,99.9099909990999,,,,,,19.53195319531953,94.5,55.4,60.189993666877776,3.866193941412104,,,,,,,,,9.9009900990099,100.0,,,,,,,,,100.0,,,0.7200720072007201,87.3296259949842,,,,,,,,,,,,,,,,,,,,,,,,,,,
KARNATAKA,uttara kannada,12.5,,,,98.7086359967716,,,,66.82808716707022,,,97.90153349475383,68.12819158302517,18.48264729620662,13.720742534301856,,,67.71589991928974,98.30508474576273,,,,,,10.49233252623083,89.6,49.2,38.10530022891354,4.87518027607994,,,,,,,,,11.138014527845035,99.91928974979822,,,,,,,,,100.0,,,1.6142050040355125,82.57530120481927,,,,,,,,,,,,,,,,,,,,,,,,,,,
KARNATAKA,uttara kannada sirsi,17.2,,,,82.78388278388277,,,,96.33699633699634,,,94.5054945054945,60.42259244209672,12.673992673992672,13.186813186813188,,,48.13186813186813,97.5091575091575,,,,,,5.86080586080586,75.10645161290323,48.56774193548387,34.681023973994314,4.066659506085117,,,,,,,,,15.091575091575091,99.85347985347984,,,,,,,,,99.92673992673993,,,3.223443223443224,76.45565603680787,,,,,,,,,,,,,,,,,,,,,,,,,,,
KARNATAKA,vijayanagara,23.7,,,,97.1990464839094,,,,59.71394517282479,,,94.10011918951132,48.94966722129784,24.016686531585226,20.262216924910607,,,20.61978545887962,81.46603098927294,,,,,,15.315852205005958,59.03333333333334,42.6,32.97628951747088,3.427687416009896,,,,,,,,,8.99880810488677,99.10607866507746,,,,,,,,,94.81525625744936,,,4.767580452920143,83.16167290886392,,,,,,,,,,,,,,,,,,,,,,,,,,,
KARNATAKA,vijayapura,21.8,,,,97.88255223037832,,,,85.20609824957651,,,96.386222473179,45.8128078817734,21.56973461321288,14.14455110107284,,,24.647092038396387,75.01411631846415,,,,,,13.043478260869565,44.8,37.1,30.55213464696223,3.442927053336396,,,,,,,,,8.977978543195935,99.04009034443816,,,,,,,,,96.41445511010728,,,2.6538678712591754,89.0995260663507,,,,,,,,,,,,,,,,,,,,,,,,,,,
KARNATAKA,yadagiri,37.4,,,,84.30521091811414,,,,56.637717121588096,,,88.95781637717121,45.412154031287606,16.687344913151364,15.32258064516129,,,21.21588089330025,85.42183622828784,,,,,,14.01985111662531,37.4,26.4,31.904332129963898,2.579803953526276,,,,,,,,,17.679900744416873,99.13151364764268,,,,,,,,,78.84615384615384,,,5.272952853598015,84.72981449950713,,,,,,,,,,,,,,,,,,,,,,,,,,,
KERALA,alappuzha,4.8,,,96.5213209361975,,,,,,,,,86.53710925014383,,,,99.47423764458463,,,,,,,,,,78.8,,5.071848210927672,,8.320817062180835,3.8126091789741134,,,,,1.8276550767115824,,,,,,,,,0.5257623554153523,,,,,,,29.96845425867508,38.69610935856993,3.8,4.343639358294318,,,,,,,,,,,,,,,,,,,,,,,
KERALA,ernakulam,2.6,,,98.78755930416447,,,,,,,,,89.65379154683461,,,,99.84859954579863,,,,,,,,,,83.8,,4.941827517284433,,10.857664233576642,4.369091467699729,,,,,2.967903038066231,,,,,,,,,0.3785011355034065,,,,,,,37.69871309613929,28.76608629825889,2.9,4.155999762524579,,,,,,,,,,,,,,,,,,,,,,,
KERALA,idukki,6.8,,,95.64432989690722,,,,,,,,,79.18820811791882,,,,98.97435897435898,,,,,,,,,,73.2,,5.545592074762706,,8.782651552488911,4.674554804304352,,,,,2.520557304248103,,,,,,,,,0.8547008547008548,,,,,,,43.41880341880342,34.7008547008547,7.1,4.788570870848888,,,,,,,,,,,,,,,,,,,,,,,
KERALA,kannur,4.9,,,97.28703201302224,,,,,,,,,77.73510147974449,,,,99.93519118600128,,,,,,,,,,74.1,,5.026377610326692,,5.790767549849768,3.644225816626805,,,,,1.8960177530665496,,,,,,,,,0.5832793259883344,,,,,,,25.14581983149709,14.128321451717436,5.4,4.270612334479479,,,,,,,,,,,,,,,,,,,,,,,
KERALA,kasaragod,10.0,,,96.80851063829788,,,,,,,,,77.06800117750957,,,,99.4277539341917,,,,,,,,,,68.3,,4.707545306832316,,4.787191246278864,2.875717068946856,,,,,1.603018261312417,,,,,,,,,0.8583690987124464,,,,,,,30.042918454935624,35.7653791130186,4.7,3.957483812183216,,,,,,,,,,,,,,,,,,,,,,,
KERALA,kollam,4.9,,,97.18797617398532,,,,,,,,,84.40514469453376,,,,100.0,,,,,,,,,,80.6,,4.8769593016487,,6.963613550815559,3.1343457671402244,,,,,1.7777165300075797,,,,,,,,,0.6728343145500421,,,,,,,53.40622371740958,9.503784693019345,1.8,4.336183730638642,,,,,,,,,,,,,,,,,,,,,,,
KERALA,kottayam,0.2,,,98.04957845727948,,,,,,,,,83.70533064228897,,,,99.82030548068283,,,,,,,,,,85.8,,5.918165881489132,,8.119402985074627,5.474406904507108,,,,,2.817505067644713,,,,,,,,,0.2695417789757413,,,,,,,48.24797843665768,12.398921832884096,1.6,4.964359614823871,,,,,,,,,,,,,,,,,,,,,,,
KERALA,kozhikode,4.4,,,97.03096005469284,,,,,,,,,73.68862624936165,,,,99.80263157894736,,,,,,,,,,84.3,,4.652575769404401,,5.541825493235035,2.935691050129285,,,,,1.6089012290783438,,,,,,,,,1.25,,,,,,,33.026315789473685,12.5,4.2,3.897512312846432,,,,,,,,,,,,,,,,,,,,,,,
KERALA,malappuram,6.6,,,97.31687684464715,,,,,,,,,72.41112123974476,,,,99.67141292442496,,,,,,,,,,69.5,,3.970623898305698,,5.510039714499959,2.407937832462847,,,,,1.2110945819262413,,,,,,,,,1.095290251916758,,,,,,,35.049288061336256,12.924424972617745,15.3,3.3421830830428663,,,,,,,,,,,,,,,,,,,,,,,
KERALA,palakkad,9.2,,,96.16984826235928,,,,,,,,,82.2810147513163,,,,99.5854063018242,,,,,,,,,,63.2,,4.31356649604607,,7.697930467358034,2.737430581815216,,,,,1.6673517768755597,,,,,,,,,1.2437810945273633,,,,,,,21.64179104477612,31.42620232172472,14.1,3.827795202726926,,,,,,,,,,,,,,,,,,,,,,,
KERALA,pathanamthitta,0.2,,,98.09523809523807,,,,,,,,,86.77269200930954,,,,99.88505747126436,,,,,,,,,,84.5,,6.287498170820935,,8.057739954756006,4.469562292797771,,,,,2.451099946344081,,,,,,,,,0.5747126436781609,,,,,,,52.75862068965517,16.436781609195403,0.0,5.569850251207258,,,,,,,,,,,,,,,,,,,,,,,
KERALA,thiruvananthapuram,2.7,,,97.45462132276236,,,,,,,,,85.56133374120526,,,,99.92447129909364,,,,,,,,,,83.1,,4.836084975442335,,13.403199117484832,3.2062647216225364,,,,,2.486278773891946,,,,,,,,,0.9818731117824772,,,,,,,53.54984894259819,25.075528700906347,6.2,4.15372211373454,,,,,,,,,,,,,,,,,,,,,,,
KERALA,thrissur,3.6,,,98.97501601537476,,,,,,,,,89.95841915050713,,,,99.91935483870968,,,,,,,,,,79.2,,4.657548131134604,,10.645174322304369,3.871311010215664,,,,,2.160539075947374,,,,,,,,,0.4838709677419355,,,,,,,43.064516129032256,14.193548387096774,1.0,3.805784966905037,,,,,,,,,,,,,,,,,,,,,,,
KERALA,wayanad,6.9,,,94.90084985835692,,,,,,,,,76.63248085161626,,,,99.1891891891892,,,,,,,,,,68.0,,4.662183836390818,,5.37802744267428,3.549452917374961,,,,,1.7612559994673864,,,,,,,,,1.0810810810810811,,,,,,,38.37837837837838,17.027027027027028,8.4,3.6157193611058993,,,,,,,,,,,,,,,,,,,,,,,
NAGALAND,dimapur,4.6,,,,,38.155515370705245,,,69.43942133815551,,,88.06509945750453,68.9938831470154,44.66546112115732,31.464737793851715,,,40.3254972875226,,,,,29.8372513562387,,,,52.5,35.06644167897068,,53.8878842676311,,,,84.2,88.5783589959924,,,,97.83001808318264,,,,,,,,72.875226039783,73.05605786618446,,37.79385171790235,,,,,,,52.26039783001808,23.004694835680752,,,,,,,,,,,,,,,,,,,,,
NAGALAND,kiphire,21.3,,,,,2.238805970149253,,,33.582089552238806,,,70.1492537313433,43.083333333333336,23.13432835820896,12.686567164179104,,,3.731343283582089,,,,,20.149253731343283,,,,22.0,21.166666666666668,,46.26865671641791,,,,16.4,58.333333333333336,,,,97.01492537313432,,,,,,,,37.3134328358209,61.940298507462686,,17.91044776119403,,,,,,,76.86567164179104,7.76781903542467,,,,,,,,,,,,,,,,,,,,,
NAGALAND,kohima,2.4,,,,,19.852941176470587,,,58.45588235294118,,,89.70588235294117,68.68415153553015,36.76470588235294,27.94117647058824,,,15.808823529411764,,,,,30.88235294117647,,,,70.9,32.86258686393185,,48.52941176470589,,,,61.7,83.8377045505492,,,,99.63235294117648,,,,,,,,63.23529411764706,71.69117647058823,,38.23529411764706,,,,,,,59.19117647058824,9.389671361502346,,,,,,,,,,,,,,,,,,,,,
NAGALAND,longleng,28.8,,,,,4.62962962962963,,,25.0,,,91.66666666666666,47.2972972972973,10.185185185185183,14.814814814814811,,,4.62962962962963,,,,,16.666666666666664,,,,23.8,18.33976833976834,,33.33333333333333,,,,11.8,63.22393822393823,,,,99.07407407407408,,,,,,,,22.22222222222222,60.18518518518518,,20.37037037037037,,,,,,,79.62962962962963,4.011950490823731,,,,,,,,,,,,,,,,,,,,,
NAGALAND,mokokchung,20.4,,,,,14.901960784313726,,,45.490196078431374,,,93.72549019607844,60.96555784515749,39.6078431372549,28.23529411764705,,,13.725490196078432,,,,,24.705882352941178,,,,55.8,24.81601413011481,,32.549019607843135,,,,46.2,83.13217544892552,,,,100.0,,,,,,,,70.19607843137254,81.96078431372548,,29.411764705882355,,,,,,,74.50980392156863,12.889457959880495,,,,,,,,,,,,,,,,,,,,,
NAGALAND,mon,23.5,,,,,7.886435331230284,,,36.59305993690852,,,83.91167192429022,49.35562521769418,25.86750788643533,14.826498422712934,,,12.933753943217663,,,,,21.13564668769716,,,,24.3,21.56043190525949,,43.217665615141954,,,,13.0,76.17554858934169,,,,90.53627760252368,,,,,,,,51.73501577287066,57.41324921135647,,19.558359621451103,,,,,,,69.4006309148265,8.621425522833974,,,,,,,,,,,,,,,,,,,,,
NAGALAND,peren,22.3,,,,,4.191616766467066,,,53.89221556886228,,,92.81437125748504,55.98179453836151,26.34730538922156,19.760479041916167,,,21.55688622754491,,,,,13.17365269461078,,,,35.5,22.9518855656697,,29.94011976047904,,,,31.4,54.55136540962289,,,,95.80838323353294,,,,,,,,37.12574850299401,82.63473053892216,,23.95209580838324,,,,,,,75.44910179640718,3.627827571489543,,,,,,,,,,,,,,,,,,,,,
NAGALAND,phek,23.2,,,,,3.7815126050420167,,,43.27731092436975,,,89.07563025210085,47.84589892294946,37.39495798319328,20.588235294117645,,,6.302521008403361,,,,,17.22689075630252,,,,39.4,19.51118475559237,,29.411764705882355,,,,24.2,63.96023198011599,,,,85.29411764705883,,,,,,,,45.79831932773109,72.68907563025209,,26.47058823529412,,,,,,,73.10924369747899,8.365343576611183,,,,,,,,,,,,,,,,,,,,,
NAGALAND,tuensang,24.0,,,,,3.673469387755103,,,39.59183673469388,,,87.75510204081633,48.111332007952285,37.142857142857146,12.244897959183673,,,6.122448979591836,,,,,17.959183673469386,,,,27.0,15.347912524850896,,26.93877551020408,,,,19.7,57.69383697813121,,,,85.3061224489796,,,,,,,,44.48979591836735,64.08163265306122,,23.26530612244898,,,,,,,80.0,5.505761843790013,,,,,,,,,,,,,,,,,,,,,
NAGALAND,wokha,22.4,,,,,9.523809523809524,,,39.68253968253968,,,76.19047619047619,51.0783200908059,21.693121693121693,19.576719576719576,,,9.523809523809524,,,,,21.164021164021165,,,,45.3,28.54710556186152,,36.507936507936506,,,,41.2,66.57207718501704,,,,96.29629629629628,,,,,,,,33.33333333333333,58.730158730158735,,24.867724867724867,,,,,,,77.24867724867724,6.530089628681178,,,,,,,,,,,,,,,,,,,,,
NAGALAND,zunheboto,25.5,,,,,6.985294117647059,,,50.73529411764706,,,81.61764705882352,55.07128309572301,18.38235294117647,16.911764705882355,,,2.941176470588235,,,,,13.23529411764706,,,,40.2,30.63136456211812,,22.426470588235293,,,,18.6,79.79633401221996,,,,92.27941176470588,,,,,,,,36.39705882352941,76.10294117647058,,19.852941176470587,,,,,,,79.04411764705883,10.285958173282117,,,,,,,,,,,,,,,,,,,,,
MIZORAM,aizawl,5.7,,,,,21.29319955406912,,,,,33.11036789297659,,61.434917216314446,,16.05351170568562,,,,,,3.678929765886288,,64.43701226309922,,77.70345596432553,,60.7,,,,,,19.55456570155902,95.4,,,,,,,,,,,,,,,,,,,,,3.2,,54.51505016722408,,75.13935340022296,35.93089921544961,,,,,,,,,,,,,,,,,,,
MIZORAM,champhai,25.8,,,,,4.089219330855019,,,,,30.48327137546468,,53.0373831775701,,2.973977695167286,,,,,,0.3717472118959107,,30.111524163568777,,60.594795539033456,,47.8,,,,,,9.075723830734969,79.4,,,,,,,,,,,,,,,,,,,,,11.0,,66.91449814126395,,67.28624535315984,9.648461074230536,,,,,,,,,,,,,,,,,,,
MIZORAM,hnahthial,20.7,,,,,1.4285714285714286,,,,,20.714285714285715,,48.701298701298704,,5.0,,,,,,0.7142857142857143,,14.285714285714285,,59.285714285714285,,40.53333333333333,,,,,,3.374164810690424,72.66666666666667,,,,,,,,,,,,,,,,,,,,,9.333333333333334,,72.85714285714285,,58.57142857142858,1.584188292094146,,,,,,,,,,,,,,,,,,,
MIZORAM,khawzawl,22.1,,,,,2.255639097744361,,,,,22.55639097744361,,51.57384987893463,,3.7593984962406015,,,,,,0.7518796992481203,,29.32330827067669,,71.42857142857143,,45.45,,,,,,2.750556792873051,80.6,,,,,,,,,,,,,,,,,,,,,9.1,,67.66917293233082,,78.94736842105263,1.4936632468316235,,,,,,,,,,,,,,,,,,,
MIZORAM,kolasib,24.7,,,,,7.420494699646643,,,,,26.501766784452297,,54.03690888119954,,9.187279151943462,,,,,,2.826855123674912,,46.28975265017668,,71.37809187279152,,41.7,,,,,,9.565701559020043,87.5,,,,,,,,,,,,,,,,,,,,,13.7,,71.02473498233216,,45.22968197879859,7.860591430295716,,,,,,,,,,,,,,,,,,,
MIZORAM,lawngtlai,26.7,,,,,4.436860068259386,,,,,25.7679180887372,,36.05336642879305,,2.901023890784983,,,,,,0.1706484641638225,,0.0,,73.54948805460751,,32.2,,,,,,11.492204899777285,56.3,,,,,,,,,,,,,,,,,,,,,16.0,,68.94197952218431,,51.5358361774744,8.682860591430295,,,,,,,,,,,,,,,,,,,
MIZORAM,lunglei,17.5,,,,,8.12720848056537,,,,,23.674911660777383,,48.32939588255147,,6.713780918727916,,,,,,1.2367491166077738,,31.802120141342755,,56.53710247349824,,46.3,,,,,,12.193763919821826,79.9,,,,,,,,,,,,,,,,,,,,,4.8,,72.26148409893993,,73.4982332155477,7.762522631261317,,,,,,,,,,,,,,,,,,,
MIZORAM,mamit,29.7,,,,,3.617571059431525,,,,,20.671834625323,,47.34561213434453,,4.651162790697675,,,,,,0.7751937984496124,,11.369509043927648,,57.36434108527132,,40.0,,,,,,14.276169265033408,73.3,,,,,,,,,,,,,,,,,,,,,16.8,,74.93540051679587,,76.48578811369508,13.29963789981895,,,,,,,,,,,,,,,,,,,
MIZORAM,saiha,31.9,,,,,8.363636363636363,,,,,14.545454545454543,,43.54178842781999,,3.636363636363636,,,,,,2.181818181818182,,27.63636363636364,,100.0,,50.2,,,,,,5.913140311804009,83.7,,,,,,,,,,,,,,,,,,,,,11.8,,79.63636363636364,,44.0,3.4248642124321065,,,,,,,,,,,,,,,,,,,
MIZORAM,saitual,25.9,,,,,1.951219512195122,,,,,27.80487804878049,,47.64991896272285,,5.853658536585367,,,,,,0.4878048780487805,,19.02439024390244,,66.82926829268293,,50.53333333333333,,,,,,6.21380846325167,85.53333333333335,,,,,,,,,,,,,,,,,,,,,7.133333333333333,,69.26829268292683,,70.24390243902438,5.408871454435727,,,,,,,,,,,,,,,,,,,
MIZORAM,serchhip,22.0,,,,,2.145922746781116,,,,,33.47639484978541,,50.13297872340425,,8.15450643776824,,,,,,0.4291845493562232,,35.1931330472103,,53.21888412017167,,43.1,,,,,,5.590200445434299,81.8,,,,,,,,,,,,,,,,,,,,,7.2,,63.94849785407726,,74.67811158798283,4.903439951719976,,,,,,,,,,,,,,,,,,,
MEGHALAYA,east garo hills,19.5,,,,,,,74.09470752089136,58.07799442896936,,,,,4.3175487465181055,,,,,,,,,,,38.16155988857939,,,,,,,,2.918979604565584,,,,,,,,67.0,,4.03899721448468,,,,38.99721448467967,19.08077994428969,,6.267409470752089,,,,,,,,,,,86.7,,,,,,,,,,,,,,,,,,
MEGHALAYA,east jaintia hills,35.1,,,,,,,16.258992805755394,26.0431654676259,,,,,6.043165467625899,,,,,,,,,,,42.87769784172662,,,,,,,,2.5572257219484813,,,,,,,,74.6,,0.2877697841726618,,,,12.086330935251798,14.676258992805757,,9.06474820143885,,,,,,,,,,,76.0,,,,,,,,,,,,,,,,,,
MEGHALAYA,east khasi hills,9.1,,,,,,,76.22036262203626,44.24686192468619,,,,,20.39748953974896,,,,,,,,,,,71.47838214783822,,,,,,,,23.01503149753633,,,,,,,,90.0,,4.149232914923291,,,,52.02231520223152,37.90097629009762,,17.294281729428175,,,,,,,,,,,93.7,,,,,,,,,,,,,,,,,,
MEGHALAYA,eastern west khasi hills,24.4,,,,,,,71.89952904238619,25.90266875981161,,,,,8.006279434850864,,,,,,,,,,,52.1193092621664,,,,,,,,3.4865589721200028,,,,,,,,83.35,,1.4128728414442702,,,,20.25117739403453,26.0596546310832,,9.105180533751962,,,,,,,,,,,88.45,,,,,,,,,,,,,,,,,,
MEGHALAYA,north garo hills,33.5,,,,,,,30.778032036613272,38.443935926773456,,,,,5.148741418764303,,,,,,,,,,,34.21052631578947,,,,,,,,6.355641489428054,,,,,,,,51.5,,2.402745995423341,,,,15.903890160183066,3.318077803203661,,7.780320366132723,,,,,,,,,,,86.1,,,,,,,,,,,,,,,,,,
MEGHALAYA,ri bhoi,17.8,,,,,,,66.39806607574536,41.0958904109589,,,,,9.75020145044319,,,,,,,,,,,43.99677679290895,,,,,,,,8.887918667747769,,,,,,,,86.2,,2.9814665592264302,,,,24.81869460112812,21.99838839645448,,12.812248186946013,,,,,,,,,,,89.5,,,,,,,,,,,,,,,,,,
MEGHALAYA,south garo hills,22.1,,,,,,,31.865042174320525,34.02061855670103,,,,,4.967197750702906,,,,,,,,,,,38.80037488284911,,,,,,,,6.274558722634565,,,,,,,,60.4,,0.2811621368322399,,,,11.62136832239925,4.217432052483598,,5.904404873477039,,,,,,,,,,,88.6,,,,,,,,,,,,,,,,,,
MEGHALAYA,south west garo hills,20.2,,,,,,,20.97812097812098,20.07722007722008,,,,,3.861003861003861,,,,,,,,,,,37.96653796653796,,,,,,,,3.891972806087444,,,,,,,,58.6,,1.9305019305019304,,,,14.543114543114545,3.088803088803089,,9.266409266409266,,,,,,,,,,,82.6,,,,,,,,,,,,,,,,,,
MEGHALAYA,south west khasi hills,19.0,,,,,,,48.92933618843683,32.11991434689507,,,,,5.567451820128479,,,,,,,,,,,45.71734475374733,,,,,,,,8.382710659265264,,,,,,,,85.3,,1.4989293361884368,,,,20.021413276231264,7.066381156316917,,11.027837259100645,,,,,,,,,,,85.9,,,,,,,,,,,,,,,,,,
MEGHALAYA,west garo hills,17.9,,,,,,,26.39699749791493,26.271893244370307,,,,,6.088407005838199,,,,,,,,,,,47.24770642201835,,,,,,,,11.008544876192852,,,,,,,,83.7,,1.834862385321101,,,,24.228523769808174,8.215179316096748,,11.71809841534612,,,,,,,,,,,89.0,,,,,,,,,,,,,,,,,,
MEGHALAYA,west jaintia hills,16.5,,,,,,,38.14935064935065,40.01623376623377,,,,,8.847402597402597,,,,,,,,,,,41.80194805194805,,,,,,,,16.659390008108275,,,,,,,,70.6,,2.1103896103896105,,,,19.318181818181817,31.818181818181817,,11.2012987012987,,,,,,,,,,,80.0,,,,,,,,,,,,,,,,,,
MEGHALAYA,west khasi hills,17.5,,,,,,,53.141361256544506,25.56719022687609,,,,,5.235602094240837,,,,,,,,,,,52.35602094240838,,,,,,,,6.561466974365371,,,,,,,,80.5,,0.6980802792321117,,,,12.827225130890051,16.57940663176265,,7.591623036649215,,,,,,,,,,,87.4,,,,,,,,,,,,,,,,,,
TELANGANA,adilabad,20.2,,,91.83911396094432,,36.27717391304348,,,,,7.676630434782608,,45.74871378283238,16.10054347826087,13.043478260869565,4.551630434782608,,6.114130434782608,37.09239130434783,,4.415760869565218,,10.9375,,47.75815217391305,50.8,41.0,,,61.41304347826087,,,,,81.3566206336312,,,,,,,,,,,,,83.62771739130434,,17.730978260869566,,,,,,,,,,,,,,,,,,,,,,,,,,,,,
TELANGANA,bhadradri kothagudem,16.7,,,93.30068560235064,,53.42058298631767,,,,,10.23200475907198,,54.48024948024948,18.14396192742415,15.823914336704345,4.818560380725759,,4.878048780487805,58.00118976799524,,2.1415823914336705,,11.24330755502677,,30.398572278405712,75.3,41.8,,,67.87626412849494,,,,,86.36174636174636,,,,,,,,,,,,,87.4479476502082,,19.214753123140987,,,,,,,,,,,,,,,,,,,,,,,,,,,,,
TELANGANA,hanumakonda,0.0,,,98.08917197452227,,70.37037037037037,,,,,24.126984126984127,,59.0552871712292,30.793650793650794,31.957671957671955,2.857142857142857,,9.523809523809524,71.95767195767195,,4.338624338624339,,49.2063492063492,,38.3068783068783,81.2,57.2,,,73.12169312169313,,,,,91.91626409017714,,,,,,,,,,,,,88.67724867724867,,38.94179894179894,,,,,,,,,,,,,,,,,,,,,,,,,,,,,
TELANGANA,hyderabad,15.5,,,99.10708898944192,,92.7695693178246,,,,,30.08487896887771,,83.0595891623871,55.831499528450166,41.65356806035837,25.96667714555172,,13.01477522791575,91.70072304306822,,3.803835271927067,,99.74850675888084,,75.51084564602326,84.4,63.2,,,94.9386985224772,,,,,92.86568089250927,,,,,,,,,,,,,92.61238604212512,,44.57717698836844,,,,,,,,,,,,,,,,,,,,,,,,,,,,,
TELANGANA,jagtial,20.3,,,95.74538258575198,,58.85911840968021,,,,,7.6923076923076925,,54.09797456429581,28.08988764044944,30.077787381158167,5.877268798617114,,5.617977528089887,66.5514261019879,,3.543647363872083,,24.54624027657736,,26.10198789974071,76.5,43.5,,,76.14520311149523,,,,,89.37823834196891,,,,,,,,,,,,,86.34399308556611,,31.028522039757995,,,,,,,,,,,,,,,,,,,,,,,,,,,,,
TELANGANA,jangaon,24.0,,,96.37305699481864,,58.59969558599696,,,,,11.87214611872146,,54.54545454545454,26.331811263318112,26.331811263318112,2.28310502283105,,4.41400304414003,71.23287671232876,,3.1963470319634704,,8.980213089802131,,16.43835616438356,84.3,44.0,,,71.84170471841705,,,,,87.42985409652077,,,,,,,,,,,,,76.71232876712328,,29.37595129375951,,,,,,,,,,,,,,,,,,,,,,,,,,,,,
TELANGANA,jayashankar bhupalapally,30.1,,,91.77865612648222,,43.40659340659341,,,,,7.875457875457875,,47.92957287251386,20.146520146520142,26.923076923076923,2.564102564102564,,5.311355311355311,57.32600732600732,,4.945054945054945,,8.424908424908425,,22.344322344322347,65.6,36.3,,,61.90476190476191,,,,,82.91490055428757,,,,,,,,,,,,,84.24908424908425,,23.809523809523807,,,,,,,,,,,,,,,,,,,,,,,,,,,,,
TELANGANA,jogulamba gadwal,27.1,,,94.3528235882059,,52.63975155279503,,,,,13.509316770186336,,51.10508757297748,23.60248447204969,29.96894409937888,5.434782608695652,,2.329192546583851,86.49068322981367,,3.571428571428571,,21.428571428571427,,23.91304347826087,73.7,27.4,,,51.86335403726709,,,,,88.15679733110926,,,,,,,,,,,,,61.49068322981367,,26.24223602484472,,,,,,,,,,,,,,,,,,,,,,,,,,,,,
TELANGANA,kamareddy,18.6,,,97.57645701096364,,38.63460046547712,,,,,5.197827773467805,,51.35811293781273,23.894491854150505,25.678820791311097,3.5686578743211794,,5.508145849495733,59.89138867339023,,4.034134988363072,,14.584949573312644,,14.74010861132661,68.2,35.6,,,64.62373933281613,,,,,88.2654276864427,,,,,,,,,,,,,75.32971295577967,,24.43754848719938,,,,,,,,,,,,,,,,,,,,,,,,,,,,,
TELANGANA,karimnagar,0.0,,,98.06969165204312,,67.82363977485929,,,,,15.853658536585366,,59.3445343289774,31.14446529080676,33.67729831144465,3.75234521575985,,6.285178236397748,78.04878048780488,,7.317073170731707,,37.99249530956848,,33.67729831144465,78.8,50.8,,,75.60975609756098,,,,,91.60962455922008,,,,,,,,,,,,,90.99437148217636,,36.02251407129456,,,,,,,,,,,,,,,,,,,,,,,,,,,,,
TELANGANA,khammam,3.0,,,97.06630490079702,,69.57561267184698,,,,,12.014345487148836,,53.1653038860322,26.53915122534369,27.913927077107,5.319784817692767,,5.200239091452481,60.43036461446504,,3.2277346084877463,,20.442319187089065,,22.11595935445308,84.5,40.9,,,67.36401673640168,,,,,89.85922616538818,,,,,,,,,,,,,93.72384937238492,,26.59892408846384,,,,,,,,,,,,,,,,,,,,,,,,,,,,,
TELANGANA,kumuram bheem asifabad,19.7,,,89.87341772151899,,29.71473851030111,,,,,7.052297939778129,,49.48165869218501,12.678288431061809,11.410459587955629,4.3581616481774965,,3.724247226624406,28.3676703645008,,3.169572107765452,,4.516640253565769,,38.74801901743265,54.0,28.7,,,61.17274167987322,,,,,74.52153110047847,,,,,,,,,,,,,77.17908082408876,,13.47068145800317,,,,,,,,,,,,,,,,,,,,,,,,,,,,,
TELANGANA,mahabubabad,29.5,,,92.50080463469584,,42.54966887417218,,,,,7.450331125827815,,44.220128607746375,15.31456953642384,16.887417218543046,3.80794701986755,,4.718543046357616,43.04635761589404,,4.304635761589404,,13.82450331125828,,21.026490066225165,68.6,34.7,,,62.251655629139066,,,,,87.57290264692688,,,,,,,,,,,,,88.90728476821192,,18.874172185430464,,,,,,,,,,,,,,,,,,,,,,,,,,,,,
TELANGANA,mahabubnagar,15.1,,,95.00577367205544,,56.00981193785772,,,,,9.730171708912511,,61.868573983012965,22.56745707277188,23.30335241210139,8.176614881439084,,5.396565821749796,52.24856909239575,,4.578904333605887,,30.17170891251022,,23.54865085854456,73.7,40.4,,,64.51349141455437,,,,,89.72954850245864,,,,,,,,,,,,,81.35731807031888,,25.020441537203595,,,,,,,,,,,,,,,,,,,,,,,,,,,,,
TELANGANA,mancherial,22.0,,,96.4660936007641,,60.14828544949027,,,,,13.623725671918445,,58.85348465008002,22.42817423540315,21.50139017608897,2.2242817423540315,,5.282669138090825,50.78776645041705,,4.077849860982391,,30.49119555143652,,29.19369786839666,78.1,48.8,,,70.6209453197405,,,,,85.69765750036375,,,,,,,,,,,,,94.34661723818353,,24.65245597775718,,,,,,,,,,,,,,,,,,,,,,,,,,,,,
TELANGANA,medak,21.6,,,94.82701812191104,,41.28440366972477,,,,,5.504587155963304,,52.41147252042941,18.1651376146789,25.504587155963304,0.9174311926605504,,7.064220183486239,55.41284403669725,,4.403669724770642,,12.201834862385322,,15.96330275229358,78.2,39.3,,,59.816513761467895,,,,,87.82246434866208,,,,,,,,,,,,,86.69724770642202,,21.192660550458715,,,,,,,,,,,,,,,,,,,,,,,,,,,,,
TELANGANA,medchal malkajgiri,8.1,,,98.15507676428848,,91.0403397027601,,,,,40.67940552016985,,82.65706468432192,58.81104033970276,45.30785562632696,12.823779193205946,,11.337579617834397,88.83227176220807,,9.214437367303608,,91.16772823779192,,77.91932059447984,86.2,59.3,,,90.19108280254775,,,,,97.14263589902431,,,,,,,,,,,,,89.723991507431,,42.92993630573248,,,,,,,,,,,,,,,,,,,,,,,,,,,,,
TELANGANA,mulugu,23.2,,,92.4929178470255,,56.305506216696266,,,,,5.506216696269982,,46.78729689807976,14.209591474245114,15.985790408525755,3.7300177619893424,,4.262877442273535,41.03019538188277,,3.5523978685612785,,0.0,,49.20071047957372,65.6,36.3,,,65.36412078152753,,,,,84.93353028064993,,,,,,,,,,,,,93.78330373001776,,19.36056838365897,,,,,,,,,,,,,,,,,,,,,,,,,,,,,
TELANGANA,nagarkurnool,21.5,,,92.2880815806246,,49.60352422907489,,,,,7.224669603524229,,52.10766163486187,22.81938325991189,23.34801762114537,1.0572687224669604,,4.757709251101322,51.27753303964758,,3.259911894273128,,17.26872246696035,,22.20264317180617,73.2,36.0,,,46.96035242290749,,,,,84.24950156650527,,,,,,,,,,,,,90.22026431718062,,23.17180616740088,,,,,,,,,,,,,,,,,,,,,,,,,,,,,
TELANGANA,nalgonda,22.1,,,96.83823529411764,,60.84860173577628,,,,,10.366441658630665,,53.92192630426852,22.999035679845708,23.625843780135007,0.5785920925747349,,4.435872709739633,56.46094503375121,,2.700096432015429,,21.8900675024108,,27.19382835101253,76.4,40.9,,,67.30954676952749,,,,,88.34002188982123,,,,,,,,,,,,,94.6480231436837,,25.36162005785921,,,,,,,,,,,,,,,,,,,,,,,,,,,,,
TELANGANA,narayanpet,0.0,,,95.96462133775566,,55.7037037037037,,,,,10.814814814814817,,54.01311327153516,21.62962962962963,28.000000000000004,7.4074074074074066,,7.851851851851851,82.96296296296296,,3.4074074074074074,,18.51851851851852,,18.22222222222222,62.650000000000006,37.025000000000006,,,62.81481481481481,,,,,88.31110106262717,,,,,,,,,,,,,74.81481481481481,,21.333333333333336,,,,,,,,,,,,,,,,,,,,,,,,,,,,,
TELANGANA,nirmal,18.6,,,96.5220271613117,,40.352504638218925,,,,,10.20408163265306,,53.49165959852983,21.243042671614106,25.04638218923933,3.896103896103896,,7.235621521335807,50.742115027829314,,2.3191094619666046,,19.573283858998145,,23.933209647495364,63.6,40.9,,,73.37662337662337,,,,,86.41504099519366,,,,,,,,,,,,,91.37291280148423,,22.17068645640074,,,,,,,,,,,,,,,,,,,,,,,,,,,,,
TELANGANA,nizamabad,15.0,,,97.04898967873238,,58.68852459016394,,,,,13.934426229508196,,63.6710909679508,31.038251366120218,33.33333333333333,2.295081967213114,,6.120218579234972,83.16939890710383,,3.4972677595628414,,29.78142076502732,,35.24590163934426,72.5,42.4,,,66.66666666666666,,,,,89.6730333441243,,,,,,,,,,,,,96.775956284153,,30.43715846994536,,,,,,,,,,,,,,,,,,,,,,,,,,,,,
TELANGANA,peddapalli,21.8,,,97.58745476477684,,59.2020592020592,,,,,9.90990990990991,,58.83086793797897,26.512226512226512,28.056628056628057,0.5148005148005148,,4.375804375804376,81.72458172458172,,6.82110682110682,,28.82882882882883,,27.15572715572716,77.8,46.6,,,76.83397683397683,,,,,89.80573872749954,,,,,,,,,,,,,88.03088803088804,,29.08622908622909,,,,,,,,,,,,,,,,,,,,,,,,,,,,,
TELANGANA,rajanna siricilla,22.5,,,97.05364995602464,,65.72700296735906,,,,,5.934718100890208,,54.19310970081595,28.18991097922849,26.11275964391692,5.192878338278932,,5.192878338278932,82.64094955489614,,3.115727002967359,,21.66172106824926,,22.99703264094956,77.4,46.4,,,74.33234421364985,,,,,88.12330009066183,,,,,,,,,,,,,93.91691394658751,,32.195845697329375,,,,,,,,,,,,,,,,,,,,,,,,,,,,,
TELANGANA,rangareddy,2.7,,,97.88240724712942,,77.4002493765586,,,,,27.52493765586035,,75.94199366317329,47.19451371571072,39.74438902743142,8.41645885286783,,9.102244389027431,79.73815461346634,,8.790523690773068,,62.53117206982544,,57.54364089775561,81.1,51.4,,,77.1508728179551,,,,,96.07604192054596,,,,,,,,,,,,,89.713216957606,,33.60349127182045,,,,,,,,,,,,,,,,,,,,,,,,,,,,,
TELANGANA,sangareddy,18.9,,,96.16155387698474,,52.87958115183245,,,,,12.722513089005236,,68.89905458981397,30.837696335078533,28.429319371727747,5.968586387434556,,7.696335078534032,68.27225130890052,,5.026178010471204,,29.00523560209424,,29.685863874345547,68.0,41.5,,,62.35602094240838,,,,,91.1497407746264,,,,,,,,,,,,,89.42408376963351,,27.17277486910995,,,,,,,,,,,,,,,,,,,,,,,,,,,,,
TELANGANA,siddipet,16.3,,,96.40841457157516,,63.42943854324734,,,,,6.828528072837632,,53.081471089287504,32.16995447647951,34.37025796661609,0.9104704097116844,,7.890743550834597,72.07890743550834,,4.24886191198786,,21.927162367223065,,50.986342943854325,84.1,51.3,,,69.49924127465857,,,,,89.1271670508067,,,,,,,,,,,,,91.65402124430956,,30.955993930197263,,,,,,,,,,,,,,,,,,,,,,,,,,,,,
TELANGANA,suryapet,24.0,,,96.45131938125569,,67.10424710424711,,,,,12.509652509652511,,47.55864049784586,23.16602316602317,20.84942084942085,5.173745173745173,,4.555984555984556,57.60617760617761,,3.011583011583012,,23.86100386100386,,21.698841698841697,77.9,42.5,,,60.61776061776062,,,,,90.0789851603638,,,,,,,,,,,,,89.8069498069498,,28.803088803088805,,,,,,,,,,,,,,,,,,,,,,,,,,,,,
TELANGANA,vikarabad,29.4,,,95.43909348441927,,41.24542124542124,,,,,7.985347985347984,,53.79445191250153,22.490842490842493,19.85347985347985,7.6190476190476195,,4.542124542124542,52.16117216117217,,4.102564102564102,,17.94871794871795,,18.68131868131868,66.7,38.3,,,52.087912087912095,,,,,86.17866308199926,,,,,,,,,,,,,75.38461538461539,,23.223443223443223,,,,,,,,,,,,,,,,,,,,,,,,,,,,,
TELANGANA,wanaparthy,8.3,,,94.75638051044083,,57.40987983978639,,,,,12.016021361815756,,53.125,22.963951935914555,23.36448598130841,5.607476635514018,,4.272363150867824,46.19492656875834,,2.0026702269692924,,27.90387182910548,,20.29372496662216,75.9,37.0,,,68.62483311081442,,,,,90.04032258064515,,,,,,,,,,,,,85.5807743658211,,24.833110814419225,,,,,,,,,,,,,,,,,,,,,,,,,,,,,
TELANGANA,warangal,23.8,,,95.7658779576588,,55.97667638483965,,,,,17.006802721088434,,55.41554959785523,25.94752186588921,27.988338192419825,2.915451895043732,,6.025267249757046,59.37803692905733,,3.7900874635568513,,41.01068999028183,,28.18270165208941,74.3,40.0,,,68.80466472303208,,,,,91.72922252010724,,,,,,,,,,,,,82.5072886297376,,31.97278911564626,,,,,,,,,,,,,,,,,,,,,,,,,,,,,
TELANGANA,yadadri bhuvanagiri,25.2,,,95.39857420609202,,58.24524312896406,,,,,9.513742071881609,,59.08313908313908,27.48414376321353,32.241014799154335,1.7970401691331923,,3.06553911205074,75.47568710359408,,4.439746300211417,,20.190274841437635,,22.19873150105708,81.9,48.0,,,69.02748414376322,,,,,92.16783216783216,,,,,,,,,,,,,85.51797040169133,,30.021141649048623,,,,,,,,,,,,,,,,,,,,,,,,,,,,,
DADRA & NAGAR HAVELI AND DAMAN & DIU,dadra and nagar haveli(dist),13.1,,,,,,,,47.8134110787172,33.52769679300292,,,,,,,,,,,,,,,,,31.5,,,,,,,,,,,,,,,,,,,,,,,,,,,,,,,,,,,,,,,,,,,,,,,,,,,,
DADRA & NAGAR HAVELI AND DAMAN & DIU,daman (dist),11.6,,,,,,,,70.76923076923077,53.84615384615385,,,,,,,,,,,,,,,,,42.9,,,,,,,,,,,,,,,,,,,,,,,,,,,,,,,,,,,,,,,,,,,,,,,,,,,,
DADRA & NAGAR HAVELI AND DAMAN & DIU,diu (dist),10.3,,,,,,,,88.0,72.0,,,,,,,,,,,,,,,,,52.7,,,,,,,,,,,,,,,,,,,,,,,,,,,,,,,,,,,,,,,,,,,,,,,,,,,,
MADHYA PRADESH,agar malwa,20.2,,,,,,,23.1433506044905,,,,,38.23043908880819,7.858376511226252,6.563039723661486,2.417962003454232,,,39.810017271157164,,2.6770293609671847,,,,5.958549222797927,72.3,19.3,23.45658633212281,,,,,,39.5,,,,,94.04145077720209,,,,,,,,,,,10.362694300518134,,,,,,,,,,,,94.04145077720209,,,,,,,,,,,,,,,,,
MADHYA PRADESH,alirajpur,14.9,,,,,,,11.376975169300223,,,,,39.08181283107711,3.611738148984198,3.0248306997742667,1.3544018058690743,,,15.575620767494357,,2.6636568848758464,,,,3.069977426636569,84.7,17.3,15.33254855797528,,,,,,17.4,,,,,97.47178329571106,,,,,,,,,,,3.9729119638826185,,,,,,,,,,,,96.93002257336344,,,,,,,,,,,,,,,,,
MADHYA PRADESH,anuppur,15.3,,,,,,,23.46796657381616,,,,,43.61812011214401,9.192200557103064,5.988857938718663,5.083565459610028,,,29.944289693593312,,1.6713091922005572,,,,5.988857938718663,69.4,28.6,17.52988047808765,,,,,,21.7,,,,,98.60724233983288,,,,,,,,,,,12.88300835654596,,,,,,,,,,,,94.01114206128132,,,,,,,,,,,,,,,,,
MADHYA PRADESH,ashoknagar,18.8,,,,,,,17.28240450845335,,,,,41.64053075995175,10.269254852849093,8.140262993112085,1.878522229179712,,,35.504070131496555,,2.4420788979336256,,,,7.764558547276143,53.7,17.6,23.208685162846805,,,,,,20.3,,,,,98.81026925485284,,,,,,,,,,,10.018785222291797,,,,,,,,,,,,92.17282404508454,,,,,,,,,,,,,,,,,
MADHYA PRADESH,balaghat,12.2,,,,,,,28.12276945039257,,,,,53.15497825180242,9.064953604568164,6.638115631691649,6.388294075660244,,,40.0785153461813,,9.350463954318345,,,,8.422555317630264,79.6,39.2,15.611034975868437,,,,,,31.1,,,,,99.57173447537473,,,,,,,,,,,11.955745895788722,,,,,,,,,,,,91.57744468236972,,,,,,,,,,,,,,,,,
MADHYA PRADESH,barwani,17.8,,,,,,,26.61507402422611,,,,,48.09110804895842,6.42664872139973,4.374158815612382,1.1440107671601614,,,28.29744279946164,,2.8936742934051143,,,,5.417227456258412,61.0,19.3,21.374726432682177,,,,,,40.5,,,,,98.78869448183042,,,,,,,,,,,6.864064602960969,,,,,,,,,,,,94.34724091520862,,,,,,,,,,,,,,,,,
MADHYA PRADESH,betul,17.0,,,,,,,36.28252788104089,,,,,52.53613666228647,10.66914498141264,9.702602230483272,3.7546468401486974,,,34.386617100371744,,1.6356877323420074,,,,7.95539033457249,59.8,38.7,21.130091984231274,,,,,,36.0,,,,,98.55018587360594,,,,,,,,,,,14.572490706319702,,,,,,,,,,,,91.93308550185874,,,,,,,,,,,,,,,,,
MADHYA PRADESH,bhind,17.2,,,,,,,29.07069102462272,,,,,34.22614631250928,13.74106433677522,6.235107227958697,2.7402700555996824,,,38.68149324861001,,4.765687053216839,,,,9.690230341540904,79.9,28.9,21.08621457189494,,,,,,31.0,,,,,99.3645750595711,,,,,,,,,,,13.939634630659253,,,,,,,,,,,,89.95234312946782,,,,,,,,,,,,,,,,,
MADHYA PRADESH,bhopal,8.3,,,,,,,68.83209087681931,,,,,77.4400518470512,29.39297124600639,20.48278310259141,12.921547745828896,,,79.2332268370607,,4.969826056088037,,,,30.81292154774583,79.6,47.4,43.83668178872326,,,,,,83.6,,,,,97.7280795172169,,,,,,,,,,,24.42314518991835,,,,,,,,,,,,67.19914802981896,,,,,,,,,,,,,,,,,
MADHYA PRADESH,burhanpur,17.2,,,,,,,71.65450121654501,,,,,55.08709099788377,13.86861313868613,13.381995133819952,3.771289537712896,,,36.982968369829685,,2.068126520681265,,,,11.67883211678832,74.0,26.3,26.924955233599217,,,,,,68.2,,,,,98.54014598540148,,,,,,,,,,,16.05839416058394,,,,,,,,,,,,78.83211678832117,,,,,,,,,,,,,,,,,
MADHYA PRADESH,chhatarpur,17.3,,,,,,,23.169934640522875,,,,,40.98953695458593,9.640522875816997,7.61437908496732,1.9281045751633987,,,32.58169934640523,,5.326797385620915,,,,8.169934640522875,55.5,24.7,19.0060106856634,,,,,,30.1,,,,,99.50980392156865,,,,,,,,,,,10.751633986928104,,,,,,,,,,,,91.79738562091502,,,,,,,,,,,,,,,,,
MADHYA PRADESH,chhindwara,30.3,,,,,,,46.97406340057637,,,,,52.238634404276105,9.5741274415626,12.680115273775217,2.7217419148254884,,,48.31892411143132,,9.638168427793788,,,,9.125840537944285,77.1,40.2,21.725386516466465,,,,,,43.6,,,,,99.64777457572846,,,,,,,,,,,13.12840217739353,,,,,,,,,,,,90.61799551713096,,,,,,,,,,,,,,,,,
MADHYA PRADESH,damoh,19.2,,,,,,,26.876172607879923,,,,,41.40404816807584,7.973733583489681,7.879924953095685,2.1575984990619137,,,31.33208255159475,,4.362101313320825,,,,9.287054409005629,40.6,24.8,20.36894696387394,,,,,,28.1,,,,,99.48405253283302,,,,,,,,,,,9.193245778611631,,,,,,,,,,,,90.2439024390244,,,,,,,,,,,,,,,,,
MADHYA PRADESH,datia,14.9,,,,,,,31.06508875739645,,,,,38.5502471169687,9.615384615384617,8.284023668639055,1.4053254437869822,,,31.139053254437872,,3.180473372781065,,,,7.470414201183432,66.8,27.8,16.543108182317408,,,,,,31.2,,,,,99.55621301775147,,,,,,,,,,,12.64792899408284,,,,,,,,,,,,90.97633136094674,,,,,,,,,,,,,,,,,
MADHYA PRADESH,dewas,15.6,,,,,,,28.77643504531722,,,,,51.215815069790935,15.40785498489426,16.012084592145015,4.191842900302115,,,49.77341389728097,,3.361027190332326,,,,15.974320241691842,69.6,27.7,27.221625718436176,,,,,,51.0,,,,,99.69788519637464,,,,,,,,,,,14.274924471299094,,,,,,,,,,,,83.72356495468279,,,,,,,,,,,,,,,,,
MADHYA PRADESH,dhar,19.1,,,,,,,26.367924528301888,,,,,50.32630639936148,10.54245283018868,10.047169811320757,1.910377358490566,,,37.87735849056604,,3.1839622641509435,,,,9.90566037735849,61.9,23.8,22.644255598854407,,,,,,44.8,,,,,98.65566037735849,,,,,,,,,,,10.424528301886792,,,,,,,,,,,,89.83490566037736,,,,,,,,,,,,,,,,,
MADHYA PRADESH,dindori,17.6,,,,,,,27.44383727990285,,,,,39.00249376558603,6.557377049180328,5.5251973284760165,1.275045537340619,,,22.46508803885853,,7.468123861566485,,,,2.30722525804493,47.9,25.8,20.88113050706567,,,,,,12.1,,,,,97.51062537947784,,,,,,,,,,,6.314511232544019,,,,,,,,,,,,97.69277474195506,,,,,,,,,,,,,,,,,
MADHYA PRADESH,guna,17.5,,,,,,,24.4417377182298,,,,,42.00397128455781,5.440519691433211,6.414941128704832,3.938286642306131,,,36.3377994315875,,2.111246447421843,,,,6.171335769386927,55.6,17.7,22.537039865587293,,,,,,34.5,,,,,98.25416159155502,,,,,,,,,,,8.729192042224929,,,,,,,,,,,,93.66626065773448,,,,,,,,,,,,,,,,,
MADHYA PRADESH,gwalior,9.2,,,,,,,53.8647342995169,,,,,60.823569080333804,24.43064182194617,19.63423050379572,7.556935817805383,,,63.699102829537615,,4.5893719806763285,,,,23.222912353347137,83.2,37.9,31.109331535024864,,,,,,69.8,,,,,99.06832298136646,,,,,,,,,,,18.32298136645963,,,,,,,,,,,,76.77708764665286,,,,,,,,,,,,,,,,,
MADHYA PRADESH,harda,22.2,,,,,,,27.62008733624454,,,,,51.48332412014004,12.445414847161572,10.37117903930131,1.4192139737991267,,,39.956331877729255,,2.6200873362445414,,,,8.51528384279476,68.8,30.8,28.137092316196792,,,,,,57.6,,,,,98.36244541484716,,,,,,,,,,,16.921397379912666,,,,,,,,,,,,91.26637554585152,,,,,,,,,,,,,,,,,
MADHYA PRADESH,hoshangabad,14.7,,,,,,,25.163755458515286,,,,,58.89391979301423,17.139737991266376,11.18995633187773,3.2751091703056767,,,51.58296943231441,,3.984716157205241,,,,12.117903930131003,68.5,35.5,29.29333764553687,,,,,,47.3,,,,,98.96288209606988,,,,,,,,,,,18.23144104803493,,,,,,,,,,,,87.71834061135371,,,,,,,,,,,,,,,,,
MADHYA PRADESH,indore,5.5,,,,,,,54.59459459459459,,,,,75.98327787731422,31.28775834658188,26.26391096979333,11.573926868044516,,,78.95071542130366,,5.405405405405405,,,,43.751987281399046,90.0,47.7,48.059039331115095,,,,,,86.9,,,,,98.53736089030208,,,,,,,,,,,24.26073131955485,,,,,,,,,,,,54.78537360890302,,,,,,,,,,,,,,,,,
MADHYA PRADESH,jabalpur,16.0,,,,,,,43.898916967509024,,,,,70.43458266268108,18.700361010830324,12.093862815884476,2.0938628158844765,,,51.69675090252708,,2.527075812274368,,,,16.425992779783392,61.9,30.4,32.306277305127615,,,,,,28.5,,,,,99.63898916967509,,,,,,,,,,,17.545126353790614,,,,,,,,,,,,81.6245487364621,,,,,,,,,,,,,,,,,
MADHYA PRADESH,jhabua,17.5,,,,,,,14.92288453522301,,,,,41.24094931617056,5.835764902042518,5.5439766569403925,3.251354731137974,,,23.884952063359734,,1.3755731554814503,,,,4.043351396415173,57.6,16.0,19.39863234111022,,,,,,17.5,,,,,99.37473947478117,,,,,,,,,,,5.919132972071696,,,,,,,,,,,,95.91496456857024,,,,,,,,,,,,,,,,,
MADHYA PRADESH,katni,17.8,,,,,,,27.973455844818783,,,,,51.09150445697653,10.413476263399694,7.197549770290965,4.44104134762634,,,33.996937212863706,,1.7355793772332824,,,,7.197549770290965,53.5,32.5,20.85683099872658,,,,,,29.5,,,,,99.03011740684022,,,,,,,,,,,13.016845329249618,,,,,,,,,,,,92.59826442062275,,,,,,,,,,,,,,,,,
MADHYA PRADESH,khandwa,21.4,,,,,,,43.75,,,,,60.49197258473383,10.454545454545451,9.545454545454549,0.3977272727272727,,,47.89772727272727,,2.272727272727273,,,,9.659090909090908,76.7,27.9,22.68331612055206,,,,,,48.3,,,,,99.9431818181818,,,,,,,,,,,13.863636363636363,,,,,,,,,,,,89.20454545454545,,,,,,,,,,,,,,,,,
MADHYA PRADESH,khargone,19.4,,,,,,,38.713416401043176,,,,,51.91456819795707,8.751086641553172,9.069834830483918,4.491451753115038,,,33.381628513474354,,1.7676035931614025,,,,8.606201101130107,73.8,27.2,22.35210575189818,,,,,,61.6,,,,,97.50796870472328,,,,,,,,,,,11.185163720660675,,,,,,,,,,,,90.90118806143148,,,,,,,,,,,,,,,,,
MADHYA PRADESH,maihar,0.0,,,,,,,15.63236449332286,,,,,44.063474071975065,7.698350353495679,5.577376276512176,8.326787117046347,,,21.445404556166537,,3.5349567949725063,,,,5.420267085624509,51.22857142857142,27.9,16.066874468688013,,,,,,26.071428571428573,,,,,99.7643362136685,,,,,,,,,,,11.704634721131187,,,,,,,,,,,,94.42262372348782,,,,,,,,,,,,,,,,,
MADHYA PRADESH,mandla,16.8,,,,,,,30.021052631578947,,,,,44.56432294047728,7.536842105263158,6.021052631578947,1.5157894736842104,,,29.64210526315789,,1.9789473684210528,,,,3.621052631578947,58.4,30.5,17.05220810094176,,,,,,22.3,,,,,99.2,,,,,,,,,,,9.894736842105264,,,,,,,,,,,,96.29473684210528,,,,,,,,,,,,,,,,,
MADHYA PRADESH,mandsaur,15.7,,,,,,,48.45637583892618,,,,,48.97612240166912,10.917225950782996,9.619686800894854,1.74496644295302,,,40.3579418344519,,2.32662192393736,,,,8.232662192393736,65.4,24.1,23.55304845066069,,,,,,45.6,,,,,97.58389261744966,,,,,,,,,,,14.049217002237135,,,,,,,,,,,,91.49888143176734,,,,,,,,,,,,,,,,,
MADHYA PRADESH,mauganj,0.0,,,,,,,14.397905759162304,,,,,35.737270490251746,7.417102966841186,5.49738219895288,0.7853403141361256,,,22.33856893542757,,2.2687609075043627,,,,4.363001745200698,55.04,34.3,13.874692409615747,,,,,,32.32,,,,,99.47643979057592,,,,,,,,,,,7.940663176265271,,,,,,,,,,,,95.46247818499128,,,,,,,,,,,,,,,,,
MADHYA PRADESH,morena,17.7,,,,,,,24.216524216524217,,,,,33.06625752926469,9.71826527382083,7.21747388414055,3.3871478315922765,,,34.7894903450459,,2.437480215257993,,,,5.698005698005698,62.7,25.6,12.694624389135129,,,,,,32.6,,,,,96.77113010446344,,,,,,,,,,,10.509654954099398,,,,,,,,,,,,94.1437163659386,,,,,,,,,,,,,,,,,
MADHYA PRADESH,narsimhapur,12.5,,,,,,,27.84880489160645,,,,,52.39120681920143,10.95052807115064,11.895497498610338,3.3907726514730405,,,35.797665369649806,,1.3896609227348526,,,,7.948860478043357,77.0,31.4,24.62090623598026,,,,,,36.7,,,,,99.66648137854364,,,,,,,,,,,15.230683713173985,,,,,,,,,,,,91.71762090050028,,,,,,,,,,,,,,,,,
MADHYA PRADESH,neemuch,18.7,,,,,,,53.11355311355312,,,,,54.38746787418921,12.527472527472527,16.556776556776555,1.7582417582417582,,,70.32967032967034,,2.1245421245421245,,,,13.553113553113551,68.9,27.9,24.550238648880185,,,,,,52.4,,,,,99.70695970695972,,,,,,,,,,,15.311355311355312,,,,,,,,,,,,86.22710622710623,,,,,,,,,,,,,,,,,
MADHYA PRADESH,niwari,18.6,,,,,,,27.94561933534744,,,,,37.3197625106022,8.006042296072508,4.984894259818732,2.719033232628399,,,23.56495468277945,,4.833836858006042,,,,4.229607250755287,64.66666666666667,30.966666666666665,10.432569974554708,,,,,,34.766666666666666,,,,,97.73413897280967,,,,,,,,,,,11.48036253776435,,,,,,,,,,,,95.77039274924472,,,,,,,,,,,,,,,,,
MADHYA PRADESH,pandhurna,0.0,,,,,,,65.5045871559633,,,,,54.06195207481005,10.458715596330276,12.293577981651376,1.2844036697247707,,,61.100917431192656,,9.174311926605505,,,,10.275229357798166,75.375,50.375,26.30040911747516,,,,,,61.825,,,,,99.08256880733946,,,,,,,,,,,18.71559633027523,,,,,,,,,,,,89.35779816513761,,,,,,,,,,,,,,,,,
MADHYA PRADESH,panna,15.6,,,,,,,20.17109410175597,,,,,37.61951568224466,7.384061233678524,4.367402071139127,7.023863124718595,,,20.21611886537596,,3.1517334533993697,,,,3.4218820351193155,43.8,24.0,16.68304887856313,,,,,,22.1,,,,,99.63980189104008,,,,,,,,,,,8.599729851418282,,,,,,,,,,,,96.53309320126068,,,,,,,,,,,,,,,,,
MADHYA PRADESH,raisen,20.8,,,,,,,28.03883495145631,,,,,52.18136379864335,9.669902912621358,8.077669902912621,2.368932038834952,,,35.84466019417476,,2.058252427184466,,,,7.300970873786408,69.6,34.6,26.411995715815777,,,,,,38.9,,,,,98.40776699029124,,,,,,,,,,,12.07766990291262,,,,,,,,,,,,92.54368932038834,,,,,,,,,,,,,,,,,
MADHYA PRADESH,rajgarh,19.6,,,,,,,29.99651203348448,,,,,40.62352941176471,12.277642134635508,11.719567492152075,0.4883153121730031,,,42.76246948029299,,3.732124171607953,,,,7.917683990233694,47.8,21.3,27.635294117647057,,,,,,24.8,,,,,99.7558423439135,,,,,,,,,,,13.149633763515869,,,,,,,,,,,,91.8032786885246,,,,,,,,,,,,,,,,,
MADHYA PRADESH,ratlam,18.6,,,,,,,31.61554192229039,,,,,51.96783147106967,11.28834355828221,10.102249488752555,6.503067484662576,,,42.5357873210634,,2.8220858895705523,,,,6.952965235173824,69.4,23.8,24.66728346736887,,,,,,53.1,,,,,97.91411042944786,,,,,,,,,,,12.96523517382413,,,,,,,,,,,,93.04703476482618,,,,,,,,,,,,,,,,,
MADHYA PRADESH,rewa,37.7,,,,,,,22.91463810451152,,,,,45.43236495687699,11.716975008114249,7.59493670886076,2.012333657903278,,,31.51574164232392,,3.310613437195716,,,,7.9519636481661795,46.1,23.1,21.31752156150704,,,,,,21.4,,,,,98.63680623174297,,,,,,,,,,,12.1713729308666,,,,,,,,,,,,91.6910094125284,,,,,,,,,,,,,,,,,
MADHYA PRADESH,sagar,19.1,,,,,,,28.867812685240068,,,,,51.20882162960229,11.558980438648488,7.9134558387670415,0.4445761707172495,,,34.64730290456431,,3.141671606401897,,,,8.417308832246592,68.8,32.9,25.95736827535296,,,,,,32.7,,,,,99.7628927089508,,,,,,,,,,,14.552459988144635,,,,,,,,,,,,91.13811499703615,,,,,,,,,,,,,,,,,
MADHYA PRADESH,satna,44.8,,,,,,,25.77084126379901,,,,,49.14936202151613,8.755234107346784,7.23258469737343,0.8374571754853445,,,31.06204796345641,,2.398172820708032,,,,11.952797868290826,55.4,31.5,17.469352014010507,,,,,,35.2,,,,,99.771602588504,,,,,,,,,,,13.056718690521508,,,,,,,,,,,,87.55234107346783,,,,,,,,,,,,,,,,,
MADHYA PRADESH,sehore,12.4,,,,,,,30.71808510638298,,,,,46.86369119420989,12.76595744680851,23.44858156028369,1.5957446808510638,,,48.58156028368794,,5.939716312056738,,,,10.859929078014185,75.2,28.2,22.24902828039137,,,,,,33.7,,,,,99.42375886524822,,,,,,,,,,,18.35106382978724,,,,,,,,,,,,88.87411347517731,,,,,,,,,,,,,,,,,
MADHYA PRADESH,seoni,20.3,,,,,,,34.06791907514451,,,,,49.55107811947685,8.923410404624278,11.307803468208093,1.914739884393064,,,40.71531791907515,,1.3367052023121389,,,,6.972543352601155,56.2,33.0,22.021915871332627,,,,,,29.0,,,,,99.63872832369944,,,,,,,,,,,9.898843930635838,,,,,,,,,,,,92.3771676300578,,,,,,,,,,,,,,,,,
MADHYA PRADESH,shahdol,18.4,,,,,,,18.24577861163227,,,,,44.85396383866481,9.380863039399625,6.285178236397748,3.5178236397748592,,,31.894934333958723,,6.144465290806754,,,,5.909943714821764,61.4,30.7,18.11047089211206,,,,,,26.5,,,,,98.03001876172608,,,,,,,,,,,10.0375234521576,,,,,,,,,,,,93.94934333958724,,,,,,,,,,,,,,,,,
MADHYA PRADESH,shajapur,13.7,,,,,,,29.69374167776298,,,,,45.76170717249556,16.844207723035954,11.451398135818907,2.330226364846871,,,53.59520639147804,,4.460719041278296,,,,15.84553928095872,74.5,19.6,27.12902588421261,,,,,,37.7,,,,,99.20106524633822,,,,,,,,,,,16.311584553928096,,,,,,,,,,,,83.6884154460719,,,,,,,,,,,,,,,,,
MADHYA PRADESH,sheopur,24.1,,,,,,,15.707236842105262,,,,,28.80481513327601,6.990131578947369,5.921052631578947,2.631578947368421,,,28.125,,2.384868421052632,,,,3.3717105263157894,48.0,15.9,11.986242476354256,,,,,,22.9,,,,,94.32565789473684,,,,,,,,,,,8.305921052631579,,,,,,,,,,,,96.46381578947368,,,,,,,,,,,,,,,,,
MADHYA PRADESH,shivpuri,21.4,,,,,,,16.924008477141992,,,,,35.74358295845462,6.478958522555253,5.389040266424463,1.544050862851953,,,28.8525582803512,,1.9981834695731155,,,,2.8458976687859523,55.5,21.2,15.731675046308546,,,,,,32.7,,,,,99.21283681501664,,,,,,,,,,,9.022101120193764,,,,,,,,,,,,97.1238268240993,,,,,,,,,,,,,,,,,
MADHYA PRADESH,sidhi,20.6,,,,,,,13.542126157917952,,,,,38.46621108580106,13.189236876929863,5.558006175562418,5.381561535068372,,,22.58491398323776,,2.690780767534186,,,,2.734891927657697,44.7,27.1,22.862566438876232,,,,,,20.9,,,,,98.54433171592412,,,,,,,,,,,12.086457873842082,,,,,,,,,,,,97.13277459197175,,,,,,,,,,,,,,,,,
MADHYA PRADESH,singrauli,18.7,,,,,,,16.535819430814524,,,,,38.518201284796575,12.463199214916584,11.13837095191364,2.060843964671246,,,63.4936211972522,,2.894995093228656,,,,5.053974484789009,52.6,29.9,26.41541755888651,,,,,,31.7,,,,,98.5279685966634,,,,,,,,,,,10.206084396467125,,,,,,,,,,,,94.70068694798822,,,,,,,,,,,,,,,,,
MADHYA PRADESH,tikamgarh,21.9,,,,,,,12.574850299401197,,,,,39.62264150943396,6.766467065868263,4.550898203592815,2.395209580838324,,,23.233532934131738,,2.455089820359281,,,,5.808383233532934,56.6,25.8,18.633407952243896,,,,,,32.1,,,,,98.62275449101796,,,,,,,,,,,9.221556886227544,,,,,,,,,,,,94.13173652694611,,,,,,,,,,,,,,,,,
MADHYA PRADESH,ujjain,22.5,,,,,,,30.630961115187088,,,,,57.8436006512263,14.38004402054292,10.381511371973588,4.512105649303008,,,53.191489361702125,,3.741746148202495,,,,12.655906089508436,72.8,29.0,29.488997426605746,,,,,,60.7,,,,,98.42259721203229,,,,,,,,,,,16.764490095377845,,,,,,,,,,,,85.87674247982392,,,,,,,,,,,,,,,,,
MADHYA PRADESH,umaria,24.7,,,,,,,20.61281337047354,,,,,42.890955198647504,11.142061281337048,8.356545961002785,1.4856081708449396,,,45.86815227483751,,2.8783658310120708,,,,4.456824512534819,53.7,26.4,21.79205409974641,,,,,,26.9,,,,,95.636025998143,,,,,,,,,,,15.22748375116063,,,,,,,,,,,,95.35747446610957,,,,,,,,,,,,,,,,,
MADHYA PRADESH,vidisha,18.7,,,,,,,21.472629144178875,,,,,49.01564185544768,13.801079414032383,7.517347725520432,2.1588280647648417,,,40.13107170393215,,2.9683885890516577,,,,4.741711642251349,65.46000000000001,30.040000000000003,21.763754045307444,,,,,,42.0,,,,,96.95451040863531,,,,,,,,,,,12.606013878180416,,,,,,,,,,,,95.02698535080955,,,,,,,,,,,,,,,,,
TRIPURA,dhalai,12.3,,,,,6.849315068493151,,,,,,,30.44901777362021,,13.12785388127854,,,,,,,,3.1963470319634704,,10.730593607305936,67.6,13.9,,,,6.166219839142091,,21.714618973561432,34.0,57.71749298409728,,,,,,70.3,,,17.80821917808219,,,,30.70776255707763,,11.986301369863012,,,,,,,,,81.84931506849315,,,,45.662100456621005,8.789954337899543,32.36584542693217,97.7,,,,,,,,,,,,,
TRIPURA,gomati,12.1,,,,,8.441558441558442,,,,,,,29.93361496680748,,24.83766233766234,,,,,,,,4.220779220779221,,14.935064935064934,77.4,22.8,,,,6.800348735832607,,11.19751166407465,47.7,66.30456648561658,,,,,,87.7,,,10.38961038961039,,,,31.65584415584416,,19.967532467532468,,,,,,,,,84.57792207792207,,,,63.31168831168831,15.909090909090908,8.066149173135335,98.8,,,,,,,,,,,,,
TRIPURA,khowai,14.8,,,,,13.529411764705882,,,,,,,34.93040685224839,,20.392156862745097,,,,,,,,4.901960784313726,,11.96078431372549,67.8,18.9,,,,6.96241528034504,,5.462674961119751,41.5,73.79550321199143,,,,,,83.2,,,5.294117647058823,,,,30.58823529411765,,22.54901960784314,,,,,,,,,77.64705882352942,,,,59.41176470588236,16.666666666666664,5.197435032062099,99.0,,,,,,,,,,,,,
TRIPURA,north tripura,15.3,,,,,10.200364298724956,,,,,,,37.11340206185567,,17.850637522768668,,,,,,,,5.2823315118397085,,22.76867030965392,74.1,23.7,,,,7.414634146341463,,10.16070502851218,41.6,68.73780997492338,,,,,,75.6,,,18.397085610200364,,,,35.33697632058288,,22.586520947176687,,,,,,,,,85.42805100182149,,,,56.102003642987256,14.389799635701277,7.492406344920688,96.2,,,,,,,,,,,,,
TRIPURA,sepahijala,15.3,,,,,12.708018154311649,,,,,,,35.16079039132119,,27.68532526475037,,,,,,,,7.110438729198185,,10.59001512859304,75.4,21.7,,,,11.196043165467623,,13.141524105754277,37.1,72.08446338628438,,,,,,97.4,,,10.892586989409985,,,,31.61875945537065,,28.139183055975792,,,,,,,,,91.37670196671708,,,,69.7428139183056,18.759455370650528,13.837327033412084,99.0,,,,,,,,,,,,,
TRIPURA,south tripura,11.7,,,,,6.576980568011958,,,,,,,26.26192137706444,,20.92675635276532,,,,,,,,5.381165919282512,,9.417040358744394,68.6,21.6,,,,8.231707317073171,,13.990409538621046,29.4,74.64526634100955,,,,,,90.5,,,11.210762331838566,,,,29.596412556053814,,24.06576980568012,,,,,,,,,92.52615844544096,,,,73.69207772795217,19.13303437967115,11.036112048599392,95.9,,,,,,,,,,,,,
TRIPURA,unakoti,14.9,,,,,11.140583554376658,,,,,,,36.8235294117647,,17.771883289124666,,,,,,,,9.283819628647215,,20.95490716180372,61.8,18.7,,,,7.0588235294117645,,5.74779678589943,29.2,68.86274509803921,,,,,,78.6,,,13.262599469496022,,,,35.0132625994695,,22.81167108753316,,,,,,,,,75.86206896551724,,,,62.3342175066313,15.384615384615383,4.893688828889639,96.4,,,,,,,,,,,,,
TRIPURA,west tripura,4.3,,,,,23.64963503649635,,,,,,,54.42622950819672,,31.67883211678832,,,,,,,,27.153284671532845,,29.34306569343066,80.2,30.9,,,,13.368447454226237,,18.58475894245723,65.2,79.16939890710383,,,,,,98.5,,,20.29197080291971,,,,42.04379562043796,,35.03649635036496,,,,,,,,,93.13868613138686,,,,72.11678832116787,21.605839416058394,17.1110361120486,99.8,,,,,,,,,,,,,
MANIPUR,bishnupur,16.8,3.1527890056588523,,,,10.855263157894738,,,,,,8.223684210526317,52.8057087252676,29.93421052631579,,,72.69736842105263,,93.42105263157896,,,,39.47368421052632,,,,,26.4028543626338,,34.53947368421053,,,5.15385781415795,,,,,,,,,,,,,,,24.01315789473684,0.0,30.26315789473684,,,,,,,,,81.57894736842105,,,,,,4.846335697399527,,90.595009596929,35.85526315789473,3.679424825544512,,,,,,,,,,
MANIPUR,chandel,24.8,2.83436669619132,,,,4.80349344978166,,,,,,28.82096069868996,57.68025078369906,10.91703056768559,,,93.0131004366812,,96.50655021834062,,,,0.0,,,,,14.968652037617556,,50.21834061135371,,,6.472639078368955,,,,,,,,,,,,,,,12.22707423580786,0.4366812227074235,12.22707423580786,,,,,,,,,68.12227074235808,,,,,,7.052797478329394,,94.56521739130434,23.14410480349345,6.872488898287164,,,,,,,,,,
MANIPUR,churachandpur,6.8,3.501516404742211,,,,11.618257261410788,,,,,,14.522821576763487,58.36249125262422,15.560165975103734,,,60.37344398340249,,98.7551867219917,,,,0.0,,,,,22.789829717751346,,44.60580912863071,,,6.2755798090040935,,,,,,,,,,,,,,,17.012448132780083,0.0,18.46473029045644,,,,,,,,,59.75103734439834,,,,,,3.900709219858156,,97.95037756202804,16.59751037344398,3.425671389300063,,,,,,,,,,
MANIPUR,imphal east,11.4,3.905723905723905,,,,22.89628180039139,,,,,,44.61839530332681,65.67816450756985,33.85518590998043,,,79.2563600782779,,90.99804305283756,,,,19.17808219178082,,,,,29.327298267519904,,50.09784735812133,,,10.09549795361528,,,,,,,,,,,,,,,33.659491193737765,0.0,31.31115459882583,,,,,,,,,78.27788649706457,,,,,,10.874704491725767,,95.82577132486388,29.54990215264188,10.128991330090928,,,,,,,,,,
MANIPUR,imphal west,0.0,5.958549222797927,,,,26.56826568265683,,,,,,70.29520295202953,65.47545443304068,42.80442804428044,,,75.09225092250922,,97.97047970479706,,,,43.35793357933579,,,,,30.91381229133177,,47.97047970479705,,,10.050022737608003,,,,,,,,,,,,,,,45.20295202952029,0.3690036900369003,39.29889298892989,,,,,,,,,88.92988929889299,,,,,,19.8581560283688,,92.25067385444744,56.64206642066421,22.499471347007823,,,,,,,,,,
MANIPUR,jiribam,19.3,3.459637561779242,,,,6.363636363636363,,,,,,10.0,50.64102564102564,21.818181818181817,,,86.36363636363636,,96.36363636363636,,,,14.545454545454543,,,,,12.01923076923077,,17.272727272727273,,,2.8649386084583903,,,,,,,,,,,,,,,19.090909090909093,0.0,10.0,,,,,,,,,63.63636363636363,,,,,,5.003940110323089,,89.36170212765957,10.0,6.872488898287164,,,,,,,,,,
MANIPUR,kakching,27.3,3.805774278215223,,,,8.187134502923977,,,,,,32.16374269005848,46.50756693830035,41.52046783625731,,,75.43859649122807,,95.906432748538,,,,27.485380116959064,,,,,21.42025611175786,,40.35087719298245,,,3.986660603304532,,,,,,,,,,,,,,,43.85964912280701,0.5847953216374269,34.50292397660819,,,,,,,,,88.30409356725146,,,,,,4.846335697399527,,91.14832535885168,19.883040935672515,7.506872488898288,,,,,,,,,,
MANIPUR,kamjong,25.8,3.49099099099099,,,,0.0,,,,,,7.4074074074074066,48.31649831649832,10.493827160493826,,,25.925925925925924,,98.76543209876544,,,,0.0,,,,,4.545454545454546,,8.024691358024691,,,8.276489313324237,,,,,,,,,,,,,,,5.555555555555555,0.0,11.11111111111111,,,,,,,,,91.9753086419753,,,,,,0.4728132387706856,,81.91489361702128,20.98765432098765,1.8185662930852189,,,,,,,,,,
MANIPUR,kangpokpi,28.7,4.416306361951823,,,,8.365019011406844,,,,,,15.5893536121673,55.36352800953516,15.399239543726235,,,50.95057034220533,,90.11406844106465,,,,0.0,,,,,25.98331346841478,,32.50950570342205,,,6.624223131726542,,,,,,,,,,,,,,,14.068441064638783,0.7604562737642585,14.258555133079849,,,,,,,,,74.52471482889734,,,,,,2.0882584712371943,,80.10610079575596,7.79467680608365,4.546415732713047,,,,,,,,,,
MANIPUR,noney,30.7,1.969872537659328,,,,3.546099290780142,,,,,,9.929078014184398,41.92037470725995,9.219858156028367,,,40.42553191489361,,98.58156028368792,,,,0.0,,,,,22.716627634660423,,10.638297872340424,,,3.698650901925118,,,,,,,,,,,,,,,9.929078014184398,0.0,13.47517730496454,,,,,,,,,70.92198581560284,,,,,,3.585500394011033,,77.39130434782608,3.546099290780142,4.800169168957496,,,,,,,,,,
MANIPUR,pherzawl,49.9,1.402524544179523,,,,3.076923076923077,,,,,,9.230769230769232,44.907407407407405,10.0,,,23.07692307692308,,65.38461538461539,,,,0.0,,,,,10.030864197530864,,35.38461538461539,,,2.395028043049871,,,,,,,,,,,,,,,4.615384615384616,1.5384615384615383,14.615384615384617,,,,,,,,,26.923076923076923,,,,,,2.127659574468085,,87.14285714285714,16.923076923076923,3.6159864664834,,,,,,,,,,
MANIPUR,senapati,4.0,2.735690235690236,,,,2.840909090909091,,,,,,28.693181818181817,54.79556744363775,16.477272727272727,,,69.88636363636364,,98.29545454545456,,,,0.0,,,,,20.443255636224684,,52.84090909090909,,,6.684856753069577,,,,,,,,,,,,,,,16.761363636363637,0.5681818181818182,18.46590909090909,,,,,,,,,90.9090909090909,,,,,,7.5650118203309695,,95.28619528619528,16.193181818181817,7.2954112920279135,,,,,,,,,,
MANIPUR,tamenglong,27.4,3.0193236714975846,,,,2.952029520295203,,,,,,60.88560885608856,50.52287581699346,12.546125461254611,,,31.73431734317343,,94.0959409594096,,,,0.0,,,,,17.18954248366013,,30.25830258302583,,,5.244808246172503,,,,,,,,,,,,,,,12.177121771217712,0.7380073800738007,12.915129151291511,,,,,,,,,63.837638376383765,,,,,,8.55003940110323,,97.82608695652172,9.59409594095941,5.540283358003807,,,,,,,,,,
MANIPUR,tengnoupal,10.2,1.668520578420467,,,,9.210526315789473,,,,,,3.947368421052632,49.09090909090909,11.18421052631579,,,51.97368421052632,,93.42105263157896,,,,10.526315789473683,,,,,12.513368983957218,,40.78947368421053,,,1.4400485068970743,,,,,,,,,,,,,,,19.07894736842105,0.0,14.473684210526317,,,,,,,,,58.55263157894737,,,,,,0.1576044129235618,,85.0,64.47368421052632,4.208077817720449,,,,,,,,,,
MANIPUR,thoubal,11.4,4.48121337469838,,,,13.239436619718308,,,,,,37.74647887323944,42.47404844290658,33.52112676056338,,,76.33802816901408,,94.92957746478872,,,,31.549295774647888,,,,,13.783160322952712,,52.95774647887323,,,11.399120812490526,,,,,,,,,,,,,,,32.95774647887324,0.0,25.352112676056336,,,,,,,,,88.45070422535211,,,,,,16.07565011820331,,92.45541838134432,21.69014084507042,5.624867836751956,,,,,,,,,,
MANIPUR,ukhrul,22.0,4.911906033101976,,,,5.263157894736842,,,,,,28.07017543859649,55.98205383848455,29.385964912280706,,,49.122807017543856,,92.5438596491228,,,,0.0,,,,,18.693918245264207,,17.105263157894736,,,9.337577686827348,,,,,,,,,,,,,,,31.57894736842105,0.4385964912280701,28.50877192982456,,,,,,,,,30.701754385964914,,,,,,2.994483845547676,,84.25196850393701,10.087719298245611,1.5648128568407698,,,,,,,,,,
HARYANA,ambala,4.3,,,96.7910447761194,100.0,78.47157502329915,,,81.08108108108108,,,,,33.550792171481824,,,,,98.3224603914259,,,,,,,,55.3,,4.723156550142101,59.08667287977632,,,,,,5.591798695246971,,,,0.65237651444548,,,,,,,,,,,,,,,,,,,99.34762348555452,,,,,,,99.6,,,,1.5843429636533086,4.070746771476698,,,,,,,,
HARYANA,bhiwani,5.6,,,96.2212486308872,99.91452991452992,81.36752136752136,,,82.3076923076923,,,,,36.75213675213676,,,,,93.5897435897436,,,,,,,,47.0,,5.0626097132826215,71.62393162393163,,,,,,3.589743589743589,,,,0.3418803418803419,,,,,,,,,,,,,,,,,,,98.71794871794872,,,,,,,100.0,,,,3.1623931623931623,2.6537216828478964,,,,,,,,
HARYANA,charkhi dadri,5.0,,,96.9496021220159,99.03846153846156,83.26923076923077,,,95.1923076923077,,,,,41.15384615384615,,,,,95.57692307692308,,,,,,,,54.5,,5.988150131389756,69.23076923076923,,,,,,1.7307692307692308,,,,0.7692307692307693,,,,,,,,,,,,,,,,,,,99.6153846153846,,,,,,,99.5,,,,5.5769230769230775,2.608155661353757,,,,,,,,
HARYANA,faridabad,6.2,,,98.19503960524608,100.0,95.37275064267352,,,80.39845758354755,,,,,48.0719794344473,,,,,98.97172236503856,,,,,,,,55.6,,4.366997462001312,88.49614395886888,,,,,,10.861182519280206,,,,0.0642673521850899,,,,,,,,,,,,,,,,,,,99.93573264781492,,,,,,,100.0,,,,22.17223650385604,0.922373683780916,,,,,,,,
HARYANA,fatehabad,6.6,,,96.12129760225667,100.0,83.29519450800915,,,86.04118993135012,,,,,37.75743707093822,,,,,95.65217391304348,,,,,,,,41.5,,4.599503325195724,68.3066361556064,,,,,,6.178489702517163,,,,0.3432494279176201,,,,,,,,,,,,,,,,,,,99.77116704805492,,,,,,,99.8,,,,7.093821510297483,3.534660260809883,,,,,,,,
HARYANA,gurugram,5.2,,,98.94572025052192,99.83471074380164,92.8099173553719,,,88.7603305785124,,,,,55.45454545454545,,,,,97.76859504132231,,,,,,,,59.6,,5.007484038732408,82.72727272727273,,,,,,12.975206611570249,,,,0.3305785123966942,,,,,,,,,,,,,,,,,,,99.42148760330578,,,,,,,99.4,,,,16.03305785123967,1.75902552390111,,,,,,,,
HARYANA,hisar,8.0,,,95.2816790279312,100.0,90.99740932642489,,,87.43523316062176,,,,,44.62435233160622,,,,,97.7979274611399,,,,,,,,43.9,,4.871082718643534,74.41709844559585,,,,,,3.821243523316062,,,,0.0,,,,,,,,,,,,,,,,,,,99.02849740932642,,,,,,,99.7,,,,6.865284974093264,2.8598779466315665,,,,,,,,
HARYANA,jhajjar,6.1,,,97.98964361864148,100.0,85.31073446327684,,,90.5084745762712,,,,,50.84745762711864,,,,,97.74011299435028,,,,,,,,62.7,,4.973614645109551,69.03954802259888,,,,,,4.067796610169491,,,,1.807909604519774,,,,,,,,,,,,,,,,,,,99.66101694915255,,,,,,,99.8,,,,8.248587570621469,1.950831093858864,,,,,,,,
HARYANA,jind,7.2,,,96.9657337169762,100.0,84.77477477477477,,,91.35135135135135,,,,,39.0990990990991,,,,,89.90990990990991,,,,,,,,45.3,,4.623948690022388,71.62162162162163,,,,,,4.414414414414415,,,,0.2702702702702703,,,,,,,,,,,,,,,,,,,100.0,,,,,,,100.0,,,,27.29729729729729,4.231004100148303,,,,,,,,
HARYANA,kaithal,5.8,,,94.86531986531986,100.0,90.13933547695603,,,89.06752411575563,,,,,41.37191854233655,,,,,95.39121114683816,,,,,,,,45.9,,4.719425850770393,70.20364415862808,,,,,,4.501607717041801,,,,0.5359056806002144,,,,,,,,,,,,,,,,,,,99.57127545551982,,,,,,,100.0,,,,40.08574490889603,1.181945090739879,,,,,,,,
HARYANA,karnal,6.6,,,96.729068092985,99.84387197501952,85.63622170179546,,,80.64012490241998,,,,,39.50039032006245,,,,,99.14129586260734,,,,,,,,46.8,,4.600905115308407,69.63309914129586,,,,,,8.118657298985168,,,,0.078064012490242,,,,,,,,,,,,,,,,,,,98.12646370023418,,,,,,,99.2,,,,13.895394223263075,0.8600369497356183,,,,,,,,
HARYANA,kurukshetra,4.3,,,96.36122177954849,100.0,89.62962962962962,,,85.92592592592592,,,,,31.944444444444443,,,,,96.48148148148148,,,,,,,,48.4,,5.090417132072565,72.22222222222221,,,,,,4.537037037037037,,,,0.0,,,,,,,,,,,,,,,,,,,99.72222222222224,,,,,,,99.6,,,,8.333333333333332,2.6198808285254893,,,,,,,,
HARYANA,mahendragarh,4.9,,,96.3011456628478,99.79674796747967,88.10975609756098,,,89.53252032520325,,,,,31.19918699186992,,,,,96.7479674796748,,,,,,,,52.4,,5.480428314358508,65.34552845528455,,,,,,1.321138211382114,,,,0.3048780487804878,,,,,,,,,,,,,,,,,,,98.57723577235772,,,,,,,99.6,,,,7.926829268292683,2.015604681404421,,,,,,,,
HARYANA,nuh,19.7,,,93.60861759425494,100.0,77.58164165931156,,,83.40688437775816,,,,,19.858781994704326,,,,,54.19240953221536,,,,,,,,13.9,,2.484216918035129,41.04148278905561,,,,,,41.04148278905561,,,,1.9417475728155336,,,,,,,,,,,,,,,,,,,96.73433362753752,,,,,,,98.6,,,,42.89496910856134,4.577042894799904,,,,,,,,
HARYANA,palwal,9.7,,,96.62737393582186,99.28952042628777,82.94849023090586,,,92.27353463587922,,,,,32.41563055062167,,,,,86.32326820603907,,,,,,,,39.4,,4.086931956704294,64.12078152753108,,,,,,11.989342806394315,,,,0.4440497335701598,,,,,,,,,,,,,,,,,,,97.60213143872114,,,,,,,98.9,,,,33.65896980461812,3.370892907868573,,,,,,,,
HARYANA,panchkula,15.9,,,95.85215605749488,94.92119089316988,71.10332749562171,,,74.25569176882661,,,,,33.274956217162874,,,,,97.19789842381786,,,,,,,,60.3,,4.563877970158998,51.66374781085814,,,,,,14.010507880910684,,,,0.8756567425569177,,,,,,,,,,,,,,,,,,,99.8248686514886,,,,,,,99.5,,,,0.8756567425569177,0.6556399940396365,,,,,,,,
HARYANA,panipat,5.3,,,97.39493733103956,100.0,92.72349272349273,,,92.3076923076923,,,,,43.34719334719335,,,,,95.11434511434511,,,,,,,,52.1,,4.149161253864085,80.45738045738045,,,,,,9.667359667359667,,,,0.4158004158004158,,,,,,,,,,,,,,,,,,,99.16839916839916,,,,,,,99.6,,,,25.15592515592516,0.5512768544791244,,,,,,,,
HARYANA,rewari,2.0,,,96.29300118623962,99.78947368421052,87.47368421052632,,,92.94736842105264,,,,,38.8421052631579,,,,,97.89473684210527,,,,,,,,58.7,,4.966511357018055,66.63157894736842,,,,,,2.8421052631578947,,,,0.0,,,,,,,,,,,,,,,,,,,98.8421052631579,,,,,,,100.0,,,,13.684210526315791,2.0228671943711523,,,,,,,,
HARYANA,rohtak,6.8,,,98.56887298747765,100.0,88.15461346633417,,,87.90523690773068,,,,,53.99002493765585,,,,,97.38154613466334,,,,,,,,55.9,,5.118901220135526,77.80548628428927,,,,,,6.234413965087282,,,,1.99501246882793,,,,,,,,,,,,,,,,,,,98.75311720698254,,,,,,,99.7,,,,4.488778054862843,1.3445378151260503,,,,,,,,
HARYANA,sirsa,8.4,,,94.82936918304034,99.57118353344768,77.18696397941682,,,87.6500857632933,,,,,37.22126929674099,,,,,97.94168096054888,,,,,,,,44.7,,4.525781330952742,65.00857632933105,,,,,,6.260720411663807,,,,0.2572898799313894,,,,,,,,,,,,,,,,,,,99.65694682675816,,,,,,,99.9,,,,2.401372212692967,4.04191616766467,,,,,,,,
HARYANA,sonipat,6.3,,,98.1845977450793,99.92266047950504,87.93503480278422,,,86.6202629543697,,,,,43.46481051817479,,,,,96.21036349574634,,,,,,,,56.8,,4.913202088181647,70.45630317092034,,,,,,5.104408352668213,,,,0.1546790409899458,,,,,,,,,,,,,,,,,,,98.91724671307038,,,,,,,99.3,,,,18.561484918793504,1.5105933559495617,,,,,,,,
HARYANA,yamunanagar,6.5,,,94.7770386794777,99.9213217938631,82.76947285601888,,,90.79464988198268,,,,,29.03225806451613,,,,,95.5153422501967,,,,,,,,51.2,,3.8642280942420526,60.188827694728566,,,,,,6.058221872541306,,,,1.4948859166011017,,,,,,,,,,,,,,,,,,,99.0558615263572,,,,,,,99.8,,,,4.012588512981904,1.5007244876837094,,,,,,,,
HIMACHAL PRADESH,bilaspur (h.p.),4.3,,,96.47651006711408,99.07120743034056,,,97.7296181630547,,,,,53.51542741527568,,,,,,,,,,4.850361197110424,,10.01031991744066,80.8,64.2,,,,,,5.762300762300762,,79.16034395548812,,,,99.58720330237358,,,,,,,1.6511867905056758,,,,25.696594427244584,,80.96459722934839,,,,,83.07533539731682,,99.27760577915376,,,,,,7.184343434343435,,,,,,,21.15583075335397,,,,,,,
HIMACHAL PRADESH,chamba,9.4,,,96.58273381294964,67.74725274725274,,,99.56043956043956,,,,,40.71591196559575,,,,,,,,,,2.527472527472528,,8.846153846153847,86.5,50.9,,,,,,9.864864864864863,,67.3412598026815,,,,99.8901098901099,,,,,,,1.3186813186813189,,,,16.923076923076923,,84.07643312101911,,,,,83.68131868131869,,99.28571428571428,,,,,,17.891414141414142,,,,,,,3.901098901098901,,,,,,,
HIMACHAL PRADESH,hamirpur (h.p.),1.8,,,98.16559246405554,100.0,,,99.32810750279955,,,,,58.69883040935673,,,,,,,,,,5.487122060470324,,20.940649496080628,85.5,76.1,,,,,,5.46084546084546,,78.3625730994152,,,,100.0,,,,,,,1.3437849944008955,,,,33.03471444568869,,89.39194139194139,,,,,78.72340425531915,,99.44008958566629,,,,,,6.4520202020202015,,,,,,,21.948488241881297,,,,,,,
HIMACHAL PRADESH,kangra,3.2,,,98.22105089771044,95.1508986096982,,,97.2533062054934,,,,,59.24198829248933,,,,,,,,,,7.392336385215327,,17.09053916581892,73.3,69.9,,,,,,17.692307692307693,,73.3802956642524,,,,99.8304510003391,,,,,,,0.8816547982366905,,,,30.790098338419803,,86.96937803839022,,,,,78.97592404204815,,99.05052560189895,,,,,,13.068181818181818,,,,,,,19.057307561885384,,,,,,,
HIMACHAL PRADESH,kinnaur,14.9,,,98.54721549636804,98.84615384615384,,,99.6153846153846,,,,,53.36963921034717,,,,,,,,,,0.0,,13.846153846153848,80.1,56.1,,,,,,1.048163548163548,,67.12049012933969,,,,99.23076923076924,,,,,,,1.9230769230769231,,,,25.769230769230766,,83.7956204379562,,,,,86.15384615384616,,100.0,,,,,,2.803030303030303,,,,,,,3.076923076923077,,,,,,,
HIMACHAL PRADESH,kullu,8.9,,,96.26865671641792,96.65551839464884,,,99.24749163879598,,,,,50.42258013076064,,,,,,,,,,4.264214046822742,,12.123745819397994,81.2,54.4,,,,,,7.395183645183645,,75.3149417955669,,,,99.24749163879598,,,,,,,0.7525083612040134,,,,22.65886287625418,,79.71277399848829,,,,,80.35117056856187,,98.07692307692308,,,,,,4.835858585858586,,,,,,,5.852842809364549,,,,,,,
HIMACHAL PRADESH,lahul & spiti,18.4,,,95.32374100719424,51.94805194805194,,,80.95238095238095,,,,,43.15789473684211,,,,,,,,,,0.0,,5.194805194805195,61.7,55.9,,,,,,0.2546777546777546,,67.15789473684211,,,,99.13419913419914,,,,,,,1.7316017316017316,,,,19.480519480519483,,67.0150987224158,,,,,96.1038961038961,,95.23809523809524,,,,,,0.8712121212121213,,,,,,,10.822510822510822,,,,,,,
HIMACHAL PRADESH,mandi,5.3,,,95.56219330061872,81.2822402358143,,,99.3367722918202,,,,,50.503845133916734,,,,,,,,,,4.8636698599852615,,7.3323507737656595,87.0,71.8,,,,,,14.412681912681911,,75.45080880403076,,,,99.41046425939572,,,,,,,0.7000736919675755,,,,25.018422991893885,,79.27437344180554,,,,,82.16654384672071,,98.894620486367,,,,,,5.707070707070707,,,,,,,8.806190125276345,,,,,,,
HIMACHAL PRADESH,shimla,6.1,,,97.11490215755144,99.625468164794,,,99.87515605493134,,,,,51.36407088756526,,,,,,,,,,8.614232209737828,,15.064502704952144,87.3,69.7,,,,,,15.774428274428272,,72.65240091183175,,,,99.54223886808155,,,,,,,0.7490636704119851,,,,23.80357885975864,,72.17562155218016,,,,,83.97836038285476,,98.50187265917604,,,,,,13.345959595959595,,,,,,,4.286308780690804,,,,,,,
HIMACHAL PRADESH,sirmaur,9.9,,,95.22194821208384,86.15384615384616,,,98.15384615384616,,,,,50.58501369180981,,,,,,,,,,3.2,,8.492307692307692,84.3,55.6,,,,,,7.8170478170478175,,71.83221309434902,,,,99.26153846153844,,,,,,,1.1692307692307693,,,,21.476923076923075,,79.23850574712644,,,,,85.47692307692307,,97.72307692307692,,,,,,7.803030303030304,,,,,,,14.276923076923076,,,,,,,
HIMACHAL PRADESH,solan,9.1,,,97.00499168053244,98.39766933721778,,,97.96067006554988,,,,,65.3625666297898,,,,,,,,,,8.594319009468318,,19.737800436999272,81.8,62.3,,,,,,8.492723492723494,,81.54480539072715,,,,99.7086671522214,,,,,,,1.165331391114348,,,,24.18062636562272,,88.33684210526316,,,,,76.25637290604516,,99.63583394027675,,,,,,11.931818181818182,,,,,,,13.47414420975965,,,,,,,
HIMACHAL PRADESH,una,4.7,,,97.7084898572502,98.88517279821627,,,98.7736900780379,,,,,64.09638554216868,,,,,,,,,,5.797101449275362,,14.938684503901897,81.4,66.8,,,,,,6.024774774774775,,75.22590361445783,,,,99.77703455964324,,,,,,,1.0033444816053512,,,,31.438127090301005,,86.12612612612612,,,,,82.94314381270902,,99.77703455964324,,,,,,8.106060606060606,,,,,,,20.066889632107024,,,,,,,
MAHARASHTRA,ahmadnagar,12.6,,,,,,,,,6.766489764973464,,,,,,,,9.05989385898408,,,,,,1.7058377558756634,,79.5,,,3.6745135625287264,,,,,,,7.657316148597422,,,,,,,,,,,,,,17.437452615617893,,,,,,4.0166795528207615,,,,3.563369877838224,,,,,,,,,,,,38.570887035633056,89.04473085670963,,,,,,
MAHARASHTRA,akola,7.7,,,,,,,,,8.219923788786064,,,,,,,,10.234077299945564,,,,,,3.0484485574305933,,69.5,,,3.7166588461843153,,,,,,,11.540555253130105,,,,,,,,,,,,,,20.19597169297768,,,,,,4.021657657877257,,,,1.5716457151324783,,,,,,,,,,,,45.94447468698966,68.97114861186718,,,,,,
MAHARASHTRA,amravati,11.2,,,,,,,,,10.181311018131105,,,,,,,,14.435146443514643,,,,,,3.1380753138075312,,75.7,,,3.5417836990332776,,,,,,,8.612273361227336,,,,,,,,,,,,,,21.02510460251046,,,,,,3.9920264276551327,,,,2.5218178103382853,,,,,,,,,,,,25.627615062761507,77.99860529986053,,,,,,
MAHARASHTRA,bhandara,2.9,,,,,,,,,9.295120061967468,,,,,,,,29.58946553059644,,,,,,2.0914020139426803,,81.8,,,3.5367261655410585,,,,,,,4.182804027885361,,,,,,,,,,,,,,17.815646785437643,,,,,,4.342362040603639,,,,1.172447703488829,,,,,,,,,,,,60.80557707203717,90.3950426026336,,,,,,
MAHARASHTRA,bid,9.3,,,,,,,,,5.163557718302244,,,,,,,,8.299540416328737,,,,,,1.5409570154095702,,66.4,,,4.196216600384086,,,,,,,6.839686401730197,,,,,,,,,,,,,,17.11273317112733,,,,,,4.5761443196080505,,,,2.4820776258270785,,,,,,,,,,,,52.55474452554745,87.96972154636387,,,,,,
MAHARASHTRA,buldana,12.9,,,,,,,,,7.683024939662107,,,,,,,,16.733708769107,,,,,,1.9710378117457763,,68.9,,,3.417909232940728,,,,,,,10.619469026548671,,,,,,,,,,,,,,16.411906677393404,,,,,,3.942000559824826,,,,2.354998843717796,,,,,,,,,,,,34.71440064360418,77.83588093322606,,,,,,
MAHARASHTRA,chandrapur,7.2,,,,,,,,,8.47870182555781,,,,,,,,19.06693711967545,,,,,,1.6632860040567952,,77.3,,,3.890188925508357,,,,,,,7.342799188640973,,,,,,,,,,,,,,17.322515212981745,,,,,,4.195735455138724,,,,1.316590067648122,,,,,,,,,,,,59.39148073022312,86.08519269776876,,,,,,
MAHARASHTRA,chhatrapati sambhajinagar,12.0,,,,,,,,,8.182021968168572,,,,,,,,13.584398117014125,,,,,,1.7260703878054249,,69.1,,,3.6790332320765855,,,,,,,9.437345886572515,,,,,,,,,,,,,,18.65052678771576,,,,,,4.371734412796478,,,,1.772591845852988,,,,,,,,,,,,39.81170141223941,72.60703878054248,,,,,,
MAHARASHTRA,dharashiv,19.5,,,,,,,,,12.493090105030404,,,,,,,,4.698728579325595,,,,,,2.7639579878385847,,71.2,,,3.984917494213395,,,,,,,4.588170259812051,,,,,,,,,,,,,,20.39800995024876,,,,,,5.1161054282087655,,,,1.0518800250565232,,,,,,,,,,,,44.11276948590381,89.88391376451078,,,,,,
MAHARASHTRA,dhule,17.3,,,,,,,,,9.041231992051664,,,,,,,,16.294088425235966,,,,,,3.229011425732737,,58.9,,,3.0687656630868587,,,,,,,14.605067064083457,,,,,,,,,,,,,,19.17536015896672,,,,,,3.34404762720654,,,,1.4373822668968754,,,,,,,,,,,,20.96373571783408,88.02781917536015,,,,,,
MAHARASHTRA,gadchiroli,9.0,,,,,,,,,5.923694779116466,,,,,,,,22.289156626506024,,,,,,2.208835341365462,,62.4,,,4.061085137146053,,,,,,,4.26706827309237,,,,,,,,,,,,,,15.461847389558232,,,,,,4.8747796903528124,,,,1.956025352890593,,,,,,,,,,,,77.86144578313254,91.1144578313253,,,,,,
MAHARASHTRA,gondiya,3.9,,,,,,,,,10.84704448507008,,,,,,,,25.1066422912858,,,,,,2.437538086532602,,74.3,,,3.768839802324968,,,,,,,5.545399146861669,,,,,,,,,,,,,,16.392443631931748,,,,,,4.580028490529537,,,,1.275053716605335,,,,,,,,,,,,69.71358927483242,75.86837294332724,,,,,,
MAHARASHTRA,hingoli,11.3,,,,,,,,,8.345864661654137,,,,,,,,10.075187969924812,,,,,,2.1052631578947367,,69.0,,,3.8592376458324607,,,,,,,6.315789473684211,,,,,,,,,,,,,,15.413533834586463,,,,,,4.5014356382656935,,,,0.9160449311057874,,,,,,,,,,,,60.0,88.94736842105263,,,,,,
MAHARASHTRA,jalgaon,18.3,,,,,,,,,8.74963050546852,,,,,,,,13.00620750812888,,,,,,2.276086313922554,,59.7,,,3.1543172381556377,,,,,,,14.365947383978718,,,,,,,,,,,,,,20.041383387525865,,,,,,3.4167611066951182,,,,3.358831414054554,,,,,,,,,,,,18.7112030741945,79.89949748743719,,,,,,
MAHARASHTRA,jalna,8.2,,,,,,,,,6.421267893660532,,,,,,,,13.537832310838446,,,,,,1.6768916155419225,,63.6,,,3.6003045033659564,,,,,,,8.87525562372188,,,,,,,,,,,,,,14.355828220858896,,,,,,4.4548543906698574,,,,2.293255619194733,,,,,,,,,,,,47.11656441717791,80.65439672801637,,,,,,
MAHARASHTRA,kolhapur,7.6,,,,,,,,,9.03663500678426,,,,,,,,7.381275440976934,,,,,,3.636363636363636,,82.0,,,3.6402506564627695,,,,,,,8.819538670284938,,,,,,,,,,,,,,23.364993215739485,,,,,,4.190672419268634,,,,6.336201960964812,,,,,,,,,,,,20.434192672998645,85.78018995929443,,,,,,
MAHARASHTRA,latur,11.6,,,,,,,,,8.620689655172415,,,,,,,,7.083958020989506,,,,,,2.736131934032984,,72.5,,,3.981984528476001,,,,,,,5.697151424287856,,,,,,,,,,,,,,23.463268365817093,,,,,,4.645613976746989,,,,1.2384568235243931,,,,,,,,,,,,42.80359820089955,85.23238380809596,,,,,,
MAHARASHTRA,mumbai (suburban),58.1,,,,,,,,,2.0486555697823303,,,,,,,,2.9449423815621,,,,,,0.9816474605207,,58.6,,,2.7047122945187603,,,,,,,25.73623559539053,,,,,,,,,,,,,,6.743491250533504,,,,,,3.014124608649153,,,,0.73103977835305,,,,,,,,,,,,1.0670081092616304,25.224071702944943,,,,,,
MAHARASHTRA,mumbai ii,3.6,,,,,,,,,18.628571428571423,,,,,,,,5.542857142857143,,,,,,7.199999999999999,,58.6,,,3.4286258112998844,,,,,,,34.457142857142856,,,,,,,,,,,,,,80.45714285714286,,,,,,2.610165748038919,,,,0.5022530663930506,,,,,,,,,,,,2.9714285714285715,19.371428571428574,,,,,,
MAHARASHTRA,nagpur,5.7,,,,,,,,,9.157049673858504,,,,,,,,31.68590065228299,,,,,,2.308078273958856,,88.9,,,3.899462289514646,,,,,,,8.881083793276467,,,,,,,,,,,,,,25.489212242849973,,,,,,4.13989906136503,,,,6.635263688472877,,,,,,,,,,,,27.972905168088307,65.45408931259408,,,,,,
MAHARASHTRA,nanded,13.7,,,,,,,,,6.959805772862153,,,,,,,,6.959805772862153,,,,,,2.5627191799298625,,68.0,,,3.6553656867285538,,,,,,,7.984893444834097,,,,,,,,,,,,,,15.753978958726734,,,,,,4.229924809415499,,,,3.006109211415536,,,,,,,,,,,,44.24062584299973,88.4003237118964,,,,,,
MAHARASHTRA,nandurbar,18.6,,,,,,,,,5.910390848427073,,,,,,,,8.77025738798856,,,,,,2.8122020972354624,,54.1,,,3.361532331813116,,,,,,,14.489990467111536,,,,,,,,,,,,,,16.7302192564347,,,,,,3.376528670942094,,,,1.899670627962272,,,,,,,,,,,,52.09723546234509,91.9447092469018,,,,,,
MAHARASHTRA,nashik,15.9,,,,,,,,,7.83715925394548,,,,,,,,13.145624103299856,,,,,,1.847202295552368,,68.3,,,3.1191824923354816,,,,,,,16.535150645624103,,,,,,,,,,,,,,18.256814921090385,,,,,,3.1889157855286525,,,,4.709548645802696,,,,,,,,,,,,28.15638450502152,84.84576757532281,,,,,,
MAHARASHTRA,palghar,15.3,,,,,,,,,4.4424297370806896,,,,,,,,17.104865518283468,,,,,,1.6319129646418855,,75.1,,,2.8393156104375272,,,,,,,17.67905711695376,,,,,,,,,,,,,,14.505893019038984,,,,,,3.1657549292470435,,,,2.3794716127105726,,,,,,,,,,,,46.781504986400726,75.46086430945905,,,,,,
MAHARASHTRA,parbhani,14.3,,,,,,,,,6.390081068192656,,,,,,,,10.300429184549357,,,,,,1.239866475917978,,60.1,,,3.7219792641833687,,,,,,,8.583690987124463,,,,,,,,,,,,,,17.310443490701,,,,,,4.464162864920426,,,,1.1095818748835298,,,,,,,,,,,,62.27944682880305,83.97711015736766,,,,,,
MAHARASHTRA,pune,9.3,,,,,,,,,8.699186991869919,,,,,,,,10.70460704607046,,,,,,1.1788617886178865,,79.6,,,3.419678339406673,,,,,,,14.268292682926829,,,,,,,,,,,,,,22.95392953929539,,,,,,3.327266718948059,,,,5.966191655459336,,,,,,,,,,,,29.56639566395664,74.49864498644988,,,,,,
MAHARASHTRA,raigarh (maharashtra),12.1,,,,,,,,,3.944055944055944,,,,,,,,7.552447552447552,,,,,,1.4545454545454546,,74.8,,,3.786758484708029,,,,,,,7.1328671328671325,,,,,,,,,,,,,,16.531468531468533,,,,,,3.972896020482486,,,,3.691571264029744,,,,,,,,,,,,15.44055944055944,82.54545454545455,,,,,,
MAHARASHTRA,ratnagiri,9.4,,,,,,,,,6.091030789825971,,,,,,,,13.92235609103079,,,,,,1.9410977242302545,,85.6,,,5.534071529796075,,,,,,,1.8072289156626504,,,,,,,,,,,,,,13.788487282463183,,,,,,6.789325775226383,,,,6.873929316356565,,,,,,,,,,,,17.369477911646587,88.45381526104418,,,,,,
MAHARASHTRA,sangli,12.5,,,,,,,,,8.103564223268325,,,,,,,,6.556825823806321,,,,,,2.488231338264963,,84.7,,,3.5230984115353627,,,,,,,8.47343644922663,,,,,,,,,,,,,,18.392737054472093,,,,,,4.120099666736747,,,,3.065607227774123,,,,,,,,,,,,43.77942165433759,82.68325487558843,,,,,,
MAHARASHTRA,satara,10.4,,,,,,,,,6.36959370904325,,,,,,,,5.4521625163827,,,,,,1.1009174311926606,,78.7,,,4.0909757300315865,,,,,,,3.197903014416776,,,,,,,,,,,,,,18.03407601572739,,,,,,5.079900307872745,,,,4.650050629444109,,,,,,,,,,,,22.33289646133683,91.53342070773265,,,,,,
MAHARASHTRA,sindhudurg,6.6,,,,,,,,,5.139056831922612,,,,,,,,24.24425634824668,,,,,,2.4788391777509067,,87.9,,,6.083292423498609,,,,,,,1.4510278113663846,,,,,,,,,,,,,,13.663845223700122,,,,,,7.98150875470463,,,,2.3736340714829374,,,,,,,,,,,,21.46311970979444,94.37726723095528,,,,,,
MAHARASHTRA,solapur,16.1,,,,,,,,,7.833120476798637,,,,,,,,6.300553426990209,,,,,,1.7241379310344829,,67.8,,,3.619168001039187,,,,,,,8.237547892720306,,,,,,,,,,,,,,17.00723712217965,,,,,,4.076435189464244,,,,4.324270924778791,,,,,,,,,,,,47.85014899957429,87.35632183908046,,,,,,
MAHARASHTRA,thane,12.5,,,,,,,,,4.878048780487805,,,,,,,,9.193245778611631,,,,,,1.6051698978528248,,74.7,,,2.9628240196749007,,,,,,,23.53554304773817,,,,,,,,,,,,,,24.577861163227016,,,,,,2.9444848331343105,,,,4.332578194987348,,,,,,,,,,,,20.241817802793413,50.07296226808422,,,,,,
MAHARASHTRA,wardha,8.8,,,,,,,,,5.205479452054795,,,,,,,,20.82191780821918,,,,,,1.7123287671232876,,80.2,,,4.005289450484866,,,,,,,5.273972602739726,,,,,,,,,,,,,,17.26027397260274,,,,,,4.295719463218728,,,,1.569625027784451,,,,,,,,,,,,35.273972602739725,85.61643835616438,,,,,,
MAHARASHTRA,washim,5.5,,,,,,,,,8.625730994152047,,,,,,,,13.669590643274852,,,,,,2.7046783625730995,,61.5,,,3.612065240637044,,,,,,,11.330409356725148,,,,,,,,,,,,,,18.27485380116959,,,,,,4.002688535751851,,,,2.309645638795401,,,,,,,,,,,,54.09356725146199,79.89766081871345,,,,,,
MAHARASHTRA,yavatmal,11.8,,,,,,,,,7.606734816596512,,,,,,,,12.59771497294047,,,,,,2.9464822609741432,,66.4,,,3.638949531136944,,,,,,,10.252555622369211,,,,,,,,,,,,,,15.634395670475046,,,,,,4.118489769600922,,,,3.251285942976203,,,,,,,,,,,,49.63920625375827,85.53818400481057,,,,,,
PUNJAB,amritsar,5.6,,,98.51704632319218,,88.11222063718498,,,,,,,,,,,,,100.0,,,,,,,86.0,56.7,,4.534348924043314,67.28483119353305,,2.08189143976044,,,,6.799809795530195,,,,,,,,22.111269614835948,,,,,,,,,52.25867807893485,,,,,,,,,,,,,,,,,,,,,,,,,,
PUNJAB,barnala,4.5,,,98.35850295469469,,92.72727272727272,,,,,,,,,,,,,99.77272727272728,,,,,,,90.7,53.1,,4.8971509895957634,74.0909090909091,,2.796625559242567,,,,3.8636363636363633,,,,,,,,57.04545454545455,,,,,,,,,78.86363636363637,,,,,,,,,,,,,,,,,,,,,,,,,,
PUNJAB,bathinda,4.3,,,97.506678539626,,91.97224975222991,,,,,,,,,,,,,99.90089197224977,,,,,,,88.4,41.1,,4.59873696907643,74.33102081268584,,2.5738510415775937,,,,6.2438057482656095,,,,,,,,30.921704658077303,,,,,,,,,74.52923686818632,,,,,,,,,,,,,,,,,,,,,,,,,,
PUNJAB,faridkot,5.4,,,97.66990291262135,,93.44569288389512,,,,,,,,,,,,,100.0,,,,,,,87.5,46.5,,4.816893668799309,62.172284644194754,,2.7368668606873032,,,,4.868913857677903,,,,,,,,19.850187265917604,,,,,,,,,69.10112359550563,,,,,,,,,,,,,,,,,,,,,,,,,,
PUNJAB,fatehgarh sahib,5.1,,,97.0108695652174,,86.94550063371355,,,,,,,,,,,,,99.61977186311786,,,,,,,87.6,62.3,,5.387214392055129,72.6235741444867,,3.625709577000549,,,,2.915082382762991,,,,,,,,28.89733840304182,,,,,,,,,77.31305449936629,,,,,,,,,,,,,,,,,,,,,,,,,,
PUNJAB,fazilka,9.8,,,95.63335955940204,,89.19753086419753,,,,,,,,,,,,,98.559670781893,,,,,,,81.8,41.3,,4.319020613916645,67.5925925925926,,2.493651599796851,,,,9.876543209876544,,,,,,,,22.530864197530864,,,,,,,,,61.21399176954733,,,,,,,,,,,,,,,,,,,,,,,,,,
PUNJAB,firozpur,3.9,,,98.03849000740192,,90.13953488372093,,,,,,,,,,,,,100.0,,,,,,,84.8,47.5,,4.508304643383106,59.906976744186046,,2.7540378234600515,,,,6.511627906976744,,,,,,,,33.674418604651166,,,,,,,,,69.02325581395348,,,,,,,,,,,,,,,,,,,,,,,,,,
PUNJAB,gurdaspur,6.8,,,97.58114533801944,,89.79690522243715,,,,,,,,,,,,,99.95164410058028,,,,,,,85.4,64.6,,5.173910743349007,66.92456479690522,,2.684408847239133,,,,1.9825918762088968,,,,,,,,22.77562862669245,,,,,,,,,54.98065764023211,,,,,,,,,,,,,,,,,,,,,,,,,,
PUNJAB,hoshiarpur,4.8,,,99.04019196160768,,87.90506617982656,,,,,,,,,,,,,99.90871748060246,,,,,,,89.7,73.2,,4.848009450383922,69.60292104062073,,3.304990234317376,,,,2.190780465540849,,,,,,,,16.15700593336376,,,,,,,,,68.27932450935646,,,,,,,,,,,,,,,,,,,,,,,,,,
PUNJAB,jalandhar,5.5,,,99.15660658177607,,95.56297709923663,,,,,,,,,,,,,99.90458015267176,,,,,,,88.2,64.4,,4.567603529470534,76.2881679389313,,2.626571878297269,,,,5.820610687022901,,,,,,,,24.47519083969466,,,,,,,,,59.16030534351145,,,,,,,,,,,,,,,,,,,,,,,,,,
PUNJAB,kapurthala,6.3,,,98.94179894179894,,86.38589618021547,,,,,,,,,,,,,100.0,,,,,,,87.7,60.3,,5.163354748742467,65.91576885406464,,3.182516686804228,,,,2.9382957884427032,,,,,,,,28.40352595494613,,,,,,,,,68.16846229187071,,,,,,,,,,,,,,,,,,,,,,,,,,
PUNJAB,ludhiana,7.4,,,98.98980537534754,,93.4525939177102,,,,,,,,,,,,,99.49910554561716,,,,,,,84.6,61.6,,3.996945206006296,84.57960644007156,,2.219273312203312,,,,10.76923076923077,,,,,,,,34.74060822898032,,,,,,,,,61.82468694096601,,,,,,,,,,,,,,,,,,,,,,,,,,
PUNJAB,malerkotla,2.7,,,98.05900621118012,,90.56122448979592,,,,,,,,,,,,,99.74489795918367,,,,,,,86.50454545454545,55.08181818181819,,4.769646371426127,75.0,,2.683984702919504,,,,3.316326530612245,,,,,,,,38.52040816326531,,,,,,,,,68.11224489795919,,,,,,,,,,,,,,,,,,,,,,,,,,
PUNJAB,mansa,5.2,,,95.69160997732426,,91.15853658536584,,,,,,,,,,,,,99.54268292682929,,,,,,,85.4,37.5,,4.936506315323596,74.54268292682927,,2.9496951219512195,,,,3.8109756097560976,,,,,,,,27.89634146341464,,,,,,,,,64.9390243902439,,,,,,,,,,,,,,,,,,,,,,,,,,
PUNJAB,moga,7.2,,,98.67572156196944,,95.8128078817734,,,,,,,,,,,,,100.0,,,,,,,87.8,45.2,,4.702512165703116,69.33497536945814,,3.1968179139658224,,,,4.433497536945813,,,,,,,,36.82266009852217,,,,,,,,,81.03448275862068,,,,,,,,,,,,,,,,,,,,,,,,,,
PUNJAB,mohali,7.1,,,98.33101529902642,,90.97087378640776,,,,,,,,,,,,,99.70873786407766,,,,,,,87.6,62.5,,4.432474206375417,69.51456310679612,,2.5721826860222747,,,,12.330097087378642,,,,,,,,11.747572815533982,,,,,,,,,63.59223300970874,,,,,,,,,,,,,,,,,,,,,,,,,,
PUNJAB,muktsar,7.5,,,97.55294117647058,,89.2328398384926,,,,,,,,,,,,,99.86541049798116,,,,,,,82.9,39.8,,4.638845617774863,70.39030955585464,,2.660533540958079,,,,6.864064602960969,,,,,,,,12.920592193808885,,,,,,,,,81.0228802153432,,,,,,,,,,,,,,,,,,,,,,,,,,
PUNJAB,nawanshahr,4.3,,,99.29411764705884,,97.98234552332912,,,,,,,,,,,,,100.0,,,,,,,91.3,65.4,,4.638364118315312,79.8234552332913,,3.710527580627073,,,,1.7654476670870116,,,,,,,,23.959646910466585,,,,,,,,,80.45397225725095,,,,,,,,,,,,,,,,,,,,,,,,,,
PUNJAB,pathankot,3.9,,,99.70544918998527,,96.38709677419357,,,,,,,,,,,,,100.0,,,,,,,79.2,74.0,,5.054773309407696,75.48387096774194,,3.05453082030988,,,,2.967741935483871,,,,,,,,6.96774193548387,,,,,,,,,76.77419354838709,,,,,,,,,,,,,,,,,,,,,,,,,,
PUNJAB,patiala,4.8,,,98.4307864748739,,91.64420485175202,,,,,,,,,,,,,99.7843665768194,,,,,,,88.1,56.0,,4.913625958817517,70.8355795148248,,2.5193724289677606,,,,5.444743935309973,,,,,,,,32.83018867924528,,,,,,,,,62.048517520215626,,,,,,,,,,,,,,,,,,,,,,,,,,
PUNJAB,rupnagar,5.2,,,98.28361258684104,,87.34693877551021,,,,,,,,,,,,,99.79591836734694,,,,,,,84.0,64.0,,4.904333497620291,69.89795918367348,,3.72391385845795,,,,1.9387755102040816,,,,,,,,6.530612244897959,,,,,,,,,74.6938775510204,,,,,,,,,,,,,,,,,,,,,,,,,,
PUNJAB,sangrur,6.4,,,96.7228177641654,,89.95305164319248,,,,,,,,,,,,,99.43661971830986,,,,,,,92.4,54.4,,5.096953624136803,77.08920187793427,,3.0401071010208067,,,,2.8169014084507045,,,,,,,,34.647887323943664,,,,,,,,,71.07981220657277,,,,,,,,,,,,,,,,,,,,,,,,,,
PUNJAB,taran taran,11.2,,,97.36060706037613,,83.07267709291628,,,,,,,,,,,,,100.0,,,,,,,82.0,40.4,,4.27790149052531,56.76172953081877,,2.384265115102454,,,,7.451701931922723,,,,,,,,22.81508739650414,,,,,,,,,59.06163753449862,,,,,,,,,,,,,,,,,,,,,,,,,,
ASSAM,bajali,10.0,,,,,15.83011583011583,,,,,,,,,,27.606177606177607,,,,5.019305019305019,,3.281853281853281,4.826254826254826,3.667953667953668,,,33.7,,6.519850717457048,,,,,,86.28176659264743,,1.5973875554983592,,,,,,,4.054054054054054,,,,,,23.55212355212356,,,,,,,,,,,,,70.27027027027027,,,93.9,,,,,,,,2.0992980874492884,0.0,,,,
ASSAM,baksa,14.8,,,,,10.031595576619273,,,,,,,,,,9.083728278041074,,,,3.791469194312796,,1.1058451816745656,0.0,0.631911532385466,,,27.8,,6.752147368219906,,,,,,86.88269421253715,,1.3204284226517489,,,,,,,15.797788309636651,,,,,,15.955766192733018,,,,,,,,,,,,,52.60663507109005,,,98.1,,,,,,,,2.677159352908672,0.0,,,,
ASSAM,barpeta,17.1,,,,,17.913121361397224,,,,,,,,,,17.957904164800716,,,,2.373488580385132,,2.4630541871921183,6.493506493506493,0.2686968204209583,,,31.7,,4.59257834503414,,,,,,82.8526983367237,,0.8652644016101777,,,,,,,3.4930586654724585,,,,,,18.89834303627407,,,,,,,,,,,,,51.545006717420506,,,88.9,,,,,,,,1.5363685158712024,0.0,,,,
ASSAM,biswanath,26.3,,,,,11.464968152866245,,,,,,,,,,14.171974522292992,,,,3.662420382165605,,2.14968152866242,3.423566878980892,0.3184713375796179,,,23.0,,3.689093060840131,,,,,,79.82062780269058,,0.9849458534288584,,,,,,,11.78343949044586,,,,,,13.21656050955414,,,,,,,,,,,,,53.5031847133758,,,91.1,,,,,,,,2.1000400962309542,0.0796178343949044,,,,
ASSAM,bongaigaon,19.9,,,,,12.489728841413312,,,,,,,,,,13.804437140509448,,,,2.875924404272802,,2.7937551355792936,6.737880032867707,0.2465078060805258,,,28.6,,4.700113716968598,,,,,,83.15965983950173,,1.129851267212358,,,,,,,5.99835661462613,,,,,,15.201314708299096,,,,,,,,,,,,,62.36647493837305,,,97.0,,,,,,,,1.8375750142362783,0.0,,,,
ASSAM,cachar,20.7,,,,,14.45874337623013,,,,,,,,,,26.192278576835733,,,,7.229371688115065,,1.74110522331567,5.223315669947009,0.3028009084027252,,,25.8,,4.126616728771095,,,,,,85.34270216962526,,1.072096247027254,,,,,,,17.183951551854655,,,,,,10.825132475397426,,,,,,,,,,,,,54.57986373959122,,,81.7,,,,,,,,1.763150752404982,0.0,,,,
ASSAM,charaideo,9.5,,,,,11.743341404358354,,,,,,,,,,16.222760290556902,,,,3.026634382566586,,0.4842615012106537,6.2953995157385,0.9685230024213076,,,26.2,,5.713641233857779,,,,,,89.61705487564153,,1.3004003834658546,,,,,,,31.719128329297817,,,,,,13.317191283292978,,,,,,,,,,,,,60.41162227602905,,,91.7,,,,,,,,2.5260894880637794,0.0,,,,
ASSAM,chirang,21.2,,,,,15.92356687898089,,,,,,,,,,6.289808917197452,,,,2.786624203821656,,0.8757961783439491,3.5031847133757963,0.0796178343949044,,,23.0,,5.048377335355933,,,,,,84.82017748715553,,1.34639115296041,,,,,,,5.015923566878981,,,,,,10.429936305732484,,,,,,,,,,,,,56.13057324840764,,,97.8,,,,,,,,2.5105323330879705,0.0,,,,
ASSAM,darrang,13.8,,,,,20.367847411444146,,,,,,,,,,11.103542234332425,,,,4.904632152588556,,3.2016348773841963,4.427792915531335,0.3405994550408719,,,27.5,,4.752439889670468,,,,,,77.64484872454024,,0.9985104573412836,,,,,,,11.989100817438691,,,,,,17.37057220708447,,,,,,,,,,,,,59.19618528610354,,,89.5,,,,,,,,1.7172238365514303,0.0,,,,
ASSAM,dhemaji,14.1,,,,,23.323615160349853,,,,,,,,,,7.580174927113703,,,,4.723032069970846,,0.641399416909621,3.5568513119533525,0.1166180758017492,,,43.6,,5.577083085700702,,,,,,80.50937766410912,,1.295613930821348,,,,,,,3.731778425655977,,,,,,16.676384839650147,,,,,,,,,,,,,78.25072886297376,,,95.0,,,,,,,,2.462790448656173,0.0,,,,
ASSAM,dhubri,17.7,,,,,13.076923076923078,,,,,,,,,,9.461538461538462,,,,2.076923076923077,,3.346153846153846,8.538461538461538,0.0769230769230769,,,20.4,,3.773419877549142,,,,,,83.92704648041966,,0.5926897758136538,,,,,,,1.9230769230769231,,,,,,10.923076923076923,,,,,,,,,,,,,42.5,,,92.5,,,,,,,,1.2852157630436634,0.0,,,,
ASSAM,dibrugarh,12.5,,,,,22.37798546209761,,,,,,,,,,11.007268951194185,,,,5.14018691588785,,0.6749740394600208,6.5939771547248185,0.2596053997923156,,,33.7,,4.797010417133111,,,,,,85.93856076035303,,1.7667197225354463,,,,,,,2.284527518172378,,,,,,18.79543094496365,,,,,,,,,,,,,76.58359293873312,,,94.4,,,,,,,,2.252126963350785,0.0,,,,
ASSAM,dima hasao,15.9,,,,,10.909090909090908,,,,,,,,,,45.25252525252525,,,,21.313131313131315,,0.404040404040404,12.626262626262626,0.101010101010101,,,42.4,,8.642330171505222,,,,,,82.28381374722838,,1.7955351154546324,,,,,,,52.22222222222223,,,,,,9.8989898989899,,,,,,,,,,,,,25.85858585858585,,,95.9,,,,,,,,4.439867261700424,0.0,,,,
ASSAM,goalpara,24.1,,,,,16.38830897703549,,,,,,,,,,7.463465553235908,,,,4.175365344467641,,1.2526096033402925,4.227557411273486,0.0521920668058455,,,23.4,,3.955339914951012,,,,,,83.03495311167946,,0.9306682152825912,,,,,,,1.3048016701461378,,,,,,11.377870563674325,,,,,,,,,,,,,45.4070981210856,,,89.6,,,,,,,,1.6833725348290214,0.0521920668058455,,,,
ASSAM,golaghat,20.1,,,,,16.804864566058598,,,,,,,,,,11.885019347705915,,,,8.734107241569928,,0.3869541182974019,6.301824212271974,0.4975124378109453,,,27.9,,4.999493880777592,,,,,,85.49942151947552,,1.6258477496975337,,,,,,,5.030403537866224,,,,,,18.076285240464347,,,,,,,,,,,,,53.565505804311776,,,96.4,,,,,,,,1.832090449843637,0.0,,,,
ASSAM,hailakandi,15.8,,,,,8.023694130317716,,,,,,,,,,13.247172859450728,,,,4.038772213247173,,3.607969843834141,4.20032310177706,0.1077005923532579,,,25.3,,5.49216073704271,,,,,,87.9297498669505,,0.6237504530521099,,,,,,,29.40226171243942,,,,,,7.862143241787829,,,,,,,,,,,,,26.33279483037157,,,91.2,,,,,,,,2.09345110900344,0.0,,,,
ASSAM,hojai,14.8,,,,,14.79634247714048,,,,,,,,,,11.13881961762261,,,,5.320033250207814,,0.3325020781379884,9.226932668329177,0.6650041562759768,,,23.1,,3.259588889984181,,,,,,83.41013824884793,,0.8754512211723067,,,,,,,20.448877805486283,,,,,,14.297589359933498,,,,,,,,,,,,,64.00665004156276,,,96.3,,,,,,,,1.6070530776413128,0.0,,,,
ASSAM,jorhat,14.4,,,,,27.600554785020805,,,,,,,,,,22.95423023578364,,,,11.789181692094314,,1.1095700416088763,6.310679611650485,0.2773925104022191,,,42.9,,6.117244689787592,,,,,,80.5492888670917,,2.19428777151086,,,,,,,6.449375866851595,,,,,,20.04160887656033,,,,,,,,,,,,,54.71567267683773,,,95.1,,,,,,,,1.93029620480031,0.0,,,,
ASSAM,kamrup-metro,8.9,,,,,47.80487804878049,,,,,,,,,,18.24390243902439,,,,9.46341463414634,,5.658536585365854,63.02439024390244,0.2926829268292683,,,49.1,,5.383295949333685,,,,,,89.37427912341407,,3.367276452737052,,,,,,,11.804878048780488,,,,,,38.53658536585366,,,,,,,,,,,,,67.31707317073172,,,99.2,,,,,,,,2.3651621825496605,0.0,,,,
ASSAM,kamrup-rural,28.0,,,,,14.040816326530612,,,,,,,,,,9.26530612244898,,,,3.510204081632653,,1.5102040816326532,1.959183673469388,0.2040816326530612,,,39.2,,5.085093838397891,,,,,,84.66649296508598,,1.2063517300315998,,,,,,,3.0204081632653064,,,,,,17.959183673469386,,,,,,,,,,,,,44.97959183673469,,,94.8,,,,,,,,2.084869043347793,0.0408163265306122,,,,
ASSAM,karbi anglong,14.1,,,,,24.149659863945576,,,,,,,,,,11.337868480725623,,,,6.349206349206349,,0.90702947845805,11.224489795918368,0.2267573696145124,,,30.3,,5.406175108273957,,,,,,64.88420634131796,,1.1053078419361424,,,,,,,10.034013605442176,,,,,,14.73922902494331,,,,,,,,,,,,,24.09297052154195,,,97.0,,,,,,,,2.313884381011747,0.0,,,,
ASSAM,kokrajhar,16.8,,,,,10.975609756097562,,,,,,,,,,6.666666666666667,,,,0.4471544715447155,,0.6097560975609756,2.154471544715447,0.08130081300813,,,27.5,,5.066353452658521,,,,,,72.58650519031143,,0.9422716196553478,,,,,,,5.8130081300813,,,,,,7.235772357723577,,,,,,,,,,,,,54.39024390243903,,,93.9,,,,,,,,1.985993611120862,0.0,,,,
ASSAM,lakhimpur,16.1,,,,,14.634146341463412,,,,,,,,,,11.28048780487805,,,,4.137630662020906,,0.8710801393728222,3.8763066202090593,0.3484320557491289,,,42.1,,6.143943088747246,,,,,,84.04845001026483,,1.332385933637174,,,,,,,2.047038327526132,,,,,,18.031358885017426,,,,,,,,,,,,,68.6411149825784,,,97.2,,,,,,,,2.2523681829125537,0.0,,,,
ASSAM,majuli,21.8,,,,,10.108303249097473,,,,,,,,,,21.660649819494584,,,,1.6245487364620936,,0.3610108303249097,0.0,0.1805054151624548,,,41.7,,8.111014388857596,,,,,,81.6919191919192,,1.743560858210866,,,,,,,5.054151624548736,,,,,,17.14801444043321,,,,,,,,,,,,,61.73285198555957,,,93.5,,,,,,,,3.2032400589101617,0.0,,,,
ASSAM,morigaon,26.4,,,,,19.32826362484157,,,,,,,,,,17.427122940430927,,,,3.4220532319391634,,1.0773130544993663,2.281368821292776,0.5069708491761723,,,24.5,,4.21576896436363,,,,,,83.45814239409857,,0.828358314446324,,,,,,,2.2179974651457544,,,,,,11.977186311787072,,,,,,,,,,,,,52.53485424588086,,,89.5,,,,,,,,1.6200307645798322,0.0,,,,
ASSAM,nagaon,14.1,,,,,20.98150782361309,,,,,,,,,,13.086770981507822,,,,3.662873399715505,,1.9559032716927456,5.654338549075392,0.2133712660028449,,,22.1,,4.636968582649873,,,,,,80.88213454779466,,1.0496934472777522,,,,,,,8.890469416785205,,,,,,19.203413940256045,,,,,,,,,,,,,59.45945945945946,,,94.5,,,,,,,,1.4935797327780669,0.0,,,,
ASSAM,nalbari,12.5,,,,,18.409090909090907,,,,,,,,,,17.727272727272727,,,,3.939393939393939,,2.272727272727273,3.636363636363636,0.4545454545454545,,,41.6,,6.261833831996744,,,,,,82.92053663570691,,1.2129475854136107,,,,,,,6.4393939393939394,,,,,,18.484848484848484,,,,,,,,,,,,,58.560606060606055,,,94.7,,,,,,,,1.545053398989576,0.0,,,,
ASSAM,sibsagar,13.5,,,,,15.466101694915254,,,,,,,,,,29.166666666666668,,,,8.333333333333332,,0.6355932203389831,6.7090395480226,0.6355932203389831,,,47.1,,8.340709315101941,,,,,,92.37947122861586,,2.073922597973385,,,,,,,6.7090395480226,,,,,,17.51412429378531,,,,,,,,,,,,,60.31073446327684,,,97.0,,,,,,,,2.3046353551317265,0.0,,,,
ASSAM,sonitpur,22.2,,,,,17.50516884906961,,,,,,,,,,10.957960027567196,,,,7.71881461061337,,0.8270158511371467,5.582356995175741,0.2067539627842866,,,24.3,,3.821831061500483,,,,,,75.36508649741631,,1.3695395513577333,,,,,,,4.962095106822881,,,,,,15.851137146795311,,,,,,,,,,,,,60.234321157822194,,,88.2,,,,,,,,1.7663111721274425,0.0,,,,
ASSAM,south salmara-mankachar,18.0,,,,,13.969335604770016,,,,,,,,,,19.761499148211243,,,,1.192504258943782,,2.385008517887564,0.0,0.3407155025553662,,,20.9,,3.9478449837015575,,,,,,84.16224046354418,,0.484187651308641,,,,,,,8.347529812606473,,,,,,16.695059625212945,,,,,,,,,,,,,58.26235093696764,,,79.5,,,,,,,,1.1837197989297876,0.0,,,,
ASSAM,sribhumi,0.0,,,,,11.762114537444932,,,,,,,,,,18.94273127753304,,,,3.744493392070485,,2.4229074889867843,2.7312775330396475,0.4405286343612335,,,30.55625,,3.827284375627152,,,,,,88.91577928363988,,0.6749309168377665,,,,,,,11.629955947136564,,,,,,7.268722466960352,,,,,,,,,,,,,42.24669603524229,,,93.346875,,,,,,,,1.536764925039492,0.0,,,,
ASSAM,tamulpur,19.4,,,,,9.785202863961814,,,,,,,,,,7.517899761336516,,,,4.295942720763723,,2.1479713603818613,0.0,0.1193317422434367,,,33.1,,5.378798859738127,,,,,,82.8879407141253,,0.9276706769096972,,,,,,,9.188544152744631,,,,,,12.649164677804295,,,,,,,,,,,,,57.51789976133651,,,95.775,,,,,,,,2.1993995138921982,0.0,,,,
ASSAM,tinsukia,18.4,,,,,16.473988439306357,,,,,,,,,,10.23121387283237,,,,2.8901734104046244,,0.6358381502890174,6.358381502890173,0.2890173410404624,,,25.6,,4.014030830494502,,,,,,87.21178066266228,,1.5220806694977211,,,,,,,5.144508670520231,,,,,,16.820809248554912,,,,,,,,,,,,,68.38150289017341,,,95.7,,,,,,,,2.0020433789064023,0.0,,,,
ASSAM,udalguri,18.6,,,,,12.423500611995104,,,,,,,,,,6.05875152998776,,,,3.0599755201958385,,0.3059975520195838,2.2643818849449207,0.3059975520195838,,,23.8,,5.038478661832984,,,,,,80.10603382984095,,0.997901163900019,,,,,,,7.343941248470013,,,,,,12.178702570379436,,,,,,,,,,,,,68.29865361077111,,,95.5,,,,,,,,2.3992846853112115,0.0,,,,
ASSAM,west karbi anglong,17.9,,,,,14.509394572025052,,,,,,,,,,11.482254697286011,,,,3.653444676409186,,0.208768267223382,9.2901878914405,0.417536534446764,,,21.7,,5.383119773243693,,,,,,56.940818102698,,1.1091850359577409,,,,,,,17.640918580375782,,,,,,11.273486430062633,,,,,,,,,,,,,20.77244258872652,,,94.7,,,,,,,,2.741615052004207,0.0,,,,
TAMIL NADU,ariyalur,8.1,,,,,50.955414012738856,82.4203821656051,,79.36305732484077,,,,68.55943034507942,38.21656050955414,,,,,,93.88535031847134,,,,,17.32484076433121,,,,,,,,,,86.45243746576593,,,,,0.2547770700636942,,,,17.32484076433121,,,88.02547770700637,,,22.1656050955414,,92.85014691478942,,,,,,,,,,,,,,,,,,,,,,,,87.26114649681529,,,
TAMIL NADU,chengalpattu,6.0,,,,,78.23728813559322,90.44067796610167,,89.22033898305085,,,,85.59227295085633,54.44067796610169,,,,,,95.59322033898306,,,,,49.762711864406775,,,,,,,,,,85.65487635827036,,,,,0.0677966101694915,,,,27.728813559322035,,,97.6271186440678,,,32.06779661016949,,95.5843308957101,,,,,,,,,,,,,,,,,,,,,,,,96.7457627118644,,,
TAMIL NADU,chennai (ext. gcc),6.6,,,,,87.94483985765125,90.48042704626334,,76.02313167259787,,,,88.28901196465566,49.59964412811388,,,,,,95.68505338078292,,,,,75.0,,,,,,,,,,89.32270747896672,,,,,0.0889679715302491,,,,37.63345195729537,,,95.72953736654804,,,45.1067615658363,,97.95473595976527,,,,,,,,,,,,,,,,,,,,,,,,93.01601423487544,,,
TAMIL NADU,coimbatore,7.0,,,,,75.8791480931154,93.01634472511144,,89.35116394254582,,,,84.34924613573355,43.78405151064884,,,,,,95.14611193660228,,,,,51.46111936602278,,,,,,,,,,92.65884318863696,,,,,0.0,,,,20.752847944526994,,,93.36305101535412,,,32.63992075284794,,96.16195547296572,,,,,,,,,,,,,,,,,,,,,,,,94.05646359583952,,,
TAMIL NADU,cuddalore,9.5,,,,,54.653284671532845,84.80839416058394,,77.60036496350365,,,,73.6169298528306,34.306569343065696,,,,,,95.8029197080292,,,,,28.87773722627737,,,,,,,,,,88.53260285744979,,,,,0.0912408759124087,,,,15.237226277372262,,,91.742700729927,,,20.8029197080292,,93.27387773404412,,,,,,,,,,,,,,,,,,,,,,,,92.29014598540148,,,
TAMIL NADU,dharmapuri,9.7,,,,,62.75125628140703,88.12814070351759,,87.12311557788944,,,,61.24265056411886,47.675879396984925,,,,,,95.79145728643216,,,,,19.03266331658292,,,,,,,,,,88.2091212458287,,,,,0.0628140703517587,,,,14.886934673366833,,,93.09045226130654,,,20.665829145728644,,91.14249037227216,,,,,,,,,,,,,,,,,,,,,,,,91.95979899497488,,,
TAMIL NADU,dindigul,9.4,,,,,59.18158567774936,86.64961636828644,,80.61381074168797,,,,74.37607163269195,28.84910485933504,,,,,,96.3682864450128,,,,,19.89769820971867,,,,,,,,,,90.29656442496984,,,,,0.2046035805626598,,,,16.0613810741688,,,94.7314578005115,,,19.18158567774936,,93.48384399450516,,,,,,,,,,,,,,,,,,,,,,,,93.29923273657288,,,
TAMIL NADU,erode,8.3,,,,,73.2592159157402,97.3083674663546,,87.71211234640141,,,,75.64556374397957,40.433001755412526,,,,,,96.31363370392042,,,,,31.12931538911644,,,,,,,,,,93.87222189984332,,,,,0.0,,,,23.815096547688707,,,96.84025746050322,,,23.054417788180224,,95.13424719610286,,,,,,,,,,,,,,,,,,,,,,,,98.4201287302516,,,
TAMIL NADU,kallakurichi,13.0,,,,,50.563746747614914,84.12836079791848,,78.14397224631396,,,,64.3903445430163,42.41110147441457,,,,,,93.92888117953166,,,,,19.4275802254987,,,,,,,,,,73.72601609242831,,,,,0.1734605377276669,,,,13.529921942758024,,,90.80659150043364,,,19.25411968777103,,92.12760003730996,,,,,,,,,,,,,,,,,,,,,,,,92.194275802255,,,
TAMIL NADU,kancheepuram,4.1,,,,,75.36723163841808,87.11864406779661,,87.00564971751412,,,,82.81461434370772,41.24293785310734,,,,,,95.48022598870055,,,,,44.293785310734464,,,,,,,,,,90.24808299503832,,,,,0.0,,,,24.858757062146893,,,98.4180790960452,,,26.101694915254235,,96.88316367894784,,,,,,,,,,,,,,,,,,,,,,,,95.25423728813558,,,
TAMIL NADU,kanniyakumari,6.0,,,,,85.70241064006649,97.42310889443058,,90.19118869492937,,,,87.05142434332224,42.14463840399002,,,,,,100.0,,,,,68.74480465502909,,,,,,,,,,91.03465285485264,,,,,0.0,,,,25.602660016625105,,,98.17123857024106,,,39.983374896093096,,96.79257866973867,,,,,,,,,,,,,,,,,,,,,,,,99.16874480465503,,,
TAMIL NADU,karur,10.2,,,,,66.08695652173913,92.27053140096618,,78.16425120772948,,,,71.5079177499409,36.52173913043478,,,,,,97.19806763285024,,,,,19.80676328502416,,,,,,,,,,92.88584259040417,,,,,0.0,,,,16.908212560386474,,,97.97101449275362,,,19.80676328502416,,89.09158141254775,,,,,,,,,,,,,,,,,,,,,,,,96.1352657004831,,,
TAMIL NADU,krishnagiri,10.2,,,,,60.75135936727632,88.68017795353435,,78.6950074147306,,,,70.2105139362578,37.37024221453287,,,,,,99.30795847750863,,,,,43.40088976767177,,,,,,,,,,82.68258261789957,,,,,0.0494315373208106,,,,15.521502718734553,,,99.50568462679188,,,21.502718734552644,,90.6631395418746,,,,,,,,,,,,,,,,,,,,,,,,94.26594167078596,,,
TAMIL NADU,madurai,7.2,,,,,69.28504233301976,91.67450611476951,,74.2238946378175,,,,81.17680897399022,34.28974600188147,,,,,,92.80338664158045,,,,,35.84195672624647,,,,,,,,,,88.7414225253729,,,,,0.0,,,,19.84948259642521,,,93.74412041392286,,,24.882408278457195,,95.0864695532764,,,,,,,,,,,,,,,,,,,,,,,,93.22671683913453,,,
TAMIL NADU,mayiladuthurai,8.4,,,,,62.39419588875453,91.17291414752115,,82.22490931076179,,,,71.92654839713664,28.89963724304716,,,,,,93.2285368802902,,,,,25.39298669891173,,,,,,,,,,83.06878306878306,,,,,0.120918984280532,,,,12.575574365175331,,,95.28415961305924,,,20.314389359129382,,92.08502307369598,,,,,,,,,,,,,,,,,,,,,,,,95.40507859733978,,,
TAMIL NADU,nagapattinam,11.4,,,,,59.65166908563136,92.16255442670536,,79.10014513788099,,,,66.3160024276755,32.65602322206096,,,,,,92.74310595065312,,,,,21.77068214804064,,,,,,,,,,80.29536718591949,,,,,0.1451378809869375,,,,17.271407837445572,,,93.75907111756167,,,19.88388969521045,,92.46718660833176,,,,,,,,,,,,,,,,,,,,,,,,93.46879535558782,,,
TAMIL NADU,namakkal,3.3,,,,,70.20164301717699,94.47348767737115,,80.73188946975355,,,,72.01453004389285,33.9058999253174,,,,,,98.05825242718448,,,,,32.63629574309186,,,,,,,,,,92.59119116088996,,,,,0.1493651979088872,,,,15.907393577296489,,,94.62285287528006,,,25.392083644510823,,93.54885057471265,,,,,,,,,,,,,,,,,,,,,,,,94.8469006721434,,,
TAMIL NADU,perambalur,8.1,,,,,62.38003838771593,91.93857965451056,,86.18042226487525,,,,67.19598829920602,55.08637236084453,,,,,,95.20153550863724,,,,,22.45681381957773,,,,,,,,,,89.9080651901379,,,,,0.0,,,,19.001919385796544,,,90.21113243761997,,,28.40690978886756,,87.87644787644787,,,,,,,,,,,,,,,,,,,,,,,,90.7869481765835,,,
TAMIL NADU,pudukkottai,11.0,,,,,44.18724279835391,81.06995884773663,,80.8641975308642,,,,69.07460666553882,33.1275720164609,,,,,,90.12345679012346,,,,,18.569958847736626,,,,,,,,,,90.5938081542886,,,,,0.205761316872428,,,,12.860082304526747,,,90.63786008230451,,,16.76954732510288,,89.3501670998886,,,,,,,,,,,,,,,,,,,,,,,,90.99794238683128,,,
TAMIL NADU,ramanathapuram,8.3,,,,,58.788282290279625,87.61651131824235,,86.41810918774966,,,,70.24832855778415,28.1624500665779,,,,,,86.01864181091877,,,,,16.511318242343542,,,,,,,,,,88.03247373447947,,,,,0.066577896138482,,,,18.17576564580559,,,90.14647137150466,,,18.64181091877497,,89.47758429047795,,,,,,,,,,,,,,,,,,,,,,,,93.0093209054594,,,
TAMIL NADU,ranipet,10.1,,,,,61.23222748815166,82.74881516587678,,79.90521327014218,,,,74.46014697569248,35.829383886255926,,,,,,94.7867298578199,,,,,31.658767772511847,,,,,,,,,,84.46579988694177,,,,,0.0947867298578199,,,,13.270142180094789,,,92.98578199052132,,,20.09478672985782,,94.34478564913348,,,,,,,,,,,,,,,,,,,,,,,,92.3222748815166,,,
TAMIL NADU,salem,11.3,,,,,59.03512484130344,87.60050782903089,,81.63351671603894,,,,73.77448954286187,38.21413457469319,,,,,,96.14896318239526,,,,,38.21413457469319,,,,,,,,,,91.65082251797966,,,,,0.0846381718154887,,,,18.197206940330087,,,94.24460431654676,,,24.29115531104528,,94.69928644240572,,,,,,,,,,,,,,,,,,,,,,,,93.05966991112992,,,
TAMIL NADU,sivagangai,7.9,,,,,65.0190114068441,87.38910012674272,,83.20659062103928,,,,74.915017868038,36.31178707224335,,,,,,92.83903675538656,,,,,24.52471482889733,,,,,,,,,,88.37270112437898,,,,,0.2534854245880861,,,,18.06083650190114,,,92.71229404309253,,,18.631178707224336,,90.22958743310892,,,,,,,,,,,,,,,,,,,,,,,,92.9657794676806,,,
TAMIL NADU,tenkasi,10.8,,,,,67.4400618716164,91.7246713070379,,88.0123743232792,,,,76.52673614493037,22.73781902552204,,,,,,97.06109822119105,,,,,30.3170920340294,,,,,,,,,,88.88672445699814,,,,,0.0773395204949729,,,,21.423047177107502,,,97.37045630317093,,,17.556071152358854,,96.05252083157984,,,,,,,,,,,,,,,,,,,,,,,,96.36504253673628,,,
TAMIL NADU,thanjavur,8.4,,,,,59.61727183513248,91.60942100098136,,81.05986261040236,,,,76.60104226983208,31.69774288518155,,,,,,95.38763493621197,,,,,27.33071638861629,,,,,,,,,,82.17718587145339,,,,,0.2944062806673209,,,,21.29538763493621,,,94.11187438665358,,,21.050049067713445,,94.64668094218416,,,,,,,,,,,,,,,,,,,,,,,,92.78704612365064,,,
TAMIL NADU,the nilgiris,15.3,,,,,44.65875370919881,92.58160237388724,,76.70623145400593,,,,75.55034283652111,27.1513353115727,,,,,,86.35014836795251,,,,,53.560830860534125,,,,,,,,,,86.32262721039335,,,,,0.2967359050445104,,,,10.682492581602371,,,90.94955489614244,,,31.75074183976261,,91.8562874251497,,,,,,,,,,,,,,,,,,,,,,,,91.98813056379822,,,
TAMIL NADU,theni,9.9,,,,,69.55128205128204,92.3076923076923,,67.09401709401709,,,,73.53004291845494,32.69230769230769,,,,,,93.482905982906,,,,,22.75641025641025,,,,,,,,,,81.64163090128756,,,,,0.1068376068376068,,,,19.871794871794872,,,94.017094017094,,,22.64957264957265,,94.1335271519053,,,,,,,,,,,,,,,,,,,,,,,,97.43589743589745,,,
TAMIL NADU,thoothukkudi,11.2,,,,,72.33927606699082,87.62830902215019,,90.38357644516478,,,,82.10933581715268,21.12371690977849,,,,,,95.35386277687736,,,,,22.6904376012966,,,,,,,,,,86.89546464139858,,,,,0.0,,,,17.720151269584008,,,96.5964343598055,,,16.58562938951918,,97.86618677292886,,,,,,,,,,,,,,,,,,,,,,,,94.05726634251756,,,
TAMIL NADU,tiruchirappalli,6.6,,,,,61.070911722141815,92.0887602508442,,79.69126869271587,,,,76.48761169780666,28.89532079112397,,,,,,94.11480945489627,,,,,28.027013989387363,,,,,,,,,,85.17973192526401,,,,,0.1929570670525808,,,,17.51085383502171,,,93.72889532079112,,,24.167872648335745,,94.04161260871652,,,,,,,,,,,,,,,,,,,,,,,,93.4876989869754,,,
TAMIL NADU,tirunelveli,8.3,,,,,72.06666666666666,93.13333333333334,,90.26666666666668,,,,81.37132810783093,22.6,,,,,,95.86666666666666,,,,,32.0,,,,,,,,,,92.98952457695408,,,,,0.0,,,,18.133333333333333,,,97.2,,,20.4,,96.90339717601006,,,,,,,,,,,,,,,,,,,,,,,,96.6,,,
TAMIL NADU,tirupathur,9.8,,,,,62.87726358148893,82.09255533199196,,74.04426559356136,,,,68.32205528156898,36.72032193158954,,,,,,92.95774647887325,,,,,26.358148893360163,,,,,,,,,,81.39694919142103,,,,,0.0,,,,16.19718309859155,,,91.14688128772636,,,22.03219315895372,,92.00331468821214,,,,,,,,,,,,,,,,,,,,,,,,90.3420523138833,,,
TAMIL NADU,tiruppur,9.0,,,,,75.95481441635287,95.32006455083378,,87.46637977407208,,,,78.50240148139575,36.63259817105971,,,,,,97.41796664873588,,,,,35.180204410973644,,,,,,,,,,90.33620739540537,,,,,0.2151694459386766,,,,17.159763313609467,,,96.01936525013448,,,21.51694459386767,,95.35395853475131,,,,,,,,,,,,,,,,,,,,,,,,96.39591178052716,,,
TAMIL NADU,tiruvallur,7.3,,,,,67.22306525037936,91.50227617602428,,82.80222559433486,,,,78.5627963186762,38.998482549317146,,,,,,92.26100151745068,,,,,51.03692463328275,,,,,,,,,,93.09286975922656,,,,,0.0505816894284269,,,,20.232675771370765,,,96.86393525543753,,,25.240263024785023,,92.5884229289802,,,,,,,,,,,,,,,,,,,,,,,,95.24532119372788,,,
TAMIL NADU,tiruvannamalai,10.2,,,,,56.67596652052611,86.12993224392189,,79.11518533280191,,,,64.30732347736743,35.631725787166204,,,,,,93.14467915504186,,,,,20.765245117576725,,,,,,,,,,80.66099663222786,,,,,0.2391390992427261,,,,20.047827819848543,,,91.03228377839775,,,20.844958150657632,,92.13569776407094,,,,,,,,,,,,,,,,,,,,,,,,91.03228377839775,,,
TAMIL NADU,tiruvarur,9.0,,,,,60.03172085646312,90.32513877874705,,79.14353687549564,,,,70.735559566787,35.130848532910385,,,,,,93.6558287073751,,,,,23.711340206185564,,,,,,,,,,84.70216606498195,,,,,0.0793021411578112,,,,17.04996034892942,,,93.89373513084853,,,18.16019032513877,,90.46964247937382,,,,,,,,,,,,,,,,,,,,,,,,92.78350515463916,,,
TAMIL NADU,vellore,9.8,,,,,65.390625,84.84375,,75.625,,,,75.78824445309459,32.109375,,,,,,94.0625,,,,,39.140625,,,,,,,,,,89.20786298170495,,,,,0.0,,,,20.78125,,,90.546875,,,19.453125,,94.46668236402166,,,,,,,,,,,,,,,,,,,,,,,,91.328125,,,
TAMIL NADU,villupuram,7.8,,,,,46.32768361581921,89.03954802259886,,79.83050847457626,,,,66.97685329996872,51.920903954802256,,,,,,93.10734463276836,,,,,27.11864406779661,,,,,,,,,,81.24022521113544,,,,,0.0564971751412429,,,,15.53672316384181,,,92.20338983050848,,,21.52542372881356,,92.21257176505226,,,,,,,,,,,,,,,,,,,,,,,,94.29378531073446,,,
TAMIL NADU,virudhunagar,10.3,,,,,62.925969447708574,89.24794359576968,,84.37132784958872,,,,74.5704467353952,29.612220916568745,,,,,,90.77555816686252,,,,,20.329024676850764,,,,,,,,,,87.93127147766323,,,,,0.1762632197414806,,,,16.09870740305523,,,93.24324324324324,,,21.797884841363103,,93.81304640215198,,,,,,,,,,,,,,,,,,,,,,,,94.88836662749706,,,
BIHAR,araria,22.2,,,,,,,60.94651789149673,,,,,,,,,,,,,,,7.041169680646403,,,,16.8,,,,,,,15.2,97.63761064540712,,,,,1.1542901115813775,,,,,,,,37.97614467102732,,,,81.32118451025056,,,,,,,,,,89.07272027702963,,,,,,,,,,,,,,,10.11927664486341,,
BIHAR,arwal,2.0,,,,,,,44.10540915395285,,,,,,,,,,,,,,,7.905686546463246,,,,32.9,,,,,,,29.3,98.22299651567944,,,,,0.0,,,,,,,,53.398058252427184,,,,85.74014481094126,,,,,,,,,,92.9264909847434,,,,,,,,,,,,,,,0.0,,
BIHAR,aurangabad (bihar),14.2,,,,,,,79.47858472998138,,,,,,,,,,,,,,,7.895716945996275,,,,36.9,,,,,,,38.9,97.24995995087306,,,,,0.0372439478584729,,,,,,,,45.99627560521415,,,,86.70634920634922,,,,,,,,,,92.2905027932961,,,,,,,,,,,,,,,0.186219739292365,,
BIHAR,banka,12.2,,,,,,,26.269492203118755,,,,,,,,,,,,,,,2.9988004798080765,,,,22.6,,,,,,,32.3,98.61975255667596,,,,,0.039984006397441,,,,,,,,84.16633346661335,,,,80.3483665799364,,,,,,,,,,90.68372650939624,,,,,,,,,,,,,,,0.1599360255897641,,
BIHAR,begusarai,17.2,,,,,,,91.27056672760511,,,,,,,,,,,,,,,16.727605118829985,,,,34.1,,,,,,,45.2,93.07785723923897,,,,,0.1828153564899451,,,,,,,,99.81718464351006,,,,88.08295346390823,,,,,,,,,,86.10603290676416,,,,,,,,,,,,,,,0.319926873857404,,
BIHAR,bhagalpur,20.6,,,,,,,53.67254821501847,,,,,,,,,,,,,,,12.679524004924088,,,,35.1,,,,,,,49.2,97.53312014618548,,,,,0.0,,,,,,,,57.44768157570784,,,,79.42504681132283,,,,,,,,,,85.22773902338942,,,,,,,,,,,,,,,0.0820681165367254,,
BIHAR,bhojpur,18.3,,,,,,,77.65404602821084,,,,,,,,,,,,,,,13.140311804008908,,,,34.6,,,,,,,42.9,97.09013826660885,,,,,0.0,,,,,,,,69.78470675575352,,,,83.05719415234675,,,,,,,,,,87.49072011878248,,,,,,,,,,,,,,,0.0371195248700816,,
BIHAR,buxar,20.9,,,,,,,41.40049140049141,,,,,,,,,,,,,,,11.363636363636363,,,,33.3,,,,,,,44.7,92.70624861018456,,,,,0.0,,,,,,,,87.22358722358723,,,,83.96099766833886,,,,,,,,,,85.07371007371007,,,,,,,,,,,,,,,0.7371007371007371,,
BIHAR,darbhanga,20.3,,,,,,,38.81882497693018,,,,,,,,,,,,,,,8.612734543217472,,,,22.7,,,,,,,41.6,98.92835173373912,,,,,0.1537988311288834,,,,,,,,21.00892033220548,,,,81.0573056300268,,,,,,,,,,81.14426330359889,,,,,,,,,,,,,,,0.09227929867733,,
BIHAR,gaya,21.5,,,,,,,38.78273177636235,,,,,,,,,,,,,,,9.742863882991273,,,,30.7,,,,,,,34.7,95.09896940945526,,,,,0.2359046945034206,,,,,,,,49.56357631516868,,,,81.75360192102454,,,,,,,,,,85.04364236848313,,,,,,,,,,,,,,,0.2359046945034206,,
BIHAR,gopalganj,18.4,,,,,,,77.18940936863544,,,,,,,,,,,,,,,6.354378818737271,,,,32.9,,,,,,,39.4,94.54535537009764,,,,,0.2036659877800407,,,,,,,,17.515274949083505,,,,89.04661329141904,,,,,,,,,,93.19755600814663,,,,,,,,,,,,,,,0.1629327902240326,,
BIHAR,jamui,18.1,,,,,,,68.43885935234412,,,,,,,,,,,,,,,5.8965683905268245,,,,20.6,,,,,,,40.2,96.90219560878243,,,,,0.0966650555824069,,,,,,,,71.62880618656355,,,,81.41519595658299,,,,,,,,,,91.05848235862736,,,,,,,,,,,,,,,0.0966650555824069,,
BIHAR,jehanabad,22.4,,,,,,,40.59574468085106,,,,,,,,,,,,,,,12.425531914893618,,,,30.5,,,,,,,34.3,97.21313461771476,,,,,0.0,,,,,,,,41.95744680851064,,,,80.4818092428712,,,,,,,,,,89.95744680851064,,,,,,,,,,,,,,,0.5106382978723404,,
BIHAR,kaimur (bhabua),18.1,,,,,,,35.49810844892812,,,,,,,,,,,,,,,5.674653215636822,,,,29.5,,,,,,,29.0,88.69802536522717,,,,,0.1261034047919293,,,,,,,,34.42622950819672,,,,85.33310527666124,,,,,,,,,,92.43379571248424,,,,,,,,,,,,,,,0.0,,
BIHAR,katihar,19.2,,,,,,,39.9386738213875,,,,,,,,,,,,,,,8.50900728248371,,,,19.8,,,,,,,16.9,96.96953698326382,,,,,2.798006899195094,,,,,,,,58.79647374472978,,,,78.02893774779878,,,,,,,,,,78.22920659256421,,,,,,,,,,,,,,,1.9931008049060943,,
BIHAR,khagaria,23.2,,,,,,,38.99416909620992,,,,,,,,,,,,,,,6.997084548104956,,,,26.6,,,,,,,33.2,94.94137670196672,,,,,0.5102040816326531,,,,,,,,81.4868804664723,,,,78.81619937694704,,,,,,,,,,88.33819241982506,,,,,,,,,,,,,,,0.1457725947521866,,
BIHAR,kishanganj,22.6,,,,,,,30.132939438700145,,,,,,,,,,,,,,,7.385524372230429,,,,15.0,,,,,,,15.3,97.7348434377082,,,,,3.4958148695224027,,,,,,,,23.09207287050714,,,,84.52472278401562,,,,,,,,,,75.9231905465288,,,,,,,,,,,,,,,1.427868045297883,,
BIHAR,lakhisarai,10.0,,,,,,,74.8792270531401,,,,,,,,,,,,,,,14.009661835748794,,,,30.0,,,,,,,42.6,94.69770004131662,,,,,0.0966183574879227,,,,,,,,56.038647342995176,,,,86.50330610657332,,,,,,,,,,87.2463768115942,,,,,,,,,,,,,,,0.0,,
BIHAR,madhepura,31.9,,,,,,,16.521264994547437,,,,,,,,,,,,,,,2.6172300981461287,,,,23.2,,,,,,,13.4,90.48276814697148,,,,,1.3631406761177751,,,,,,,,16.19411123227917,,,,80.47890535917902,,,,,,,,,,93.94765539803709,,,,,,,,,,,,,,,0.381679389312977,,
BIHAR,madhubani,30.4,,,,,,,30.906351995982927,,,,,,,,,,,,,,,3.5149384885764503,,,,26.5,,,,,,,40.0,90.65040650406505,,,,,1.180015064022094,,,,,,,,16.746171227717802,,,,78.26329810088511,,,,,,,,,,82.65126788852623,,,,,,,,,,,,,,,0.4519206628169721,,
BIHAR,munger,12.7,,,,,,,49.61948249619482,,,,,,,,,,,,,,,20.54794520547945,,,,44.4,,,,,,,59.4,96.48531011969531,,,,,0.0,,,,,,,,96.19482496194824,,,,73.54651162790698,,,,,,,,,,90.94368340943684,,,,,,,,,,,,,,,0.532724505327245,,
BIHAR,muzaffarpur,26.0,,,,,,,47.65799256505576,,,,,,,,,,,,,,,7.261462205700124,,,,33.8,,,,,,,41.5,96.58896753722236,,,,,0.9169764560099132,,,,,,,,87.03841387856258,,,,79.4855143053,,,,,,,,,,83.54399008674102,,,,,,,,,,,,,,,0.5700123915737298,,
BIHAR,nalanda,11.8,,,,,,,55.59065066329754,,,,,,,,,,,,,,,18.382817435249528,,,,28.8,,,,,,,41.0,91.99780182617518,,,,,0.0315855969677826,,,,,,,,75.96336070751737,,,,82.18216483230782,,,,,,,,,,87.46051800379027,,,,,,,,,,,,,,,0.1263423878711307,,
BIHAR,nawada,12.8,,,,,,,27.2028920018075,,,,,,,,,,,,,,,7.953004970628107,,,,37.3,,,,,,,40.7,98.608376892268,,,,,0.0,,,,,,,,21.192950745594217,,,,85.70415269538303,,,,,,,,,,89.51649344780841,,,,,,,,,,,,,,,0.3615002259376412,,
BIHAR,pashchim champaran,24.0,,,,,,,30.77583738906384,,,,,,,,,,,,,,,8.388204981391354,,,,21.6,,,,,,,31.4,92.44068420084604,,,,,0.143143429716576,,,,,,,,50.52963068995133,,,,81.76628080951257,,,,,,,,,,87.17434869739479,,,,,,,,,,,,,,,0.6298310907529345,,
BIHAR,patna,16.2,,,,,,,62.12534059945504,,,,,,,,,,,,,,,30.01467197652484,,,,43.6,,,,,,,64.6,95.6244145343391,,,,,0.0,,,,,,,,42.82121148606162,,,,89.92530700088619,,,,,,,,,,83.0433871305806,,,,,,,,,,,,,,,0.2095996646405365,,
BIHAR,purba champaran,17.9,,,,,,,46.016823354774864,,,,,,,,,,,,,,,9.574468085106384,,,,20.1,,,,,,,44.2,95.48537670483552,,,,,0.4205838693715982,,,,,,,,27.585353785254824,,,,81.26572769953052,,,,,,,,,,89.75754576942107,,,,,,,,,,,,,,,0.098960910440376,,
BIHAR,purnia,17.6,,,,,,,68.78531073446328,,,,,,,,,,,,,,,13.135593220338984,,,,19.2,,,,,,,19.3,97.09680699613584,,,,,0.0,,,,,,,,78.99011299435028,,,,85.1108129366585,,,,,,,,,,86.54661016949152,,,,,,,,,,,,,,,0.0706214689265536,,
BIHAR,rohtas,14.7,,,,,,,54.48129851799577,,,,,,,,,,,,,,,16.055045871559635,,,,42.6,,,,,,,47.4,95.62010836845272,,,,,0.247000705716302,,,,,,,,92.6605504587156,,,,88.36919083512204,,,,,,,,,,90.75511644318983,,,,,,,,,,,,,,,0.2822865208186309,,
BIHAR,saharsa,16.9,,,,,,,19.123741859088216,,,,,,,,,,,,,,,17.05150976909414,,,,20.9,,,,,,,25.2,98.24063564131669,,,,,0.2960331557134399,,,,,,,,15.86737714624038,,,,88.69090909090909,,,,,,,,,,85.43516873889875,,,,,,,,,,,,,,,0.2368265245707519,,
BIHAR,samastipur,13.6,,,,,,,71.821104940076,,,,,,,,,,,,,,,8.418591055247004,,,,26.5,,,,,,,36.1,96.77918235610544,,,,,0.1753873136509792,,,,,,,,57.61473253434668,,,,87.37197252681045,,,,,,,,,,89.50599239988307,,,,,,,,,,,,,,,0.3215434083601286,,
BIHAR,saran,17.6,,,,,,,50.594330996647365,,,,,,,,,,,,,,,8.99116123133191,,,,35.5,,,,,,,36.8,95.67451110374544,,,,,0.0609570252971654,,,,,,,,63.97439804937519,,,,79.76366947609165,,,,,,,,,,88.78390734532154,,,,,,,,,,,,,,,0.1523925632429137,,
BIHAR,sheikhpura,13.7,,,,,,,49.917898193760266,,,,,,,,,,,,,,,21.34646962233169,,,,28.3,,,,,,,40.3,93.1184496737196,,,,,0.4926108374384236,,,,,,,,67.65188834154351,,,,77.73979918820764,,,,,,,,,,93.76026272577997,,,,,,,,,,,,,,,0.1642036124794745,,
BIHAR,sheohar,19.1,,,,,,,89.17431192660551,,,,,,,,,,,,,,,10.091743119266056,,,,21.0,,,,,,,31.3,96.93667157584684,,,,,0.0,,,,,,,,92.29357798165138,,,,89.23335736601778,,,,,,,,,,87.5229357798165,,,,,,,,,,,,,,,0.0,,
BIHAR,sitamarhi,22.7,,,,,,,97.14086471408648,,,,,,,,,,,,,,,8.228730822873082,,,,19.2,,,,,,,40.5,97.421004955507,,,,,1.2552301255230125,,,,,,,,58.54253835425384,,,,81.33844479151875,,,,,,,,,,86.12273361227336,,,,,,,,,,,,,,,0.4184100418410041,,
BIHAR,siwan,25.8,,,,,,,34.66498899024851,,,,,,,,,,,,,,,5.630701478452344,,,,38.9,,,,,,,48.0,87.01549638675272,,,,,0.6605850896508336,,,,,,,,30.92167348222712,,,,82.86460087571574,,,,,,,,,,84.27178357974205,,,,,,,,,,,,,,,0.2516514627241271,,
BIHAR,supaul,24.7,,,,,,,45.86160108548169,,,,,,,,,,,,,,,6.919945725915875,,,,16.2,,,,,,,15.0,94.82747113395182,,,,,1.944821347806423,,,,,,,,35.549525101763905,,,,83.27831204248601,,,,,,,,,,86.56716417910447,,,,,,,,,,,,,,,0.3165988240615106,,
BIHAR,vaishali,20.7,,,,,,,53.89941690962099,,,,,,,,,,,,,,,9.365889212827987,,,,34.0,,,,,,,40.9,95.43051697876534,,,,,0.1093294460641399,,,,,,,,89.68658892128279,,,,85.03213096299076,,,,,,,,,,84.32944606413994,,,,,,,,,,,,,,,0.2186588921282798,,
ANDAMAN & NICOBAR ISLANDS,andamans,4.3,,,97.80461031833153,,,,,85.96491228070175,,,97.6608187134503,,,,,,,100.0,,,,,,,89.3,,50.93484419263456,,,8.91946992864424,,,,,,,,,,,,,,,,,,,,,,,,,,,,,,,7.602339181286549,,,,,96.81978798586572,,,,,,,,,,,63.74269005847953,84.7
ANDAMAN & NICOBAR ISLANDS,middle and north andamans,6.1,,,97.86780383795308,,,,,86.59217877094973,,,96.08938547486034,,,,,,,100.0,,,,,,,86.4,,49.09729187562688,,,6.466302367941712,,,,,,,,,,,,,,,,,,,,,,,,,,,,,,,23.463687150837988,,,,,96.0093896713615,,,,,,,,,,,67.0391061452514,82.7
ANDAMAN & NICOBAR ISLANDS,nicobars,11.2,,,88.48484848484848,,,,,79.3103448275862,,,94.82758620689656,,,,,,,89.65517241379311,,,,,,,83.5,,39.14473684210527,,,2.1021021021021022,,,,,,,,,,,,,,,,,,,,,,,,,,,,,,,58.620689655172406,,,,,94.11764705882352,,,,,,,,,,,77.58620689655173,78.0
RAJASTHAN,ajmer,0.0,,,,94.10077836952068,84.0639082343302,,80.09012699713233,,,,,,35.477263416632525,19.705038918476035,,,,76.44408029496108,,6.104055714870955,,27.324866857845148,,17.615731257681276,77.5,40.2,,4.773438329643759,68.61941827120033,,,,,,7.33306022122081,,,97.17328963539534,,,,,,,,,77.95985251945923,,,,,,,,,52.39655878738222,,,,,,,20.72920934043425,1.5767904443000649,,,,,,,,,,,,,,
RAJASTHAN,alwar,7.0,,,,91.11334674714956,83.56807511737088,,52.14621059691482,,,,,,20.087189805499666,13.98390342052314,,,,54.09121395036888,,5.667337357478202,,19.718309859154928,,14.319248826291082,66.0,35.1,,4.676872106019479,64.822266934943,,,,,,5.633802816901409,,,96.34473507712944,,,,,,,,,79.24211938296445,,,,,,,,,53.923541247484906,,,,,,,17.303822937625753,1.8141836173721824,,,,,,,,,,,,,,
RAJASTHAN,balotara,12.9,,,,85.40991199629458,77.95275590551181,,43.02918017600741,,,,,,16.85965724872626,11.255210745715608,,,,38.30477072718851,,2.3158869847151458,,6.299212598425196,,5.141269106067623,68.57575757575758,31.327272727272724,,4.358015401490733,53.72857804539139,,,,,,7.78138026864289,,,95.55349698934693,,,,,,,,,70.12505789717461,,,,,,,,,79.57387679481242,,,,,,,20.240852246410377,1.6992353440951573,,,,,,,,,,,,,,
RAJASTHAN,banswara,11.1,,,,85.72519083969465,33.2824427480916,,20.254452926208653,,,,,,15.29262086513995,10.78880407124682,,,,36.36132315521628,,2.8753180661577606,,4.427480916030534,,5.572519083969466,40.8,28.5,,4.462522185834731,50.86513994910942,,,,,,9.05852417302799,,,87.09923664122138,,,,,,,,,49.36386768447837,,,,,,,,,75.1145038167939,,,,,,,13.358778625954198,3.30601229446749,,,,,,,,,,,,,,
RAJASTHAN,baran,8.8,,,,82.33082706766918,59.30451127819549,,31.813909774436087,,,,,,16.917293233082706,12.12406015037594,,,,40.27255639097744,,2.6785714285714284,,15.648496240601505,,6.343984962406016,59.0,24.4,,5.138352069710079,51.9266917293233,,,,,,6.343984962406016,,,87.21804511278195,,,,,,,,,67.4812030075188,,,,,,,,,71.99248120300751,,,,,,,15.742481203007518,1.5617971912639312,,,,,,,,,,,,,,
RAJASTHAN,barmer,10.0,,,,82.77053975006648,67.40228662589736,,34.77798457856953,,,,,,14.437649561286891,9.758043073650626,,,,30.2579101302845,,4.094655676681733,,2.525923956394576,,2.419569263493752,83.6,25.6,,4.142730372238569,53.86865195426748,,,,,,8.056367987237437,,,94.84179739431002,,,,,,,,,72.48072321191172,,,,,,,,,81.01568731720286,,,,,,,17.761233714437648,3.1061022539857066,,,,,,,,,,,,,,
RAJASTHAN,beawar,15.7,,,,92.93768545994064,77.62611275964392,,62.255192878338285,,,,,,26.29080118694361,15.845697329376854,,,,72.46290801186943,,2.6706231454005933,,12.225519287833828,,10.089020771513352,74.54,33.660000000000004,,4.740901244996143,64.80712166172107,,,,,,5.99406528189911,,,97.86350148367951,,,,,,,,,78.04154302670622,,,,,,,,,69.73293768545994,,,,,,,17.804154302670625,1.1494827327702537,,,,,,,,,,,,,,
RAJASTHAN,bharatpur,5.3,,,,88.15719596388742,87.41370154009559,,49.12373871481678,,,,,,16.14445034519384,12.320764737121614,,,,51.83218268720128,,3.451938396176314,,26.765799256505574,,12.586298459904407,62.7,30.3,,4.86965236677618,64.15294742432289,,,,,,5.682421667551779,,,97.39776951672864,,,,,,,,,80.35050451407328,,,,,,,,,51.248008497079134,,,,,,,19.64949548592672,1.894147633564896,,,,,,,,,,,,,,
RAJASTHAN,bhilwara,0.0,,,,93.63518758085382,64.19146183699871,,69.13324708926261,,,,,,22.121604139715394,14.514877102199224,,,,56.68822768434671,,3.130659767141009,,15.420439844760672,,10.91849935316947,62.3,25.3,,4.879015151373566,60.181112548512296,,,,,,5.097024579560156,,,97.15394566623544,,,,,,,,,72.47089262613196,,,,,,,,,71.07373868046571,,,,,,,16.429495472186286,2.7862461892148533,,,,,,,,,,,,,,
RAJASTHAN,bikaner,9.7,,,,87.6897598675131,72.9505934308584,,65.96743030637593,,,,,,24.372067347502067,21.860336737510348,,,,48.02649737786365,,6.127518630968811,,21.61192382003864,,11.565001380071765,79.8,30.2,,4.254818253409043,70.49406569141595,,,,,,6.155120066243445,,,95.19735026221365,,,,,,,,,66.43665470604472,,,,,,,,,56.22412365443002,,,,,,,17.582114269942036,3.1660752661302416,,,,,,,,,,,,,,
RAJASTHAN,bundi,11.5,,,,87.28859792689579,66.17566830332787,,46.80851063829788,,,,,,23.622476813966177,14.23895253682488,,,,63.0114566284779,,2.9459901800327333,,16.25750136388434,,7.419530823786142,56.3,27.4,,5.346292061417837,52.42771412984178,,,,,,6.710310965630114,,,95.41734860883795,,,,,,,,,76.15930169121658,,,,,,,,,68.13966175668304,,,,,,,16.421167484997273,3.413463941226448,,,,,,,,,,,,,,
RAJASTHAN,chittaurgarh,14.5,,,,92.46190858059342,70.20850040096232,,51.72413793103448,,,,,,21.97273456295108,15.437048917401764,,,,69.72734562951082,,3.408179631114676,,13.47233360064154,,11.828388131515638,63.8,24.8,,5.733841791336658,57.69847634322374,,,,,,2.125100240577386,,,96.95268644747394,,,,,,,,,77.3055332798717,,,,,,,,,71.25100240577386,,,,,,,18.2036888532478,2.2339947023839275,,,,,,,,,,,,,,
RAJASTHAN,churu,7.5,,,,89.11617136240834,77.65341566962563,,79.85333847935159,,,,,,35.082979544577384,19.02740254727904,,,,67.96603627942879,,7.60324199150907,,24.2763411810112,,11.385565418757237,80.2,33.4,,4.86810090523648,66.26785025086839,,,,,,6.368197607101505,,,94.63527595522964,,,,,,,,,79.93052875337708,,,,,,,,,54.882284832111154,,,,,,,24.00617522192204,3.0736168724074164,,,,,,,,,,,,,,
RAJASTHAN,dausa,2.7,,,,88.24470211915234,80.6077568972411,,41.143542582966816,,,,,,18.232706917233106,11.39544182327069,,,,44.022391043582566,,4.718112754898041,,12.155137944822073,,8.876449420231907,59.4,34.6,,4.932940911542752,60.05597760895641,,,,,,3.958416633346661,,,95.36185525789683,,,,,,,,,76.00959616153538,,,,,,,,,61.615353858456615,,,,,,,17.712914834066375,2.3714328552151533,,,,,,,,,,,,,,
RAJASTHAN,deeg,13.9,,,,87.87023977433005,83.77997179125529,,35.04936530324401,,,,,,17.136812411847675,10.225669957686884,,,,37.37658674188998,,3.385049365303244,,14.386459802538788,,8.603667136812412,67.89999999999999,28.5,,4.509897257244439,67.77150916784203,,,,,,10.71932299012694,,,94.71086036671367,,,,,,,,,73.48377997179125,,,,,,,,,56.13540197461213,,,,,,,19.1114245416079,1.3843770303363487,,,,,,,,,,,,,,
RAJASTHAN,dhaulpur,11.3,,,,89.44805194805194,84.46969696969697,,37.391774891774894,,,,,,21.428571428571427,12.770562770562773,,,,44.53463203463203,,4.112554112554113,,21.15800865800865,,9.307359307359308,57.5,27.0,,4.115065105202906,62.98701298701299,,,,,,12.067099567099566,,,95.67099567099568,,,,,,,,,72.8896103896104,,,,,,,,,62.28354978354979,,,,,,,18.506493506493506,2.8162326952871206,,,,,,,,,,,,,,
RAJASTHAN,didwana-kuchaman,5.5,,,,91.53508771929825,81.97368421052632,,85.35087719298245,,,,,,29.69298245614035,16.973684210526315,,,,71.27192982456141,,5.175438596491229,,17.45614035087719,,12.06140350877193,78.65,36.825,,5.010010618999159,67.71929824561404,,,,,,3.2017543859649127,,,98.46491228070175,,,,,,,,,79.47368421052632,,,,,,,,,61.53508771929824,,,,,,,20.74561403508772,1.499325303613374,,,,,,,,,,,,,,
RAJASTHAN,dungarpur,11.3,,,,90.12889028607356,41.1191449229802,,22.791574976422503,,,,,,14.303678088651369,12.574662055957248,,,,36.30933668657655,,2.8292989625903804,,3.646651996227601,,6.790317510216913,59.9,32.5,,4.677630518026945,45.17447343602641,,,,,,7.7648538195536,,,90.78906004401132,,,,,,,,,61.615844074190505,,,,,,,,,78.02577805721471,,,,,,,14.680917950330086,2.508871008046379,,,,,,,,,,,,,,
RAJASTHAN,ganganagar,0.0,,,,93.88464211257818,81.7234190410007,,85.33703961084086,,,,,,27.13690062543433,20.257123002084786,,,,76.82418346073663,,5.559416261292564,,16.191799861014594,,13.029881862404446,83.4,39.3,,5.666117841682692,62.36970118137596,,,,,,2.223766504517026,,,97.8804725503822,,,,,,,,,76.78943710910355,,,,,,,,,66.81723419041,,,,,,,18.589298123697013,4.398020890599231,,,,,,,,,,,,,,
RAJASTHAN,hanumangarh,7.1,,,,91.85475956820412,84.44553483807654,,88.22374877330716,,,,,,33.267909715407264,20.755642787046124,,,,79.04808635917566,,6.47693817468106,,20.31403336604514,,14.622178606476938,83.8,38.4,,5.319097458435211,71.24631992149166,,,,,,2.4043179587831207,,,97.93915603532876,,,,,,,,,82.72816486751718,,,,,,,,,54.75956820412169,,,,,,,21.68792934249264,4.482982657803988,,,,,,,,,,,,,,
RAJASTHAN,jaipur,0.0,,,,91.46133203220298,84.43522810441571,,74.46938277628689,,,,,,35.22810441571115,21.41985850207368,,,,77.71407660404977,,7.818980239082703,,43.99853622834838,,28.9216882166382,79.6,47.9,,4.6477285660885554,72.74945108563064,,,,,,4.110758721639424,,,96.1941937057819,,,,,,,,,79.26323493535008,,,,,,,,,37.89948767992193,,,,,,,12.576238106855332,3.803288520165925,,,,,,,,,,,,,,
RAJASTHAN,jaisalmer,13.3,,,,80.06872852233677,57.44558991981672,,48.8545246277205,,,,,,17.29667812142039,13.688430698739978,,,,32.531500572737684,,3.608247422680412,,7.617411225658649,,5.498281786941581,75.7,18.7,,4.765518203375645,49.026345933562425,,,,,,3.150057273768614,,,91.98167239404351,,,,,,,,,67.58304696449026,,,,,,,,,70.96219931271477,,,,,,,16.208476517754868,2.428906991853666,,,,,,,,,,,,,,
RAJASTHAN,jalor,0.0,,,,85.64213564213564,76.6955266955267,,73.77344877344876,,,,,,25.144300144300143,12.626262626262626,,,,46.17604617604618,,3.6075036075036073,,9.271284271284271,,6.0606060606060606,77.4,22.2,,4.225054790751512,61.79653679653679,,,,,,9.199134199134198,,,97.11399711399712,,,,,,,,,77.27272727272727,,,,,,,,,67.02741702741703,,,,,,,18.10966810966811,2.4788845019741115,,,,,,,,,,,,,,
RAJASTHAN,jhalawar,9.7,,,,89.78857399910032,69.00584795321637,,49.03283850652272,,,,,,18.083670715249664,12.910481331533962,,,,45.88394062078272,,2.06927575348628,,9.31174089068826,,5.1731893837157,62.1,22.4,,4.983221748504548,53.351327035537565,,,,,,6.162843004948268,,,97.30094466936572,,,,,,,,,80.97165991902834,,,,,,,,,74.26900584795322,,,,,,,15.654520917678813,2.0740666699985004,,,,,,,,,,,,,,
RAJASTHAN,jhunjhunu,0.0,,,,93.29132690882136,85.95255744996294,,86.24907338769458,,,,,,39.14010378057821,19.38472942920682,,,,73.86953298739807,,8.191252779836915,,18.754633061527056,,17.679762787249814,79.0,45.2,,6.304952352690601,70.45959970348406,,,,,,1.3713862120088955,,,97.55374351371388,,,,,,,,,84.43291326908822,,,,,,,,,56.00444773906597,,,,,,,21.68272794662713,4.215602978659603,,,,,,,,,,,,,,
RAJASTHAN,jodhpur,0.0,,,,90.22010437939642,79.37372362151123,,77.26344452008169,,,,,,29.43045155434536,18.697526662128432,,,,68.89040163376447,,5.037440435670524,,26.185613796233262,,18.19832085318811,75.4,34.6,,4.76074353911331,66.19015203085999,,,,,,4.334014068527343,,,96.02904470161108,,,,,,,,,78.44338552303154,,,,,,,,,54.00499205808941,,,,,,,15.520762423417292,3.0386326153231047,,,,,,,,,,,,,,
RAJASTHAN,karauli,0.0,,,,86.57323688969258,75.9493670886076,,39.285714285714285,,,,,,21.20253164556961,9.945750452079563,,,,32.86618444846293,,3.6618444846292943,,14.91862567811935,,7.2784810126582276,49.9,22.7,,4.865139734732686,57.86618444846293,,,,,,8.273056057866185,,,95.9764918625678,,,,,,,,,75.18083182640144,,,,,,,,,64.96383363471972,,,,,,,16.726943942133815,2.6063271527812484,,,,,,,,,,,,,,
RAJASTHAN,khairthal-tijara,6.7,,,,89.40586972083035,85.61202576950609,,51.89692197566214,,,,,,27.415891195418755,17.108088761632068,,,,57.83822476735863,,7.229778095919828,,23.90837508947745,,19.47029348604152,74.7,35.900000000000006,,4.483098052389397,64.42376521116678,,,,,,8.375089477451683,,,97.92412312097352,,,,,,,,,78.88332140300645,,,,,,,,,54.688618468146025,,,,,,,18.682891911238368,0.947073816782448,,,,,,,,,,,,,,
RAJASTHAN,kota,2.7,,,,91.47902869757174,81.89845474613686,,67.1523178807947,,,,,,33.554083885209714,21.50110375275938,,,,67.94701986754967,,5.298013245033113,,48.65342163355408,,16.335540838852097,79.0,44.0,,4.817191679744149,64.67991169977924,,,,,,7.902869757174392,,,96.55629139072848,,,,,,,,,77.6158940397351,,,,,,,,,46.622516556291394,,,,,,,14.657836644591612,2.643810285371583,,,,,,,,,,,,,,
RAJASTHAN,kotputli-behror,4.2,,,,90.25293028994447,83.22023442319556,,60.14805675508945,,,,,,32.819247378161634,18.013571869216534,,,,71.12893275755707,,8.389882788402222,,24.552745219000617,,19.494139420111043,77.39999999999999,48.73333333333333,,5.560117923546486,67.92103639728563,,,,,,1.2338062924120914,,,96.91548426896978,,,,,,,,,86.36644046884639,,,,,,,,,53.97902529302899,,,,,,,19.370758790869832,0.9095906841921136,,,,,,,,,,,,,,
RAJASTHAN,nagaur,7.5,,,,90.7176287051482,77.30109204368175,,63.65054602184087,,,,,,23.75195007800312,15.717628705148206,,,,59.90639625585024,,4.05616224648986,,13.455538221528862,,8.814352574102964,79.0,32.3,,4.859004326851346,62.71450858034321,,,,,,3.627145085803432,,,97.73790951638064,,,,,,,,,78.1201248049922,,,,,,,,,64.1185647425897,,,,,,,17.66770670826833,1.5992803238542654,,,,,,,,,,,,,,
RAJASTHAN,pali,11.6,,,,89.75654570509876,76.34359209921911,,77.124483233808,,,,,,32.56775378961874,19.660082682590723,,,,65.77859439595774,,4.639412034910427,,23.88608176389527,,11.943040881947637,81.8,36.6,,5.172040683834668,65.50298576022048,,,,,,3.445107946715664,,,96.14147909967846,,,,,,,,,80.38585209003215,,,,,,,,,60.63389986219568,,,,,,,19.98162609095085,2.059073416962367,,,,,,,,,,,,,,
RAJASTHAN,phalodi,11.8,,,,83.82533825338253,51.9680196801968,,57.7490774907749,,,,,,15.375153751537516,10.08610086100861,,,,38.92988929889299,,3.259532595325953,,3.8745387453874542,,5.166051660516605,78.16666666666667,27.066666666666663,,4.378708865311994,51.35301353013531,,,,,,8.794587945879458,,,94.4649446494465,,,,,,,,,72.93972939729397,,,,,,,,,72.01722017220172,,,,,,,15.559655596555968,1.0845119696136738,,,,,,,,,,,,,,
RAJASTHAN,pratapgarh (raj.),12.5,,,,86.226034308779,37.68920282542886,,19.37436932391524,,,,,,14.984863773965692,12.260343087790112,,,,35.822401614530776,,2.219979818365288,,4.944500504540867,,4.187689202825428,46.3,23.5,,4.369427048168928,53.2795156407669,,,,,,8.375378405650856,,,88.90010090817356,,,,,,,,,58.72855701311806,,,,,,,,,77.2452068617558,,,,,,,14.32896064581231,2.4788845019741115,,,,,,,,,,,,,,
RAJASTHAN,rajsamand,16.0,,,,94.80698529411764,66.59007352941177,,60.29411764705882,,,,,,21.875,16.360294117647058,,,,68.29044117647058,,4.8713235294117645,,8.685661764705882,,10.753676470588236,72.1,33.9,,5.460891312434212,54.96323529411765,,,,,,2.527573529411765,,,96.69117647058825,,,,,,,,,75.0,,,,,,,,,75.55147058823529,,,,,,,18.014705882352946,3.1235943825278625,,,,,,,,,,,,,,
RAJASTHAN,salumbar,14.9,,,,83.11588641596316,53.49194167306216,,25.24942440521872,,,,,,12.202609363008442,12.586339217191098,,,,36.22409823484267,,4.98848810437452,,3.683806600153492,,3.530314658480429,57.575,27.725,,4.131689938986938,45.66385264773599,,,,,,9.823484267075978,,,89.6392939370683,,,,,,,,,55.94781273983116,,,,,,,,,80.89025326170376,,,,,,,14.8119723714505,0.6746963866260183,,,,,,,,,,,,,,
RAJASTHAN,sawai madhopur,0.0,,,,87.94871794871794,81.33333333333333,,47.43589743589743,,,,,,25.07692307692308,12.153846153846152,,,,45.84615384615385,,3.794871794871795,,19.07692307692308,,8.564102564102564,71.2,28.3,,5.018005065161188,58.66666666666666,,,,,,5.641025641025641,,,96.05128205128204,,,,,,,,,73.43589743589743,,,,,,,,,54.97435897435897,,,,,,,17.58974358974359,2.508871008046379,,,,,,,,,,,,,,
RAJASTHAN,sikar,0.0,,,,89.73918028088278,80.96875895672112,,76.1249641731155,,,,,,35.79822298652909,19.518486672398968,,,,71.59644597305818,,6.391516193751791,,21.037546574949843,,17.454858125537402,77.9,41.4,,5.165190223146537,66.55202063628548,,,,,,2.4648896531957583,,,95.81541989108628,,,,,,,,,81.7999426769848,,,,,,,,,57.06506162224133,,,,,,,20.607623961020348,3.268529161877156,,,,,,,,,,,,,,
RAJASTHAN,sirohi,16.4,,,,86.83453237410072,74.60431654676259,,56.25899280575539,,,,,,25.68345323741007,17.194244604316548,,,,46.40287769784173,,4.9640287769784175,,10.863309352517986,,10.50359712230216,54.1,25.7,,4.256339073201029,57.48201438848921,,,,,,7.122302158273381,,,94.67625899280576,,,,,,,,,79.71223021582733,,,,,,,,,68.99280575539568,,,,,,,19.85611510791367,2.179019441251437,,,,,,,,,,,,,,
RAJASTHAN,tonk,1.3,,,,89.33062880324543,79.87829614604462,,69.69574036511156,,,,,,19.350912778904668,12.373225152129818,,,,52.49492900608519,,2.677484787018256,,22.59634888438134,,6.206896551724138,66.2,27.3,,5.882332830774385,56.95740365111563,,,,,,3.4482758620689653,,,97.68762677484789,,,,,,,,,72.25152129817444,,,,,,,,,60.0,,,,,,,15.496957403651116,3.0911090009495727,,,,,,,,,,,,,,
RAJASTHAN,udaipur,12.2,,,,87.43328481319747,50.727802037845706,,30.033964095099464,,,,,,20.59679767103348,13.41581756428918,,,,51.69820475497331,,5.094614264919942,,9.461426491994178,,10.213488597768071,60.3,30.1,,4.713610616549588,45.73022804463853,,,,,,9.99514798641436,,,94.5900048520136,,,,,,,,,63.440077632217374,,,,,,,,,74.89082969432314,,,,,,,16.496846191169332,2.543855265130691,,,,,,,,,,,,,,
PUDUCHERRY,karaikal,9.7,,,96.8476357267951,,,,,,,27.325581395348834,,79.12641747165057,,,,,,,33.13953488372093,2.3255813953488373,,,,,,,62.2847543049139,,,17.040358744394617,,20.71984435797665,,,,,,,,,,,,,,,,,,,,,,7.2,,57.55813953488372,,,15.126903553299492,,,,,,,97.20873786407766,,15.683814303638648,,2.771944561108778,,,,,,,,
PUDUCHERRY,mahe,7.8,,,99.37304075235107,,,,,,,27.27272727272727,,85.62691131498471,,,,,,,30.303030303030305,18.181818181818183,,,,,,,63.608562691131496,,,9.655172413793103,,4.134241245136186,,,,,,,,,,,,,,,,,,,,,,2.8,,57.57575757575758,,,2.4365482233502536,,,,,,,97.8021978021978,,3.450439146800502,,1.834862385321101,,,,,,,,
PUDUCHERRY,pondicherry,4.7,,,99.03047091412742,,,,,,,29.23076923076924,,78.15932706580901,,,,,,,48.46153846153846,6.538461538461539,,,,,,,64.89856506679862,,,22.579205711735835,,65.71011673151752,,,,,,,,,,,,,,,,,,,,,,5.7,,51.92307692307693,,,75.83756345177665,,,,,,,98.86907351022184,,73.3375156838143,,1.0192973775358734,,,,,,,,
PUDUCHERRY,yanam,14.6,,,96.02272727272728,,,,,,,10.526315789473683,,59.71943887775552,,,,,,,28.94736842105264,0.0,,,,,,,41.883767535070135,,,5.555555555555555,,9.43579766536965,,,,,,,,,,,,,,,,,,,,,,15.9,,65.78947368421053,,,6.598984771573605,,,,,,,96.875,,7.528230865746549,,4.408817635270541,,,,,,,,
CHHATTISGARH,balod,11.5,,,,,,,,,,,,,,,17.821158690176322,,,,,,,,,,,,17.882265827471308,5.40286445831333,,,2.8122515530042715,3.076563495544762,,,3.9672544080604535,1.6162586013762203,,,,,,1.1335012594458438,,,,,,,,,,,,,,,2.231814486469746,,,,,,,,,,,2.163684129920008,,,,,,,,,,
CHHATTISGARH,balodabazar,19.1,,,,,,,,,,,,,,,8.374930671103716,,,,,,,,,,,,18.77281246917234,3.8049088090564114,,,1.9947670737567984,2.985313563581992,,,11.92457016084304,0.8182599589368625,,,,,,1.109262340543539,,,,,,,,,,,,,,,1.7749990321706477,,,,,,,,,,,2.1297550746321408,,,,,,,,,,
CHHATTISGARH,balrampur,18.4,,,,,,,,,,,,,,,7.307525010874293,,,,,,,,,,,,17.86584015939783,4.908368785078212,,,2.7096158848521634,3.895891832010476,,,8.264462809917356,0.725334550374077,,,,,,1.9573727707699,,,,,,,,,,,,,,,3.5035422554295224,,,,,,,,,,,3.2289150948953265,,,,,,,,,,
CHHATTISGARH,baster,8.2,,,,,,,,,,,,,,,11.811652035115722,,,,,,,,,,,,23.9279673664312,5.582803343794262,,,3.5649439794517512,5.328355676226031,,,3.910614525139665,1.1370011386674812,,,,,,3.1125299281723864,,,,,,,,,,,,,,,7.892648368239712,,,,,,,,,,,7.576075303653264,,,,,,,,,,
CHHATTISGARH,bemetara,21.0,,,,,,,,,,,,,,,9.918478260869565,,,,,,,,,,,,21.28260285022856,3.807836833321388,,,2.0612442381928475,2.360011398237116,,,15.081521739130435,0.6670625697523217,,,,,,2.921195652173913,,,,,,,,,,,,,,,1.446904881731253,,,,,,,,,,,1.628594653817608,,,,,,,,,,
CHHATTISGARH,bijapur,11.4,,,,,,,,,,,,,,,1.9588638589618024,,,,,,,,,,,,34.61639172558261,5.640730237504431,,,3.648718718445542,2.329274579049656,,,9.79431929480901,1.360333215171925,,,,,,6.562193927522038,,,,,,,,,,,,,,,3.5974217026053967,,,,,,,,,,,5.321442456086613,,,,,,,,,,
CHHATTISGARH,bilaspur,16.8,,,,,,,,,,,,,,,6.72,,,,,,,,,,,,28.17962119934806,4.246225219613824,,,2.0572612294155097,3.2853177258595907,,,14.72,1.5908130902009636,,,,,,1.4,,,,,,,,,,,,,,,2.4224768688784795,,,,,,,,,,,3.142678746038665,,,,,,,,,,
CHHATTISGARH,dantewada,9.4,,,,,,,,,,,,,,,21.0989010989011,,,,,,,,,,,,23.836231071228266,5.989955150924697,,,4.376163873370578,2.113156319137832,,,2.6373626373626373,1.8409957502561605,,,,,,9.12087912087912,,,,,,,,,,,,,,,2.6644342069606286,,,,,,,,,,,2.4271055452799737,,,,,,,,,,
CHHATTISGARH,dhamtari,14.4,,,,,,,,,,,,,,,9.476744186046512,,,,,,,,,,,,23.558564003384504,5.303953121594071,,,3.444630084059938,3.288199302658415,,,2.209302325581396,1.538678531587788,,,,,,2.9069767441860463,,,,,,,,,,,,,,,2.92574813208935,,,,,,,,,,,2.803623811599496,,,,,,,,,,
CHHATTISGARH,durg,11.8,,,,,,,,,,,,,,,9.94733762434172,,,,,,,,,,,,39.073539350003074,4.593118082950974,,,2.520446305612546,2.3472043902423403,,,8.894090111176126,2.20978728927868,,,,,,1.930953774136922,,,,,,,,,,,,,,,1.3530254345553792,,,,,,,,,,,1.870339172743659,,,,,,,,,,
CHHATTISGARH,gariaband,16.9,,,,,,,,,,,,,,,7.49400479616307,,,,,,,,,,,,14.326029216467465,4.718562499020883,,,3.055143929123183,3.8616330856244536,,,5.875299760191846,0.8772891764447855,,,,,,1.1990407673860912,,,,,,,,,,,,,,,3.28481282180326,,,,,,,,,,,3.788980125584628,,,,,,,,,,
CHHATTISGARH,gourela pendra marvahi,21.7,,,,,,,,,,,,,,,6.546990496304119,,,,,,,,,,,,18.697033898305087,5.569157251998466,,,3.453689167974882,1.9357792584102025,,,3.590285110876452,1.2315270935960592,,,,,,2.006335797254488,,,,,,,,,,,,,,,1.5572374278967132,,,,,,,,,,,1.7753849416255316,,,,,,,,,,
CHHATTISGARH,janjgir - champa,22.5,,,,,,,,,,,,,,,6.080707573244887,,,,,,,,,,,,20.829365422907102,4.890947660805094,,,2.1024778297221216,2.4592657101966195,,,7.904919845218353,1.24062649520898,,,,,,1.3819789939192924,,,,,,,,,,,,,,,3.414501955015292,,,,,,,,,,,2.4857745367152435,,,,,,,,,,
CHHATTISGARH,jashpur,9.9,,,,,,,,,,,,,,,8.803611738148984,,,,,,,,,,,,15.561860545095003,6.203762474464352,,,5.015217111749324,4.824079736431775,,,3.310759969902182,1.260380941205336,,,,,,2.069224981188864,,,,,,,,,,,,,,,5.752777670241184,,,,,,,,,,,5.667565943710755,,,,,,,,,,
CHHATTISGARH,kanker,11.6,,,,,,,,,,,,,,,12.076923076923077,,,,,,,,,,,,18.227631453836647,7.156661268151939,,,4.830871713669497,5.218215407470969,,,1.8461538461538465,1.1228003320767044,,,,,,12.96153846153846,,,,,,,,,,,,,,,6.724478339979095,,,,,,,,,,,7.415854764793893,,,,,,,,,,
CHHATTISGARH,kawardha,19.6,,,,,,,,,,,,,,,4.741379310344827,,,,,,,,,,,,19.864864864864863,3.970964153999258,,,2.4836345872007817,2.6821076493057,,,10.560344827586206,0.8683435127909928,,,,,,4.148706896551724,,,,,,,,,,,,,,,6.259920250861368,,,,,,,,,,,4.213328935122463,,,,,,,,,,
CHHATTISGARH,khairagarh-chuikhadan-gandai,18.7,,,,,,,,,,,,,,,14.536340852130325,,,,,,,,,,,,22.051744885679906,3.8694356490966655,,,3.23100628185374,1.3123981442645416,,,10.401002506265664,0.8858726019742968,,,,,,5.764411027568922,,,,,,,,,,,,,,,1.019124308002013,,,,,,,,,,,0.977345287042164,,,,,,,,,,
CHHATTISGARH,kondagaon,14.7,,,,,,,,,,,,,,,11.773185968284478,,,,,,,,,,,,17.540821375556657,6.3173030336183045,,,4.086113895651343,4.621088659714596,,,3.027390677558866,0.7080005626494538,,,,,,16.866890917827966,,,,,,,,,,,,,,,3.7038829313615422,,,,,,,,,,,4.410070332104191,,,,,,,,,,
CHHATTISGARH,korba,18.2,,,,,,,,,,,,,,,10.458567980691877,,,,,,,,,,,,24.460129400890683,4.564492003221724,,,2.488151658767773,4.093119755130007,,,7.039420756234915,1.4290645495340006,,,,,,1.2067578439259854,,,,,,,,,,,,,,,3.24319615965313,,,,,,,,,,,3.091549544667366,,,,,,,,,,
CHHATTISGARH,koriya,13.4,,,,,,,,,,,,,,,9.79020979020979,,,,,,,,,,,,27.06449668474985,6.043385607343861,,,3.306466057675085,1.5061041401855095,,,3.776223776223776,1.105586215689489,,,,,,3.3566433566433567,,,,,,,,,,,,,,,1.7556424451240755,,,,,,,,,,,1.463661746168255,,,,,,,,,,
CHHATTISGARH,mahasamund,15.4,,,,,,,,,,,,,,,2.497769848349688,,,,,,,,,,,,22.91,4.530072888872782,,,2.762637743876275,4.758763995658424,,,6.645851917930419,1.1166629671071409,,,,,,1.471900089206066,,,,,,,,,,,,,,,4.586543300685223,,,,,,,,,,,4.347631445636935,,,,,,,,,,
CHHATTISGARH,manendragarh-chirmiri-bharatpur,18.0,,,,,,,,,,,,,,,8.574181117533719,,,,,,,,,,,,22.17095143924412,5.353487824961769,,,3.443808446988434,2.0958668583448863,,,4.816955684007708,1.2257381484531231,,,,,,9.248554913294797,,,,,,,,,,,,,,,3.340946924238318,,,,,,,,,,,1.6118657446131734,,,,,,,,,,
CHHATTISGARH,mohla-manpur-chowki,11.9,,,,,,,,,,,,,,,14.195583596214512,,,,,,,,,,,,19.401574803149607,5.420401195049082,,,4.702478474570363,1.8720643936361976,,,4.206098843322819,0.7699530516431925,,,,,,8.096740273396424,,,,,,,,,,,,,,,1.267856451550463,,,,,,,,,,,1.3795459632670852,,,,,,,,,,
CHHATTISGARH,mungeli,17.3,,,,,,,,,,,,,,,3.279938977879481,,,,,,,,,,,,19.367529126948103,3.631438399068101,,,1.9290686112031816,1.6543452577250273,,,16.018306636155607,0.9242062925151378,,,,,,4.576659038901601,,,,,,,,,,,,,,,2.185358677557973,,,,,,,,,,,1.5140840922210572,,,,,,,,,,
CHHATTISGARH,narayanpur,16.2,,,,,,,,,,,,,,,9.555189456342667,,,,,,,,,,,,18.62517417556897,6.26819611039944,,,4.496225795864785,0.5676706293683904,,,2.9654036243822075,1.6478397577733783,,,,,,3.2948929159802307,,,,,,,,,,,,,,,3.376756610274476,,,,,,,,,,,2.6163071521977312,,,,,,,,,,
CHHATTISGARH,raigarh,17.3,,,,,,,,,,,,,,,10.19455252918288,,,,,,,,,,,,24.059337093409567,5.530818405579105,,,3.190854531814772,4.534641355749866,,,4.163424124513618,1.310166826199918,,,,,,1.517509727626459,,,,,,,,,,,,,,,2.207618752661531,,,,,,,,,,,3.498698208121768,,,,,,,,,,
CHHATTISGARH,raipur,13.1,,,,,,,,,,,,,,,7.708161582852433,,,,,,,,,,,,37.61253887706662,4.419653676834981,,,2.456906946359092,4.481172097371681,,,11.129431162407254,1.8008876927584672,,,,,,0.989282769991756,,,,,,,,,,,,,,,3.5954860439007392,,,,,,,,,,,3.790865073100621,,,,,,,,,,
CHHATTISGARH,rajnandgaon,14.8,,,,,,,,,,,,,,,12.692307692307692,,,,,,,,,,,,27.76200749403884,4.6274695250105085,,,3.5704415485023064,2.4035552254193493,,,5.384615384615385,1.541088692728037,,,,,,1.7948717948717947,,,,,,,,,,,,,,,2.0876079129727847,,,,,,,,,,,1.9504494421733445,,,,,,,,,,
CHHATTISGARH,sakti,17.6,,,,,,,,,,,,,,,11.177644710578845,,,,,,,,,,,,18.102777056838825,5.259063114217078,,,2.771030383628937,1.86598106483868,,,4.9234863606121095,1.2195621314697531,,,,,,0.665335994677312,,,,,,,,,,,,,,,1.9724362200456813,,,,,,,,,,,1.9815510761872224,,,,,,,,,,
CHHATTISGARH,sarangarh-bilaigarh,11.6,,,,,,,,,,,,,,,9.87734021949645,,,,,,,,,,,,20.50951767568341,5.601879319468274,,,2.7036942512601287,2.5956603453409706,,,3.938024531956101,0.9789458493016692,,,,,,0.8392511297611362,,,,,,,,,,,,,,,1.1342960009291163,,,,,,,,,,,1.5781723077648055,,,,,,,,,,
CHHATTISGARH,sukma,11.4,,,,,,,,,,,,,,,11.02514506769826,,,,,,,,,,,,16.2987012987013,5.550949789135999,,,4.571331751948493,2.0042967511822467,,,2.804642166344294,1.3192517031323217,,,,,,1.5473887814313347,,,,,,,,,,,,,,,1.4991676667569973,,,,,,,,,,,1.748760057962136,,,,,,,,,,
CHHATTISGARH,surajpur,12.6,,,,,,,,,,,,,,,6.631832797427653,,,,,,,,,,,,19.55691367456073,5.616489050742554,,,3.3436247078750454,4.210944228681935,,,5.385852090032155,0.7959195713619128,,,,,,5.667202572347267,,,,,,,,,,,,,,,3.262552746699702,,,,,,,,,,,3.2277370026978307,,,,,,,,,,
CHHATTISGARH,surguja,8.0,,,,,,,,,,,,,,,8.582246529238537,,,,,,,,,,,,21.35326650535776,5.707014913595834,,,3.833206645672712,3.431957967399761,,,4.459402608329827,1.4060404008522054,,,,,,3.53386621792175,,,,,,,,,,,,,,,2.954783012659208,,,,,,,,,,,3.172602287855048,,,,,,,,,,
JAMMU & KASHMIR,anantnag,11.1,,,89.15702479338843,89.96742671009773,42.671009771986974,,,51.00977198697069,,,,43.21294145911748,26.579804560260584,13.876221498371336,,,,78.0456026058632,,,,12.899022801302932,,,84.7,52.8,21.686554016176824,6.53407009722353,47.42671009771987,,,,,83.30263474012973,3.908794788273615,,,99.0228013029316,,,,,,,,,83.64820846905538,,,,,,,,,66.9055374592834,,,,,,,11.596091205211726,,,,,,,,13.876221498371336,,,,,,,
JAMMU & KASHMIR,badgam,13.8,,,87.64813126709207,97.0954356846473,43.3195020746888,,,49.12863070539419,,,,41.06154006895832,27.136929460580912,13.858921161825728,,,,73.6929460580913,,,,9.626556016597512,,,77.0,48.2,23.602549367882144,6.616798136152149,47.38589211618257,,,,,91.36976282520112,2.8215767634854774,,,99.50207468879668,,,,,,,,,73.11203319502074,,,,,,,,,63.40248962655601,,,,,,,12.365145228215768,,,,,,,,14.107883817427386,,,,,,,
JAMMU & KASHMIR,bandipora,20.8,,,85.01838235294117,92.5233644859813,31.61993769470405,,,54.82866043613706,,,,34.901625320787,29.595015576323984,18.53582554517134,,,,55.9190031152648,,,,11.682242990654206,,,66.8,35.9,20.70145423438837,6.174241423931128,45.794392523364486,,,,,82.61334473909324,5.29595015576324,,,97.81931464174455,,,,,,,,,58.72274143302181,,,,,,,,,68.84735202492212,,,,,,,12.149532710280374,,,,,,,,9.657320872274145,,,,,,,
JAMMU & KASHMIR,baramula,15.5,,,89.48545861297539,90.132717830352,31.506058857472592,,,51.18291979226775,,,,42.81122150789013,23.42758222735141,12.983266012694749,,,,61.9734564339296,,,,7.905366416618581,,,77.7,35.9,19.38924605493863,6.260748655274617,40.39238315060589,,,,,88.16481589713618,5.135603000577034,,,99.13444893248702,,,,,,,,,83.55452971725332,,,,,,,,,69.76341604154645,,,,,,,12.348528563185228,,,,,,,,8.020773225620312,,,,,,,
JAMMU & KASHMIR,doda,14.1,,,85.71428571428571,63.597430406852254,13.704496788008566,,,56.53104925053534,,,,39.206534422403735,12.06281227694504,6.780870806566738,,,,72.59100642398288,,,,5.567451820128479,,,70.9,46.8,16.102683780630105,6.274940508877906,40.4710920770878,,,,,74.92707117852976,4.568165596002856,,,97.85867237687366,,,,,,,,,51.46324054246967,,,,,,,,,77.51605995717344,,,,,,,10.920770877944326,,,,,,,,1.7130620985010707,,,,,,,
JAMMU & KASHMIR,ganderbal,17.4,,,91.0337552742616,87.19723183391004,46.02076124567474,,,48.615916955017305,,,,41.26913689815842,26.29757785467128,18.68512110726644,,,,65.39792387543253,,,,5.363321799307959,,,78.4,34.3,22.453960505879746,7.089376160065436,43.0795847750865,,,,,85.02329709341025,2.249134948096886,,,98.2698961937716,,,,,,,,,62.9757785467128,,,,,,,,,75.9515570934256,,,,,,,10.55363321799308,,,,,,,,6.747404844290658,,,,,,,
JAMMU & KASHMIR,jammu,6.8,,,94.80777728678746,89.37784522003035,76.32776934749621,,,86.89934243803744,,,,75.1137746136169,30.905412240768843,23.874557410217506,,,,98.28022255943348,,,,25.89782498735458,,,81.2,70.8,34.14139593565539,6.578842055024767,56.95498229640869,,,,,87.68080025233182,3.1360647445624683,,,98.98836621143148,,,,,,,,,57.25847243297926,,,,,,,,,59.18057663125949,,,,,,,12.44309559939302,,,,,,,,46.23166413758219,,,,,,,
JAMMU & KASHMIR,kathua,12.0,,,95.24610854017668,74.1977734119188,42.04322200392927,,,75.90045841519319,,,,58.86796467709331,19.384413883431563,12.311722331368696,,,,87.03339882121807,,,,6.090373280943026,,,75.4,64.9,21.76827322055538,6.410492500971906,49.50884086444008,,,,,89.37120970315992,2.4230517354289454,,,96.46365422396856,,,,,,,,,63.0648330058939,,,,,,,,,77.6686313032089,,,,,,,10.281597904387688,,,,,,,,23.968565815324165,,,,,,,
JAMMU & KASHMIR,kishtwar,14.9,,,71.47766323024055,96.89655172413794,16.551724137931036,,,42.5287356321839,,,,44.08028455284553,12.643678160919542,6.551724137931035,,,,47.70114942528736,,,,5.632183908045977,,,59.6,48.0,15.574186991869915,6.597495767612599,38.39080459770115,,,,,75.88922764227642,4.137931034482759,,,91.49425287356324,,,,,,,,,52.18390804597701,,,,,,,,,69.77011494252874,,,,,,,9.42528735632184,,,,,,,,1.1494252873563218,,,,,,,
JAMMU & KASHMIR,kulgam,13.9,,,89.82229402261711,90.81364829396324,45.800524934383205,,,51.70603674540683,,,,32.03545976012515,27.296587926509183,16.010498687664043,,,,68.24146981627297,,,,8.005249343832022,,,80.5,42.4,17.69511559186511,6.668985104039877,46.3254593175853,,,,,85.78133147922823,3.0183727034120733,,,97.3753280839895,,,,,,,,,57.21784776902887,,,,,,,,,66.01049868766404,,,,,,,10.36745406824147,,,,,,,,6.299212598425196,,,,,,,
JAMMU & KASHMIR,kupwara,16.0,,,89.64414234306277,83.31360946745562,23.07692307692308,,,43.37278106508876,,,,31.78726620064236,15.91715976331361,11.065088757396447,,,,46.80473372781065,,,,3.7869822485207103,,,67.7,44.9,16.257320989986777,5.628246502948104,43.84615384615385,,,,,79.97354997166069,4.733727810650888,,,98.40236686390531,,,,,,,,,64.31952662721893,,,,,,,,,76.15384615384615,,,,,,,8.994082840236686,,,,,,,,11.95266272189349,,,,,,,
JAMMU & KASHMIR,pulwama,5.9,,,93.72119815668202,94.69525959367944,46.27539503386004,,,53.83747178329571,,,,40.97722686653214,28.216704288939056,17.494356659142213,,,,68.73589164785552,,,,8.690744920993227,,,91.6,49.4,20.23637936004612,6.379946113456003,47.065462753950335,,,,,93.03833957912944,1.918735891647856,,,100.0,,,,,,,,,53.27313769751692,,,,,,,,,70.6546275395034,,,,,,,12.18961625282167,,,,,,,,22.00902934537246,,,,,,,
JAMMU & KASHMIR,punch,16.5,,,84.42367601246106,61.24401913875598,18.002392344497608,,,39.354066985645936,,,,42.4198250728863,15.370813397129188,10.466507177033494,,,,75.5980861244019,,,,4.30622009569378,,,66.7,46.8,16.76384839650146,5.43828419467126,33.61244019138756,,,,,76.11979856877817,4.007177033492823,,,93.30143540669856,,,,,,,,,26.67464114832536,,,,,,,,,80.20334928229666,,,,,,,7.236842105263158,,,,,,,,10.944976076555024,,,,,,,
JAMMU & KASHMIR,rajauri,13.9,,,76.69797687861272,66.19718309859155,18.2092555331992,,,50.40241448692153,,,,48.06096855103222,15.8953722334004,9.959758551307846,,,,76.71026156941649,,,,5.1307847082494975,,,63.3,46.4,21.27146440285549,6.001482133345684,37.223340040241446,,,,,85.23056145089717,4.275653923541248,,,91.59959758551308,,,,,,,,,43.51106639839034,,,,,,,,,72.93762575452716,,,,,,,8.098591549295776,,,,,,,,14.486921529175053,,,,,,,
JAMMU & KASHMIR,ramban,27.4,,,88.6943836615609,47.05882352941176,11.470588235294118,,,47.35294117647059,,,,34.02901501654365,18.03921568627451,7.745098039215686,,,,53.72549019607843,,,,3.92156862745098,,,48.9,35.5,15.067447187579535,4.82464757601061,38.72549019607843,,,,,68.3889030287605,5.0,,,93.33333333333331,,,,,,,,,9.31372549019608,,,,,,,,,75.98039215686273,,,,,,,8.92156862745098,,,,,,,,1.1764705882352942,,,,,,,
JAMMU & KASHMIR,reasi,25.3,,,84.56507521255723,46.2962962962963,15.74074074074074,,,45.28619528619529,,,,45.57302441042615,11.784511784511784,7.491582491582492,,,,60.18518518518518,,,,2.272727272727273,,,62.7,41.9,14.54282167976831,5.570215364760379,39.47811447811448,,,,,81.89904840711625,8.501683501683502,,,95.1178451178451,,,,,,,,,34.5959595959596,,,,,,,,,73.23232323232324,,,,,,,9.006734006734007,,,,,,,,3.114478114478114,,,,,,,
JAMMU & KASHMIR,samba,7.7,,,93.717277486911,86.91756272401435,72.58064516129032,,,81.54121863799283,,,,71.6262281933026,35.66308243727598,22.939068100358423,,,,97.67025089605734,,,,10.57347670250896,,,78.8,60.6,25.62662923601364,7.007855205654624,56.63082437275986,,,,,87.70804090635653,1.7921146953405016,,,98.02867383512545,,,,,,,,,57.34767025089605,,,,,,,,,64.15770609318996,,,,,,,10.93189964157706,,,,,,,,40.50179211469534,,,,,,,
JAMMU & KASHMIR,shopian,14.8,,,91.16022099447514,99.0272373540856,41.63424124513619,,,55.05836575875487,,,,32.629355860612456,27.431906614785994,17.704280155642024,,,,68.8715953307393,,,,6.420233463035019,,,86.5,55.2,18.400211193241816,6.6599855829245564,47.85992217898833,,,,,86.90601900739176,2.140077821011673,,,98.83268482490271,,,,,,,,,66.73151750972762,,,,,,,,,69.26070038910505,,,,,,,10.505836575875486,,,,,,,,12.45136186770428,,,,,,,
JAMMU & KASHMIR,srinagar,1.5,,,96.75220529270248,98.15059445178336,79.39233817701454,,,67.23910171730515,,,,72.72208173586753,50.19815059445178,29.854689564068693,,,,84.94055482166446,,,,91.28137384412152,,,86.8,60.5,33.12668243739294,6.940811450442188,69.22060766182298,,,,,90.86385512684558,4.359313077939234,,,100.0,,,,,,,,,78.33553500660501,,,,,,,,,26.55217965653897,,,,,,,13.738441215323649,,,,,,,,15.323645970937912,,,,,,,
JAMMU & KASHMIR,udhampur,17.8,,,81.26777732629013,61.04203670811131,23.80106571936057,,,55.41740674955595,,,,58.244238536469474,17.939609236234457,11.486086441681469,,,,84.78389579632919,,,,6.335109532267615,,,69.8,43.7,20.468044666191496,6.013673284231431,37.18176435760805,,,,,75.88500831551437,3.197158081705151,,,93.78330373001776,,,,,,,,,47.06927175843694,,,,,,,,,77.50148016577857,,,,,,,9.887507400828891,,,,,,,,7.341622261693309,,,,,,,
JHARKHAND,bokaro,6.2,,,96.72875965470242,89.01408450704226,47.08920187793427,,46.10328638497653,,,,,,19.061032863849764,18.30985915492958,,,,98.16901408450704,,,,14.131455399061032,,17.089201877934272,,45.0,30.830610228740785,3.258702709931131,,,,,,,8.12206572769953,,,99.34272300469485,0.0469483568075117,,,,,,,,,,,,87.26122399318652,,,,,,,,,,82.25352112676056,,,,97.3,,,6.614524603536384,,,,,,,,,,
JHARKHAND,chatra,12.2,,,94.20393559928443,71.86982901268615,21.18036403750689,,31.05350248207391,,,,,,11.4726971869829,8.880308880308881,,,,96.19415333701048,,,,3.6403750689464975,,5.405405405405405,,27.7,14.564203983613504,2.8626424952181457,,,,,,,10.865968008825153,,,98.84169884169884,0.0551571980143408,,,,,,,,,,,,76.85225397376878,,,,,,,,,,93.54660783232212,,,,92.1,,,4.378493798133442,,,,,,,,,,
JHARKHAND,deoghar,11.9,,,96.71641791044776,81.98198198198197,47.612612612612615,,27.16216216216216,,,,,,16.98198198198198,10.405405405405403,,,,98.51351351351352,,,,9.72972972972973,,7.567567567567568,,19.7,21.707486136783736,2.382262929610956,,,,,,,12.342342342342343,,,98.87387387387388,0.045045045045045,,,,,,,,,,,,85.66881338367016,,,,,,,,,,91.17117117117115,,,,95.6,,,5.05626064633766,,,,,,,,,,
JHARKHAND,dhanbad,10.2,,,96.81889149102264,93.0175581870151,46.67211106574112,,41.89465087790935,,,,,,19.150673744385465,14.128215598203347,,,,97.42752143732136,,,,26.13311555737036,,19.599836668027766,,37.9,32.28326124846685,3.177249979489704,,,,,,,11.06574111882401,,,99.18334013883218,0.0816659861167823,,,,,,,,,,,,86.7939903234021,,,,,,,,,,78.84850959575337,,,,98.5,,,5.217005350159545,,,,,,,,,,
JHARKHAND,dumka,14.2,,,92.4596549805231,74.453125,13.7109375,,36.25,,,,,,13.2421875,9.6484375,,,,97.890625,,,,2.265625,,4.921875,,19.1,14.519146813022326,2.8507828362746737,,,,,,,6.8359375,,,98.984375,0.15625,,,,,,,,,,,,82.48640983219097,,,,,,,,,,94.53125,,,,93.2,,,6.9114224706700895,,,,,,,,,,
JHARKHAND,garhwa,17.7,,,93.59026369168356,76.03972687771571,73.43265052762258,,14.400993171942892,,,,,,14.276846679081316,10.242085661080075,,,,85.16449410304159,,,,5.772811918063315,,2.4208566108007448,,31.0,13.49287916605491,2.137944672716486,,,,,,,16.201117318435752,,,99.68963376784605,0.0,,,,,,,,,,,,90.6892274982282,,,,,,,,,,97.3308504034761,,,,85.0,,,3.166910582759531,,,,,,,,,,
JHARKHAND,giridih,7.4,,,96.35258358662614,77.15326567785584,19.385896435076763,,29.143897996357016,,,,,,14.1295862607338,9.341660161332292,,,,98.90710382513662,,,,4.944054124381993,,7.390059849076243,,25.0,16.492473542365083,2.4543034605146405,,,,,,,10.460577673692429,,,99.53161592505856,0.078064012490242,,,,,,,,,,,,88.12124942298816,,,,,,,,,,91.17876658860266,,,,96.5,,,5.74842254264533,,,,,,,,,,
JHARKHAND,godda,9.9,,,96.24382207578252,79.19501133786848,28.00453514739229,,29.59183673469388,,,,,,12.131519274376418,16.666666666666664,,,,92.06349206349206,,,,4.2517006802721085,,4.81859410430839,,19.6,14.515408664582402,2.123724247827901,,,,,,,18.764172335600907,,,99.26303854875285,0.1133786848072562,,,,,,,,,,,,79.57637177029125,,,,,,,,,,90.98639455782312,,,,93.5,,,6.020728869268972,,,,,,,,,,
JHARKHAND,gumla,18.5,,,94.73031618102914,65.88235294117646,20.840336134453786,,19.215686274509807,,,,,,12.661064425770308,9.803921568627452,,,,89.01960784313725,,,,2.5770308123249297,,4.313725490196078,,33.3,15.77261809447558,3.467806868978538,,,,,,,8.739495798319327,,,96.30252100840336,0.392156862745098,,,,,,,,,,,,75.53660406285934,,,,,,,,,,95.46218487394958,,,,89.1,,,1.599049926825172,,,,,,,,,,
JHARKHAND,hazaribag,2.5,,,96.73069064160195,82.79569892473118,37.8584229390681,,45.96774193548387,,,,,,20.56451612903226,12.813620071684587,,,,95.65412186379928,,,,6.720430107526881,,16.48745519713262,,40.1,26.73670193090183,3.4437514649382948,,,,,,,7.123655913978495,,,99.01433691756272,0.0448028673835125,,,,,,,,,,,,86.27163851263009,,,,,,,,,,81.67562724014337,,,,98.2,,,4.030613468966675,,,,,,,,,,
JHARKHAND,jamtara,11.5,,,98.14340588988476,84.17777777777778,26.04444444444444,,33.15555555555555,,,,,,16.444444444444446,8.444444444444445,,,,98.13333333333333,,,,4.977777777777778,,3.555555555555556,,21.4,16.006760019314342,2.530501029428835,,,,,,,10.4,,,99.82222222222222,0.0,,,,,,,,,,,,84.37041385383036,,,,,,,,,,91.82222222222222,,,,92.2,,,3.6833329334708864,,,,,,,,,,
JHARKHAND,khunti,13.0,,,95.1167728237792,79.19921875,25.68359375,,30.2734375,,,,,,13.8671875,12.40234375,,,,95.80078125,,,,3.515625,,5.37109375,,29.3,18.05555555555556,3.5080880919898654,,,,,,,8.0078125,,,99.0234375,0.48828125,,,,,,,,,,,,77.39506869941653,,,,,,,,,,94.3359375,,,,92.9,,,2.3577889206113096,,,,,,,,,,
JHARKHAND,kodarma,11.1,,,98.27188940092168,96.15784008307374,39.35617860851506,,40.7061266874351,,,,,,22.11838006230529,15.057113187954313,,,,99.1692627206646,,,,15.57632398753894,,16.303219106957425,,31.8,25.1789077212806,2.9186568681877394,,,,,,,7.78816199376947,,,99.5846313603323,0.0,,,,,,,,,,,,90.2364785764458,,,,,,,,,,82.34683281412254,,,,97.1,,,1.3489359660276865,,,,,,,,,,
JHARKHAND,latehar,13.9,,,95.1681667456182,71.63814180929096,24.93887530562348,,25.101874490627544,,,,,,12.143439282803586,6.764466177669112,,,,95.59902200488996,,,,2.2004889975550124,,5.297473512632437,,26.5,15.838228648892905,2.421954089031164,,,,,,,10.757946210268948,,,98.85900570497148,0.1629991850040749,,,,,,,,,,,,77.20655737704918,,,,,,,,,,94.45802770986144,,,,89.0,,,3.150116359972169,,,,,,,,,,
JHARKHAND,lohardaga,13.3,,,95.44527532290958,92.9745889387145,23.31838565022421,,32.585949177877424,,,,,,23.01943198804185,15.844544095665173,,,,98.65470852017935,,,,8.520179372197308,,7.174887892376682,,35.0,24.150210424085465,2.6238893702325736,,,,,,,11.80866965620329,,,99.70104633781764,0.1494768310911808,,,,,,,,,,,,75.77309031333198,,,,,,,,,,92.37668161434978,,,,99.2,,,0.7497420887214798,,,,,,,,,,
JHARKHAND,pakaur,19.2,,,95.17073170731707,86.7595818815331,17.073170731707318,,19.77351916376307,,,,,,12.195121951219512,9.40766550522648,,,,95.1219512195122,,,,3.397212543554007,,5.574912891986063,,13.6,17.275177652536144,1.8789393960321736,,,,,,,15.505226480836235,,,99.4773519163763,0.2613240418118467,,,,,,,,,,,,79.46310340676538,,,,,,,,,,91.46341463414636,,,,91.7,,,4.154170965187976,,,,,,,,,,
JHARKHAND,palamu,5.6,,,95.9083833666889,70.20689655172414,15.172413793103448,,24.55172413793104,,,,,,12.344827586206897,7.310344827586207,,,,96.03448275862068,,,,10.03448275862069,,5.310344827586206,,36.5,17.554171418545486,2.3042760198832,,,,,,,13.034482758620689,,,98.79310344827589,0.0689655172413793,,,,,,,,,,,,82.8313404974522,,,,,,,,,,93.75862068965516,,,,95.8,,,8.446894268371679,,,,,,,,,,
JHARKHAND,pashchimi singhbhum,20.6,,,92.9482370592648,74.2091388400703,21.57293497363796,,28.602811950790866,,,,,,12.214411247803165,9.182776801405977,,,,96.1775043936731,,,,3.8224956063268896,,3.163444639718805,,22.9,20.225430597771023,2.243538744800309,,,,,,,18.7170474516696,,,95.298769771529,0.0439367311072056,,,,,,,,,,,,74.6309412065876,,,,,,,,,,96.74868189806678,,,,83.3,,,3.4236222739377653,,,,,,,,,,
JHARKHAND,purbi singhbhum,8.3,,,98.87479907126271,98.62132352941175,43.97977941176471,,55.10110294117647,,,,,,22.977941176470587,17.27941176470588,,,,98.48345588235294,,,,18.244485294117645,,12.040441176470589,,46.8,41.56618435155413,3.23932323142456,,,,,,,11.902573529411764,,,99.44852941176472,0.0459558823529411,,,,,,,,,,,,88.06953339432754,,,,,,,,,,76.33272058823529,,,,95.7,,,6.58753388834241,,,,,,,,,,
JHARKHAND,ramgarh,11.0,,,97.42701632855022,85.82251082251082,49.458874458874455,,53.78787878787878,,,,,,27.81385281385281,20.88744588744589,,,,98.7012987012987,,,,18.3982683982684,,16.883116883116884,,44.3,33.52522345099228,3.396344851715409,,,,,,,9.632034632034632,,,99.7835497835498,0.0,,,,,,,,,,,,85.82610789980733,,,,,,,,,,81.92640692640693,,,,98.4,,,1.771190710395624,,,,,,,,,,
JHARKHAND,ranchi,4.5,,,97.46170188974617,86.50288140734,45.07127691841068,,40.370033363663936,,,,,,21.86836518046709,15.741583257506823,,,,97.23991507430998,,,,17.136791022141338,,18.895966029724,,49.5,39.43116997088037,3.6207780578163256,,,,,,,10.282074613284804,,,99.02942068547164,0.0606612071580224,,,,,,,,,,,,86.69806608149575,,,,,,,,,,78.82923870185017,,,,99.3,,,6.999592140303736,,,,,,,,,,
JHARKHAND,sahibganj,17.6,,,92.05069124423964,73.95833333333334,18.619791666666664,,21.549479166666664,,,,,,15.4296875,8.854166666666668,,,,93.359375,,,,6.966145833333333,,7.682291666666667,,18.6,18.002969561989605,1.828076651647576,,,,,,,22.65625,,,97.4609375,0.6510416666666667,,,,,,,,,,,,75.41018090029449,,,,,,,,,,89.71354166666666,,,,91.6,,,2.7794438713082696,,,,,,,,,,
JHARKHAND,saraikela-kharsawan,11.6,,,96.77540307461568,78.8979336255479,17.59549154664997,,34.690043832185346,,,,,,14.402003757044458,8.766437069505322,,,,94.05134627426423,,,,7.639323731997496,,6.762680025046963,,36.0,26.13972304341061,3.2388929204966943,,,,,,,5.823418910457107,,,99.49906073888542,0.0626174076393237,,,,,,,,,,,,81.61868330984497,,,,,,,,,,92.6111458985598,,,,93.5,,,4.219548475324488,,,,,,,,,,
JHARKHAND,simdega,12.9,,,93.6086956521739,68.47335140018068,20.14453477868112,,30.89430894308943,,,,,,13.188798554652212,10.29810298102981,,,,82.29448961156278,,,,4.5167118337850045,,4.697380307136405,,29.7,16.43203323332564,3.415791631192256,,,,,,,10.02710027100271,,,98.0126467931346,0.0,,,,,,,,,,,,70.04142502071251,,,,,,,,,,95.3026196928636,,,,84.1,,,1.5846548787217196,,,,,,,,,,
DELHI,central,8.6,,,,,,76.84729064039408,,81.2807881773399,,44.33497536945813,,,,47.29064039408867,,,,,69.45812807881774,23.64532019704433,,,6.896551724137931,33.004926108374384,,57.1,53.31807780320366,3.9396698610747993,,,,,,76.08695652173914,,2.7226093776764064,,,,99.7,,,16.748768472906402,,,,,,,,91.6991643454039,,,,,,,,,,,,,,,,6.896551724137931,,,,,,,,77.83251231527095,,,
DELHI,east,6.9,,,,,,83.85416666666666,,88.88888888888889,,23.78472222222222,,,,76.90972222222221,,,,,90.79861111111111,13.71527777777778,,,4.513888888888888,49.65277777777778,,57.2,64.72010853536247,3.6699889162135015,,,,,,72.9546392968796,,2.270444390564927,,,,98.4,,,17.53472222222222,,,,,,,,94.79020202767704,,,,,,,,,,,,,,,,10.590277777777777,,,,,,,,84.89583333333334,,,
DELHI,new delhi,6.9,,,,,,87.35632183908046,,100.0,,36.7816091954023,,,,89.65517241379311,,,,,90.80459770114942,65.51724137931035,,,13.79310344827586,54.02298850574713,,57.9,65.12935883014623,4.311975554154339,,,,,,77.19347581552306,,4.051268370761993,,,,99.1,,,22.988505747126435,,,,,,,,100.0,,,,,,,,,,,,,,,,13.79310344827586,,,,,,,,90.80459770114942,,,
DELHI,north,9.3,,,,,,83.18042813455658,,96.02446483180428,,22.01834862385321,,,,44.342507645259936,,,,,89.90825688073394,19.571865443425075,,,3.058103975535168,44.342507645259936,,53.9,55.1435579281489,3.45846202976942,,,,,,70.27845909681143,,1.7209977695389882,,,,99.3,,,13.761467889908255,,,,,,,,95.08724377435205,,,,,,,,,,,,,,,,11.926605504587156,,,,,,,,83.18042813455658,,,
DELHI,north east i,13.4,,,,,,88.10679611650485,,100.0,,14.320388349514564,,,,35.67961165048544,,,,,95.3883495145631,5.097087378640777,,,1.4563106796116505,67.47572815533981,,59.8,45.96601777877799,3.195429245350861,,,,,,65.35388770113649,,1.2415682664787355,,,,98.2,,,16.50485436893204,,,,,,,,94.62406491695194,,,,,,,,,,,,,,,,9.223300970873789,,,,,,,,86.89320388349515,,,
DELHI,north east ii,12.6,,,,,,80.43478260869566,,94.68599033816425,,12.80193236714976,,,,35.990338164251206,,,,,93.96135265700482,17.632850241545896,,,5.797101449275362,48.06763285024155,,59.8,48.79628734409746,3.372713725311168,,,,,,69.5059460504689,,1.4885853384941974,,,,98.2,,,21.256038647343,,,,,,,,90.21541950113378,,,,,,,,,,,,,,,,8.695652173913043,,,,,,,,78.50241545893721,,,
DELHI,north west a,7.0,,,,,,84.07407407407408,,96.29629629629628,,15.925925925925927,,,,44.25925925925926,,,,,95.92592592592592,28.51851851851852,,,1.6666666666666667,39.44444444444444,,62.9,71.67630057803468,3.48557749965221,,,,,,77.8970547756675,,1.6559611242498526,,,,99.7,,,10.555555555555555,,,,,,,,96.3515335355578,,,,,,,,,,,,,,,,6.851851851851852,,,,,,,,82.22222222222221,,,
DELHI,north west b-i,9.6,,,,,,87.43315508021391,,99.46524064171123,,22.99465240641712,,,,58.82352941176471,,,,,98.3957219251337,59.62566844919787,,,4.545454545454546,45.98930481283423,,62.9,65.92755035737493,3.543011387017592,,,,,,77.28232618583496,,1.774671152025462,,,,99.7,,,11.76470588235294,,,,,,,,95.2711162477126,,,,,,,,,,,,,,,,1.6042780748663104,,,,,,,,83.9572192513369,,,
DELHI,north west b-ii,7.3,,,,,,93.15589353612168,,98.09885931558937,,32.31939163498099,,,,63.87832699619772,,,,,98.8593155893536,31.1787072243346,,,4.942965779467681,61.59695817490495,,62.9,76.8064623215669,3.75161385402872,,,,,,74.96956954741619,,2.4704939742530607,,,,99.7,,,25.09505703422053,,,,,,,,97.23926380368098,,,,,,,,,,,,,,,,8.745247148288973,,,,,,,,91.63498098859316,,,
DELHI,south,7.3,,,,,,88.02395209580838,,96.10778443113772,,26.94610778443114,,,,95.20958083832336,,,,,92.51497005988024,48.80239520958084,,,3.592814371257485,52.99401197604791,,61.6,93.11462528238876,3.624331184342149,,,,,,72.26205677241921,,2.2114080460793075,,,,100.0,,,18.562874251497004,,,,,,,,95.21640091116174,,,,,,,,,,,,,,,,11.976047904191615,,,,,,,,84.4311377245509,,,
DELHI,south east,7.1,,,,,,84.40545808966861,,95.51656920077971,,24.756335282651072,,,,88.30409356725146,,,,,93.37231968810916,37.03703703703704,,,3.313840155945419,55.55555555555556,,65.5,63.00655343052026,3.514313176676843,,,,,,71.7801257188712,,1.9449281697323493,,,,100.0,,,21.052631578947366,,,,,,,,95.31783720736485,,,,,,,,,,,,,,,,18.51851851851852,,,,,,,,83.82066276803118,,,
DELHI,south west a,5.7,,,,,,90.86294416243656,,98.47715736040608,,36.54822335025381,,,,82.23350253807106,,,,,88.83248730964468,49.746192893401016,,,9.64467005076142,53.299492385786806,,68.4,71.29684359853411,4.029169683344129,,,,,,77.88154628206644,,2.8374233128834354,,,,99.7,,,20.304568527918786,,,,,,,,96.13120269133726,,,,,,,,,,,,,,,,17.258883248730964,,,,,,,,89.84771573604061,,,
DELHI,south west b-i,5.6,,,,,,93.72822299651568,,95.47038327526133,,32.40418118466899,,,,74.91289198606272,,,,,96.16724738675958,39.37282229965157,,,3.484320557491289,71.42857142857143,,68.4,73.57260877547273,3.803253048642119,,,,,,76.1428309161006,,2.8571528318420327,,,,99.7,,,20.90592334494773,,,,,,,,96.43861293345827,,,,,,,,,,,,,,,,18.46689895470384,,,,,,,,91.28919860627178,,,
DELHI,south west b-ii,5.7,,,,,,88.75502008032129,,99.19678714859438,,20.080321285140563,,,,66.66666666666666,,,,,96.78714859437753,36.94779116465863,,,5.220883534136546,57.0281124497992,,68.4,82.4039442366542,4.002313475997687,,,,,,83.25399523971438,,2.928588439424353,,,,99.7,,,27.309236947791167,,,,,,,,98.47174743615524,,,,,,,,,,,,,,,,11.244979919678714,,,,,,,,87.95180722891565,,,
DELHI,west a,11.0,,,,,,83.3976833976834,,90.73359073359072,,27.027027027027028,,,,93.05019305019306,,,,,88.8030888030888,46.33204633204633,,,3.861003861003861,37.83783783783784,,56.3,60.41275797373359,3.7341553612802816,,,,,,76.65505226480836,,1.8200379320525848,,,,99.8,,,16.216216216216218,,,,,,,,94.14996767937944,,,,,,,,,,,,,,,,5.405405405405405,,,,,,,,82.23938223938224,,,
DELHI,west b,8.8,,,,,,87.90786948176583,,97.31285988483684,,24.95201535508637,,,,69.86564299424184,,,,,92.51439539347408,32.437619961612285,,,2.8790786948176583,65.83493282149712,,56.3,71.52571926765475,3.471479590807288,,,,,,77.16942749200814,,1.8256290228203629,,,,99.8,,,18.80998080614204,,,,,,,,96.7406876790831,,,,,,,,,,,,,,,,14.011516314779271,,,,,,,,87.71593090211132,,,
ANDHRA PRADESH,anakapalli,22.1,,100.0,,,66.08695652173913,93.04347826086956,,,,,,54.9936788874842,45.012787723785166,,,,17.493606138107417,98.87468030690538,,6.3938618925831205,,10.179028132992327,,29.61636828644501,,41.8,24.83294202636807,,72.32736572890025,13.288125811571202,,,,,,,,,,,,,,,,,,,,,,,,,,73.40153452685422,,,,,,,,,,,,,,3.503702365902113,,,,,,,,
ANDHRA PRADESH,anantapur,17.4,,97.9315831344471,,,67.82020684168656,85.00397772474145,,,,,,52.85350555797056,28.6793953858393,,,,10.143198090692124,95.6642800318218,,5.88703261734288,,26.25298329355609,,39.85680190930788,,31.3,17.133453393777557,,76.25298329355608,13.466308391897478,,,,,,,,,,,,,,,,,,,,,,,,,,68.4964200477327,,,,,,,,,,,,,,4.421536359684531,,,,,,,,
ANDHRA PRADESH,annamayya,25.8,,99.6800568787771,,,54.92356914326342,82.65197298258087,,,,,,49.61315280464217,23.88908638464273,,,,8.78066121578386,88.09100604337007,,2.772840383931745,,13.330963384287235,,34.98044792036971,,39.5,18.08510638297873,,76.03981514397441,12.042925278219396,,,,,,,,,,,,,,,,,,,,,,,,,,77.28403839317454,,,,,,,,,,,,,,4.964539007092199,,,,,,,,
ANDHRA PRADESH,asr,25.7,,87.63227513227513,,,29.894179894179896,76.22354497354497,,,,,,39.636242652767,9.25925925925926,,,,15.178571428571429,81.64682539682539,,6.67989417989418,,0.0,,4.563492063492063,,39.44615384615385,18.476211600310524,,50.29761904761904,4.77754553598089,,,,,,,,,,,,,,,,,,,,,,,,,,86.44179894179894,,,,,,,,,,,,,,7.752023954752135,,,,,,,,
ANDHRA PRADESH,bapatla,29.2,,100.0,,,55.940594059405946,89.38393839383937,,,,,,53.86308606647589,23.047304730473048,,,,8.965896589658966,93.78437843784378,,4.07040704070407,,14.026402640264028,,29.977997799779978,,37.76666666666667,18.34690732995817,,73.92739273927393,15.576056640205966,,,,,,,,,,,,,,,,,,,,,,,,,,73.21232123212322,,,,,,,,,,,,,,4.116222760290557,,,,,,,,
ANDHRA PRADESH,chittoor,18.3,,100.0,,,55.26139410187667,87.03083109919572,,,,,,53.87829522145408,25.603217158176943,,,,7.104557640750671,84.01474530831099,,3.0831099195710454,,16.152815013404826,,33.74664879356568,,40.3,18.77991339360328,,73.82707774798928,12.849085156142523,,,,,,,,,,,,,,,,,,,,,,,,,,82.40616621983914,,,,,,,,,,,,,,2.757730000759705,,,,,,,,
ANDHRA PRADESH,east godavari,12.9,,99.94011976047904,,,75.02994011976047,95.32934131736526,,,,,,58.63753000579423,35.98802395209581,,,,14.311377245508982,100.0,,5.92814371257485,,18.98203592814372,,58.74251497005988,,43.2,24.658554755401045,,85.92814371257485,17.466102930456334,,,,,,,,,,,,,,,,,,,,,,,,,,58.02395209580838,,,,,,,,,,,,,,2.599122589189637,,,,,,,,
ANDHRA PRADESH,eluru,21.2,,99.57716701902748,,,61.43763213530655,86.93446088794926,,,,,,57.70841564598973,22.02959830866808,,,,14.841437632135309,95.34883720930232,,5.031712473572939,,15.898520084566597,,32.21987315010571,,43.72,18.743579612801263,,78.98520084566596,13.155036654900895,,,,,,,,,,,,,,,,,,,,,,,,,,72.51585623678648,,,,,,,,,,,,,,2.749901224812328,,,,,,,,
ANDHRA PRADESH,guntur,2.8,,100.0,,,73.81738173817382,94.71947194719472,,,,,,65.76434264378545,40.92409240924093,,,,23.1023102310231,98.7898789878988,,9.24092409240924,,50.605060506050606,,54.400440044004405,,32.6,29.95620018668773,,83.71837183718371,15.754382191633509,,,,,,,,,,,,,,,,,,,,,,,,,,52.64026402640264,,,,,,,,,,,,,,3.1736913908235795,,,,,,,,
ANDHRA PRADESH,kadapa,25.7,,99.89764585465711,,,72.978505629478,87.27396792903446,,,,,,53.65512861225786,29.71682019788468,,,,8.563630160354828,98.05527123848516,,3.445922893210508,,31.013306038894573,,37.63220743773456,,40.0,24.78882184820578,,84.1351074718526,15.693707354056102,,,,,,,,,,,,,,,,,,,,,,,,,,66.39372227908564,,,,,,,,,,,,,,8.243886948237536,,,,,,,,
ANDHRA PRADESH,kakinada,16.1,,99.54637096774194,,,69.90927419354838,92.94354838709675,,,,,,55.48549810844893,43.09475806451613,,,,13.205645161290322,98.89112903225806,,5.745967741935484,,25.90725806451613,,48.48790322580645,,47.400000000000006,25.40612714190342,,85.03024193548387,19.905390265156232,,,,,,,,,,,,,,,,,,,,,,,,,,62.953629032258064,,,,,,,,,,,,,,3.3083599139529705,,,,,,,,
ANDHRA PRADESH,konaseema,17.4,,100.0,,,50.11644154634374,89.65999068467629,,,,,,52.32988516655595,22.4033535165347,,,,9.501630181648812,99.44108057755008,,2.5151374010246856,,10.992081974848626,,42.89706567303214,,39.44615384615385,21.12555755907754,,79.36655798789008,14.215686274509803,,,,,,,,,,,,,,,,,,,,,,,,,,72.38006520726596,,,,,,,,,,,,,,3.141311568757711,,,,,,,,
ANDHRA PRADESH,krishna,1.8,,100.0,,,62.22926571579504,93.29107237189646,,,,,,62.77887845637006,40.09508716323296,,,,17.16851558372953,99.63021658742736,,6.12783940834654,,21.130480718436345,,44.74379292128896,,46.2,34.611077612197434,,82.98996302165874,15.461079675791408,,,,,,,,,,,,,,,,,,,,,,,,,,67.30058108821976,,,,,,,,,,,,,,3.1182703075200275,,,,,,,,
ANDHRA PRADESH,kurnool,32.8,,100.0,,,61.98137171888231,96.31668077900083,,,,,,55.15347531579911,27.01100762066046,,,,10.711261642675698,98.85690093141406,,3.429297205757832,,33.065198983911934,,44.58086367485182,,33.4,21.15091230853725,,79.805249788315,14.123139772395682,,,,,,,,,,,,,,,,,,,,,,,,,,61.00762066045724,,,,,,,,,,,,,,2.8010007933117715,,,,,,,,
ANDHRA PRADESH,manyam,12.7,,99.88616960728514,,,47.69493454752418,80.76266363118953,,,,,,39.629315223542726,18.09903244166193,,,,12.8628343767786,88.84462151394422,,11.439954467842911,,7.569721115537849,,17.871371656232213,,39.44615384615385,15.80362195812111,,68.4689812179852,8.441399559579153,,,,,,,,,,,,,,,,,,,,,,,,,,86.68184405236198,,,,,,,,,,,,,,6.1262026032824,,,,,,,,
ANDHRA PRADESH,nandyal,34.7,,100.0,,,57.38106915154487,90.2893575282001,,,,,,51.72192341655294,27.758705247670427,,,,8.87690044139284,94.35998038254048,,3.2368808239333005,,25.110348209906817,,38.10691515448749,,32.52,18.214658424981938,,75.28200098087298,9.670094831040467,,,,,,,,,,,,,,,,,,,,,,,,,,66.15988229524277,,,,,,,,,,,,,,4.174359797704102,,,,,,,,
ANDHRA PRADESH,nellore,12.3,,99.97186268992684,,,60.52335396736071,86.10016882386043,,,,,,51.3870853500177,24.395047833427125,,,,12.521102982554869,94.48508722566122,,1.9977490151941475,,24.84524479459764,,35.25604952166573,,38.7,22.706882304332428,,76.39279684862127,13.828473739196506,,,,,,,,,,,,,,,,,,,,,,,,,,72.48171074845244,,,,,,,,,,,,,,3.4116397119584465,,,,,,,,
ANDHRA PRADESH,ntr,2.2,,97.5,,,78.1875,95.0625,,,,,,65.26839672947031,39.5,,,,22.9375,99.625,,9.3125,,40.125,,48.75,,39.900000000000006,37.95236402417348,,87.625,16.979225154407636,,,,,,,,,,,,,,,,,,,,,,,,,,54.87499999999999,,,,,,,,,,,,,,2.8652683967294705,,,,,,,,
ANDHRA PRADESH,palnadu,26.9,,100.0,,,66.2593984962406,93.18609022556392,,,,,,55.78236454697223,31.390977443609025,,,,17.669172932330827,96.2875939849624,,6.719924812030076,,23.44924812030075,,43.1390977443609,,36.0,25.77781150402185,,80.07518796992481,16.3751345532831,,,,,,,,,,,,,,,,,,,,,,,,,,71.80451127819549,,,,,,,,,,,,,,9.371680072848688,,,,,,,,
ANDHRA PRADESH,prakasam,19.4,,99.96776273372018,,,66.247582205029,87.71760154738878,,,,,,47.773994198511794,32.46292714377821,,,,16.666666666666664,98.6782720825274,,3.2882011605415857,,16.989039329464863,,28.981302385557704,,34.5,25.11035439525792,,76.33784655061251,15.41297935103245,,,,,,,,,,,,,,,,,,,,,,,,,,74.27466150870407,,,,,,,,,,,,,,4.042123849161307,,,,,,,,
ANDHRA PRADESH,sri satyasai,24.2,,97.51841799146956,,,56.3396665374176,79.79837146180691,,,,,,49.04353302369519,20.66692516479256,,,,11.78751454051958,87.01046917409849,,5.1570376114773175,,17.215975184179914,,34.005428460643664,,39.44615384615385,17.791072974887822,,65.56804963164016,12.170385395537526,,,,,,,,,,,,,,,,,,,,,,,,,,79.4881737107406,,,,,,,,,,,,,,4.9437140832874125,,,,,,,,
ANDHRA PRADESH,srikakulam,17.1,,99.9047921294827,,,49.57156458267217,75.97588067280229,,,,,,44.04226891776995,18.53379879403364,,,,13.265629958743256,93.24024119327198,,3.5861631228181525,,9.362107267534116,,21.67565852110441,,42.5,16.858982145026115,,67.05807680101556,11.692559280457887,,,,,,,,,,,,,,,,,,,,,,,,,,84.06854966677245,,,,,,,,,,,,,,3.649945341916677,,,,,,,,
ANDHRA PRADESH,tirupati,3.0,,99.96829422954978,,,57.32403297400127,84.17882054533925,,,,,,56.25158027812896,25.61826252377933,,,,12.301838934686112,90.90044388078633,,4.280279010779962,,25.237793278376664,,36.42993024730501,,45.4,23.305941845764856,,76.41090678503487,13.861985472154965,,,,,,,,,,,,,,,,,,,,,,,,,,72.92327203551046,,,,,,,,,,,,,,4.121365360303413,,,,,,,,
ANDHRA PRADESH,visakhapatnam,0.6,,99.93642720915447,,,86.20470438652256,96.94850603941512,,,,,,71.17628101836932,62.428480610298784,,,,25.238397965670696,100.0,,16.274634456452638,,59.37698664971393,,64.14494596312778,,46.0,43.474057363841446,,87.79402415766052,20.980637101811368,,,,,,,,,,,,,,,,,,,,,,,,,,36.93579148124603,,,,,,,,,,,,,,2.481469545601032,,,,,,,,
ANDHRA PRADESH,vizianagaram,9.1,,99.61848240779992,,,71.25900805426028,88.17295464179738,,,,,,47.152897303499714,28.57142857142857,,,,16.913946587537094,96.14243323442136,,6.104281475201356,,16.829164900381517,,30.69097075031793,,37.6,20.001434308663224,,74.31114879186096,13.720642768850432,,,,,,,,,,,,,,,,,,,,,,,,,,75.62526494277236,,,,,,,,,,,,,,4.0949512335054505,,,,,,,,
ANDHRA PRADESH,west godavari,12.0,,99.70631424375918,,,64.70876162506119,92.90259422418012,,,,,,56.892932120363895,27.508565834557025,,,,11.11111111111111,98.62946647087615,,4.992657856093979,,23.837493881546745,,42.33969652471855,,46.5,21.22113365990203,,82.52569750367107,13.372187145863688,,,,,,,,,,,,,,,,,,,,,,,,,,68.08614782183065,,,,,,,,,,,,,,2.860391882435269,,,,,,,,
UTTARAKHAND,almora,4.6,7.384245339747444,,,,,,96.61810613943808,,,,,48.08836023789295,23.04890738813736,,,,,,,,,4.422476586888657,,4.578563995837669,89.2,48.0,22.162883845126835,,,,1.9910902892518767,,35.9,88.97924505401141,,,,,,,,,,0.8324661810613945,,,,,18.002081165452655,,,,,,,,,,,,95.213319458897,,,,,,,,,,,,,,,,,
UTTARAKHAND,bageshwar,4.3,6.818751566808724,,,,,,99.66101694915255,,,,,43.55913381454747,21.80790960451977,,,,,,,,,6.214689265536723,,4.971751412429379,88.5,52.2,33.31482509716824,,,,1.8159458905513424,,34.6,85.1471404775125,,,,,,,,,,1.581920903954802,,,,,14.350282485875706,,,,,,,,,,,,94.91525423728814,,,,,,,,,,,,,,,,,
UTTARAKHAND,chamoli,5.5,4.38871473354232,,,,,,99.46595460614152,,,,,39.78439425051335,27.770360480640853,,,,,,,,,11.882510013351135,,3.0707610146862483,87.6,59.0,22.77549623545517,,,,1.8318822057139816,,37.4,86.00273785078714,,,,,,,,,,0.7343124165554071,,,,,17.356475300400533,,,,,,,,,,,,96.72897196261682,,,,,,,,,,,,,,,,,
UTTARAKHAND,champawat,7.1,7.461888205402515,,,,,,88.81748071979433,,,,,44.85782620249801,22.36503856041131,,,,,,,,,5.912596401028278,,6.041131105398458,82.7,51.0,27.53122508636726,,,,1.8138566755872727,,39.8,82.08875896890778,,,,,,,,,,0.2570694087403599,,,,,18.76606683804627,,,,,,,,,,,,93.7017994858612,,,,,,,,,,,,,,,,,
UTTARAKHAND,dehradun,1.2,14.737518748660811,,,,,,94.85413290113452,,,,,74.20016568700935,40.923824959481365,,,,,,,,,45.05672609400324,,28.56564019448947,83.9,62.6,49.327389640616985,,,,2.18754535676937,,88.8,89.8654779281234,,,,,,,,,,1.3776337115072934,,,,,22.93354943273906,,,,,,,,,,,,71.0291734197731,,,,,,,,,,,,,,,,,
UTTARAKHAND,hardwar,6.3,7.56696644425104,,,,,,72.62638717632552,,,,,66.49551371816814,28.565556925606245,,,,,,,,,27.332511302918206,,13.02918207973695,69.8,40.3,35.72947461231264,,,,1.5434672596774075,,61.5,77.18479331984855,,,,,,,,,,0.5343197698314838,,,,,12.330456226880395,,,,,,,,,,,,85.81997533908755,,,,,,,,,,,,,,,,,
UTTARAKHAND,nainital,4.3,12.998087344596748,,,,,,90.91869060190076,,,,,67.83564118001205,31.52059134107709,,,,,,,,,21.700105596620908,,16.10348468848997,82.4,55.2,39.30614087898856,,,,2.0465108925917725,,71.6,88.32028898254065,,,,,,,,,,0.7391763463569165,,,,,18.954593453009505,,,,,,,,,,,,83.31573389651531,,,,,,,,,,,,,,,,,
UTTARAKHAND,pauri,4.3,3.8223445023091287,,,,,,95.0525394045534,,,,,47.43403885184112,21.10332749562172,,,,,,,,,11.120840630472854,,5.954465849387041,83.3,56.2,24.615830675558133,,,,2.762077607812635,,48.1,88.04484391611095,,,,,,,,,,0.9194395796847636,,,,,19.04553415061296,,,,,,,,,,,,93.6952714535902,,,,,,,,,,,,,,,,,
UTTARAKHAND,pithoragarh,4.6,5.0655929341472925,,,,,,90.96349491322562,,,,,50.41379310344828,21.18491921005386,,,,,,,,,9.395571514063434,,7.839616995810891,84.5,55.5,27.393103448275863,,,,1.7907812598524495,,45.9,84.0551724137931,,,,,,,,,,0.4787552363853979,,,,,15.978456014362658,,,,,,,,,,,,92.10053859964094,,,,,,,,,,,,,,,,,
UTTARAKHAND,rudraprayag,4.5,3.212520593080725,,,,,,99.7835497835498,,,,,36.46994832744085,17.532467532467532,,,,,,,,,5.411255411255411,,3.463203463203463,86.8,56.4,24.313298884960567,,,,2.532077241144124,,35.1,86.37476203426706,,,,,,,,,,2.5974025974025974,,,,,16.341991341991342,,,,,,,,,,,,95.67099567099568,,,,,,,,,,,,,,,,,
UTTARAKHAND,tehri garhwal,6.7,5.787116775749225,,,,,,97.48283752860412,,,,,43.46076458752516,19.679633867276888,,,,,,,,,6.0411899313501145,,4.805491990846682,84.6,50.8,21.49740548554485,,,,2.201854009774423,,34.9,88.59472625225034,,,,,,,,,,1.8306636155606408,,,,,16.613272311212814,,,,,,,,,,,,95.01144164759724,,,,,,,,,,,,,,,,,
UTTARAKHAND,udham singh nagar,6.3,9.759860132668278,,,,,,64.2418930762489,,,,,65.39508110936683,30.67484662576687,,,,,,,,,30.06134969325153,,15.950920245398772,70.9,41.1,36.21664050235479,,,,1.8021011523109804,,64.0,86.66666666666667,,,,,,,,,,0.0876424189307625,,,,,14.986853637160385,,,,,,,,,,,,81.28834355828221,,,,,,,,,,,,,,,,,
UTTARAKHAND,uttarkashi,7.3,4.871743885464308,,,,,,97.31270358306188,,,,,41.40039447731756,17.100977198697066,,,,,,,,,9.69055374592834,,4.153094462540716,75.7,53.6,23.037475345167653,,,,1.87069614430288,,32.6,84.73372781065088,,,,,,,,,,0.4885993485342019,,,,,13.029315960912053,,,,,,,,,,,,95.76547231270358,,,,,,,,,,,,,,,,,
