state,district,dropout_rate,internet - Yes (%),total_girls_func_toilet (%),approachable_road - Yes (%),boundary_wall - Pucca (%),ict_lab_yn - Yes (%),building_status - Private Owned (%),cce_yn - Yes (%),electricity_availability - Yes (%),well_prot_fun_yn - Yes (%),furniture_availability - Yes (%),rain_water_harvesting - Yes (%),solar_panel - Yes (%),building_status - Rented (%),Urban (%),smc_smdc_same - Same As Smc (%),medium_instr1 - English (%),% Women With 10+ Years Schooling,trained_comp (%),female (%),total_tch (%),teachdev_tot (%),schools_with_all_classrooms_in_good_condition (%),Schools With Scr Gt - Code 40 (%),desktop (%),tap_fun_yn - Yes (%),%schools with functional toilets,building_status - No Building (running In Open Place) (%),schools_with_smart_class_tv (%),othsrc_fun_yn - Yes (%),building_status - Government School In A Rent Free Building (%),% Households Using Clean Cooking Fuel,comp_ict_lab_yn - Yes (%),handwash_near_toilet - Yes (%),library_availability - Yes (%),building_status - School Running In Other Department Building (%),regular (%),playground_available - Yes (%),% Population Living In Households With Improved Sanitation,classrooms_in_good_condition (%),boundary_wall - Under Construction (%),well_prot_fun_yn - No (%),building_status - Government Owned (%),% Schools With Ptr < 30,handwash_facility_for_meal - Yes (%),smc_smdc_meetings (%),% Women Age Group 20 To 24 Years Married Before Age 18 Years,boundary_wall - Barbed Wire Fencing (%),% Population Living In Households With An Improved Drinking Water Source,playground_alt_yn - Yes (%),tap_yn - Yes (%),smc_smdc_same - Yes (%),district_officers (%),smart_class_tv_tot (%),% Population Living In Households With Electricity,part_time (%),%hand_pump_fun_yn,crc_coordinator (%),medium_instr1 - Marathi (%),book_bank - Yes (%),medium_of_instr2 - Garo (%),%schools with functional boys toilets,boundary_wall - Hedges (%),medium_instr1 - Hindi (%),rain_water_harvesting - No (%),acad_inspections (%),urinal_boys (%),block_level_officers (%),%schools with functional girls toilets
SIKKIM,gangtok,9.1,58.09128630705395,99.06832298136646,95.4356846473029,26.97095435684648,20.33195020746888,25.72614107883817,96.6804979253112,,,,,,,,,,,,,,,,,,,,,,,,,,,,,,,,,,,,,,,,,,,,,,,,,,,,,,,,,,,,,
SIKKIM,gyalshing,10.3,57.8125,97.55244755244756,90.625,11.979166666666668,20.3125,21.875,100.0,,,,,,,,,,,,,,,,,,,,,,,,,,,,,,,,,,,,,,,,,,,,,,,,,,,,,,,,,,,,,
SIKKIM,mangan,13.1,56.481481481481474,94.97206703910616,91.66666666666666,7.4074074074074066,21.296296296296298,10.185185185185183,92.5925925925926,,,,,,,,,,,,,,,,,,,,,,,,,,,,,,,,,,,,,,,,,,,,,,,,,,,,,,,,,,,,,
SIKKIM,namchi,14.2,38.16155988857939,95.48611111111111,90.25069637883009,8.913649025069638,17.548746518105848,20.055710306406684,91.08635097493035,,,,,,,,,,,,,,,,,,,,,,,,,,,,,,,,,,,,,,,,,,,,,,,,,,,,,,,,,,,,,
SIKKIM,pakyong,14.0,55.72916666666666,90.72164948453609,89.0625,13.020833333333334,18.75,20.833333333333336,86.97916666666666,,,,,,,,,,,,,,,,,,,,,,,,,,,,,,,,,,,,,,,,,,,,,,,,,,,,,,,,,,,,,
SIKKIM,soreng,8.2,56.86274509803921,96.96969696969695,94.11764705882352,9.803921568627452,20.91503267973856,25.49019607843137,94.11764705882352,,,,,,,,,,,,,,,,,,,,,,,,,,,,,,,,,,,,,,,,,,,,,,,,,,,,,,,,,,,,,
UTTAR PRADESH,agra,8.9,,96.74051207554022,,,,,,93.0488024491266,7.6175040518638575,87.43021790023411,41.86925985953538,11.093102827300555,4.2319466954799205,31.64055465514137,0.234107689537187,11.057086259679451,36.1,28.419841472769114,58.34824852978778,3.8385248130056406,,,,,,,,,,,,,,,,,,,,,,,,,,,,,,,,,,,,,,,,,,,,,,,,
UTTAR PRADESH,aligarh,11.8,,96.96614735855688,,,,,,82.70929743374,9.213294068153134,73.22254943205722,18.826251577618848,9.991586032814473,4.354228018510728,16.912074042911232,0.0631047538914598,8.371897349600337,37.5,24.8090849242923,52.51810401579987,3.832466465918423,,,,,,,,,,,,,,,,,,,,,,,,,,,,,,,,,,,,,,,,,,,,,,,,
UTTAR PRADESH,ambedkar nagar,9.9,,97.68087538788176,,,,,,86.84503901895206,3.9297658862876257,75.72463768115942,11.538461538461538,5.183946488294314,2.7591973244147154,10.702341137123746,0.0557413600891861,5.908584169453734,53.0,16.962479308442155,46.36748206731654,4.358858214848338,,,,,,,,,,,,,,,,,,,,,,,,,,,,,,,,,,,,,,,,,,,,,,,,
UTTAR PRADESH,amethi - csm nagar,10.7,,95.82056892778994,,,,,,84.94664634146342,7.8125,61.775914634146346,9.870426829268292,6.669207317073171,2.019817073170732,2.057926829268293,0.0381097560975609,7.621951219512195,34.6,14.067209162145872,46.11965039180229,3.6297501675122046,,,,,,,,,,,,,,,,,,,,,,,,,,,,,,,,,,,,,,,,,,,,,,,,
UTTAR PRADESH,auraiya,9.3,,93.37450870297586,,,,,,84.37900128040972,9.688433632095604,64.83141271873666,13.358941527955611,13.145539906103288,2.9449423815621,9.90183525394793,0.1707212974818608,5.249679897567221,46.2,13.689700130378096,41.64429787560396,4.746667249124493,,,,,,,,,,,,,,,,,,,,,,,,,,,,,,,,,,,,,,,,,,,,,,,,
UTTAR PRADESH,azamgarh,13.1,,92.23214285714286,,,,,,84.22273781902551,7.341730195558502,66.45674511103745,8.982432880344714,6.910838581372223,2.1876035797149487,4.640371229698376,0.0497182631753397,7.176002651640704,52.6,12.075877842055698,42.5911475850935,4.031120926035195,,,,,,,,,,,,,,,,,,,,,,,,,,,,,,,,,,,,,,,,,,,,,,,,
UTTAR PRADESH,baghpat,6.4,,93.5126050420168,,,,,,91.70731707317074,17.479674796747968,95.20325203252033,37.96747967479675,16.910569105691057,8.048780487804878,17.560975609756095,0.4878048780487805,14.471544715447154,44.0,27.581197468091727,57.37262633599668,3.7299655141717016,,,,,,,,,,,,,,,,,,,,,,,,,,,,,,,,,,,,,,,,,,,,,,,,
UTTAR PRADESH,bahraich,16.1,,93.87571299909936,,,,,,87.60704091341579,8.230256898192199,40.86584205518554,12.987630827783065,9.871550903901047,3.3777354900095147,6.588962892483349,0.0475737392959086,3.686964795432921,14.4,10.32540675844806,43.255993068258405,2.7779412158005936,,,,,,,,,,,,,,,,,,,,,,,,,,,,,,,,,,,,,,,,,,,,,,,,
UTTAR PRADESH,ballia,12.7,,90.60972102387116,,,,,,70.95597178302117,10.921916808562392,86.2807102894673,9.632692775480418,10.70299197275602,2.5541230844076868,6.762344928241304,0.0972999270250547,3.891997081002189,50.1,14.958490004095156,39.14969658612859,3.962845648039822,,,,,,,,,,,,,,,,,,,,,,,,,,,,,,,,,,,,,,,,,,,,,,,,
UTTAR PRADESH,balrampur,14.1,,93.6394176931691,,,,,,82.86109191430546,6.046993780234969,48.47961299239806,7.601935038009675,13.061506565307532,2.6952315134761573,7.049067035245335,0.0,3.0062197650310987,16.8,17.531535614472393,38.93043281214593,3.106492214411083,,,,,,,,,,,,,,,,,,,,,,,,,,,,,,,,,,,,,,,,,,,,,,,,
UTTAR PRADESH,banda,11.5,,94.10226612434631,,,,,,77.55186721991701,6.224066390041494,51.32780082987552,23.775933609958503,5.020746887966805,3.2365145228215773,12.240663900414935,0.0829875518672199,2.946058091286307,27.1,19.19712206687924,38.23890115280844,3.272289478964617,,,,,,,,,,,,,,,,,,,,,,,,,,,,,,,,,,,,,,,,,,,,,,,,
UTTAR PRADESH,barabanki,12.6,,96.2404956350324,,,,,,89.60915157292659,5.409914204003813,79.93326978074357,9.58055290753098,12.607244995233554,3.1220209723546235,9.675881792183032,0.1668255481410867,4.766444232602479,29.5,18.221574344023324,53.21104632329122,3.80017972991272,,,,,,,,,,,,,,,,,,,,,,,,,,,,,,,,,,,,,,,,,,,,,,,,
UTTAR PRADESH,bareilly,10.6,,96.67592592592592,,,,,,88.14139110604333,10.053211706575446,92.7213987077157,14.462181679969593,13.53097681489928,8.988977575066514,26.225769669327253,0.3420752565564424,8.47586469023185,22.1,26.4733395696913,56.09506548175865,3.792978421669474,,,,,,,,,,,,,,,,,,,,,,,,,,,,,,,,,,,,,,,,,,,,,,,,
UTTAR PRADESH,basti,12.1,,96.79565750306426,,,,,,89.87307588441804,3.8617337294085874,80.31325951930867,6.697272481771536,7.507426411018094,1.2422360248447204,4.644882527680259,0.0810153929246556,7.156359708344586,40.9,12.854783775415418,42.56373206729281,4.056351000586118,,,,,,,,,,,,,,,,,,,,,,,,,,,,,,,,,,,,,,,,,,,,,,,,
UTTAR PRADESH,bhadoi,11.2,,96.95880564003318,,,,,,92.87941787941789,5.5613305613305615,85.44698544698545,13.253638253638252,11.538461538461538,7.432432432432432,9.71933471933472,0.0519750519750519,12.474012474012476,46.5,19.918973666441595,39.68789856703429,3.3771320854151674,,,,,,,,,,,,,,,,,,,,,,,,,,,,,,,,,,,,,,,,,,,,,,,,
UTTAR PRADESH,bijnor,9.3,,94.43840973278296,,,,,,86.82966920073967,13.47852886788576,91.22662831312924,14.670228066570784,14.259297308403534,6.30778713786727,11.259502773782618,0.2054653790836244,6.574892130675981,39.7,18.29777365491651,59.50503578054599,4.070777364190538,,,,,,,,,,,,,,,,,,,,,,,,,,,,,,,,,,,,,,,,,,,,,,,,
UTTAR PRADESH,budaun,14.1,,91.74099179450587,,,,,,87.51688732774926,12.483112672250742,50.17562820859227,13.131586057822211,9.29478519319103,5.025668738178871,15.914617670899757,0.216157795190489,6.052418265333694,21.6,14.345927280113752,44.38858419662808,3.008332034794724,,,,,,,,,,,,,,,,,,,,,,,,,,,,,,,,,,,,,,,,,,,,,,,,
UTTAR PRADESH,bulandshahr,7.3,,95.79653832567998,,,,,,91.31495486704074,7.416443034886558,93.6569895096365,18.68748475237863,14.076604049768235,5.977067577457917,19.32178580141498,0.2927543303244694,9.807270065869725,37.8,21.07792161222075,54.89654677806863,3.4226626982909387,,,,,,,,,,,,,,,,,,,,,,,,,,,,,,,,,,,,,,,,,,,,,,,,
UTTAR PRADESH,chandauli,10.7,,95.64893088015911,,,,,,91.37773722627736,8.348540145985401,88.91423357664233,12.226277372262777,18.248175182481752,5.383211678832116,7.664233576642336,0.0456204379562043,11.405109489051094,47.2,18.7958415715288,43.43389246763186,3.420308065504822,,,,,,,,,,,,,,,,,,,,,,,,,,,,,,,,,,,,,,,,,,,,,,,,
UTTAR PRADESH,chitrakoot,7.6,,93.73990306946688,,,,,,88.66587957497049,8.087367178276269,51.94805194805194,21.95985832349469,22.07792207792208,2.1841794569067297,9.031877213695395,0.1770956316410862,4.722550177095632,30.2,14.298745724059293,33.0672748004561,3.7625113154202894,,,,,,,,,,,,,,,,,,,,,,,,,,,,,,,,,,,,,,,,,,,,,,,,
UTTAR PRADESH,deoria,15.4,,94.55192694629314,,,,,,82.0663685573076,14.56813367851259,71.56978112497058,12.614732878324311,10.402447634737586,4.942339373970346,10.378912685337728,0.1412096963991527,4.448105436573312,50.4,14.251273476688572,42.29497997433605,4.4210529934983,,,,,,,,,,,,,,,,,,,,,,,,,,,,,,,,,,,,,,,,,,,,,,,,
UTTAR PRADESH,etah,12.8,,92.7248424670613,,,,,,76.88397129186603,8.074162679425838,66.56698564593302,15.460526315789474,12.200956937799043,2.392344497607656,12.02153110047847,0.2392344497607655,3.4090909090909087,38.8,12.212660615348344,39.17246257220323,4.480406474221685,,,,,,,,,,,,,,,,,,,,,,,,,,,,,,,,,,,,,,,,,,,,,,,,
UTTAR PRADESH,etawah,10.8,,91.65804181328916,,,,,,86.66895133653188,8.773132282385196,87.90267306374228,24.70870459218643,11.75462645647704,2.6387936943111723,21.11034955448937,0.0685400959561343,4.626456477039068,45.7,15.495774466163471,47.20340623185601,4.840175234264981,,,,,,,,,,,,,,,,,,,,,,,,,,,,,,,,,,,,,,,,,,,,,,,,
UTTAR PRADESH,faizabad,8.9,,94.7108181000899,,,,,,89.07696376619941,10.870140174556996,84.50145464162921,14.996032795556731,10.605659878339065,3.0679714361280084,8.833641893678921,0.1851362073525522,7.537688442211055,49.0,17.38797222973582,50.72130556306915,4.395721988716418,,,,,,,,,,,,,,,,,,,,,,,,,,,,,,,,,,,,,,,,,,,,,,,,
UTTAR PRADESH,farrukhabad,14.2,,94.6936056838366,,,,,,88.75598086124403,8.475734791524266,58.54408749145591,21.5311004784689,7.518796992481203,2.8708133971291865,14.832535885167465,0.0683526999316473,4.408749145591251,33.3,13.163231926725546,44.65161923454367,3.7520619771415102,,,,,,,,,,,,,,,,,,,,,,,,,,,,,,,,,,,,,,,,,,,,,,,,
UTTAR PRADESH,fatehpur,10.9,,91.85035703197764,,,,,,82.75143303804064,8.129233976029182,65.50286607608129,32.15216258467952,10.500260552371026,2.996352266805628,13.21000521104742,0.1042209484106305,4.84627410109432,37.3,10.678196657598134,44.60260396424408,3.874810344373204,,,,,,,,,,,,,,,,,,,,,,,,,,,,,,,,,,,,,,,,,,,,,,,,
UTTAR PRADESH,firozabad,12.7,,98.00556586270872,,,,,,96.42951600105792,3.7027241470510446,80.32266596138588,34.01216609362602,9.99735519703782,4.839989420788151,21.290663845543506,0.1057921184871727,12.32478180375562,42.4,13.856664088682647,47.36615966314342,4.068411686763415,,,,,,,,,,,,,,,,,,,,,,,,,,,,,,,,,,,,,,,,,,,,,,,,
UTTAR PRADESH,gautam buddha nagar,6.4,,96.69100656252888,,,,,,94.7314578005115,17.34015345268542,96.77749360613812,42.86445012787724,17.647058823529413,20.30690537084399,9.360613810741688,0.4092071611253196,34.168797953964194,51.9,65.35041146801169,77.59822139633661,3.8696025105677023,,,,,,,,,,,,,,,,,,,,,,,,,,,,,,,,,,,,,,,,,,,,,,,,
UTTAR PRADESH,ghaziabad,4.9,,97.2547809993831,,,,,,95.404984423676,26.830218068535828,95.91121495327104,46.53426791277258,16.1993769470405,16.00467289719626,65.22585669781932,0.2725856697819314,28.19314641744548,55.2,57.18124160339926,79.39825663136189,3.837852615524076,,,,,,,,,,,,,,,,,,,,,,,,,,,,,,,,,,,,,,,,,,,,,,,,
UTTAR PRADESH,ghazipur,13.1,,92.67285861713106,,,,,,85.04724847137298,6.003335186214564,73.67055771725033,11.135816194181954,10.505836575875486,1.649064294978692,6.188623309245878,0.1482304984250509,8.26385028719659,51.4,13.161187925403656,38.616732289472885,4.319366550914024,,,,,,,,,,,,,,,,,,,,,,,,,,,,,,,,,,,,,,,,,,,,,,,,
UTTAR PRADESH,gonda,10.4,,91.29692832764503,,,,,,81.94764397905759,4.942408376963351,75.20418848167539,8.335078534031414,6.806282722513089,4.18848167539267,3.916230366492147,0.0837696335078534,5.445026178010471,31.5,10.426162260711031,41.10452749924035,3.419203017127184,,,,,,,,,,,,,,,,,,,,,,,,,,,,,,,,,,,,,,,,,,,,,,,,
UTTAR PRADESH,gorakhpur,10.1,,95.97214379823076,,,,,,88.43698705088455,11.23472551522889,74.41181834761991,16.5785154112712,10.851723509027904,6.638701440817071,15.794273208097756,0.1276673354003283,22.451212839686303,42.8,23.1049228732882,53.723972916560605,3.67122852430369,,,,,,,,,,,,,,,,,,,,,,,,,,,,,,,,,,,,,,,,,,,,,,,,
UTTAR PRADESH,hamirpur (u.p.),7.9,,96.80608365019012,,,,,,95.02793296089386,5.083798882681564,43.63128491620112,7.82122905027933,4.134078212290502,5.027932960893855,24.134078212290504,0.1117318435754189,4.46927374301676,37.6,9.577338129496402,36.37589928057554,4.038276469413324,,,,,,,,,,,,,,,,,,,,,,,,,,,,,,,,,,,,,,,,,,,,,,,,
UTTAR PRADESH,hapur (panchsheel nagar),7.5,,93.69973190348524,,,,,,86.77443056576047,19.91182953710507,95.51800146950772,34.23952975753123,13.960323291697282,9.184423218221896,23.585598824393827,0.1469507714915503,9.478324761204997,43.5,28.500856941223912,62.15344288738785,3.645739531225306,,,,,,,,,,,,,,,,,,,,,,,,,,,,,,,,,,,,,,,,,,,,,,,,
UTTAR PRADESH,hardoi,14.9,,94.2161897774517,,,,,,81.4721270070359,11.04095255276926,65.10914667147753,20.69276565036984,11.077034097059354,1.89428107523002,7.883817427385892,0.1262854050153346,3.301461302543749,26.5,9.973894074312485,43.13199585166112,3.577327092019297,,,,,,,,,,,,,,,,,,,,,,,,,,,,,,,,,,,,,,,,,,,,,,,,
UTTAR PRADESH,hathras,8.7,,93.98159661775678,,,,,,84.67400508044031,12.023708721422524,90.26248941574936,21.08382726502964,11.600338696020325,3.852667231160034,13.88653683319221,0.1693480101608806,5.249788314987299,39.1,16.906595246066285,46.28724472715099,4.34589039102829,,,,,,,,,,,,,,,,,,,,,,,,,,,,,,,,,,,,,,,,,,,,,,,,
UTTAR PRADESH,jalaun,5.6,,94.71659399846114,,,,,,87.70620581304006,7.659073055773763,60.526315789473685,10.3299293008641,5.930871956009427,7.894736842105263,25.01963864886096,0.0785545954438334,10.644147682639437,38.9,14.503223801755611,38.468111551308944,4.285471741453525,,,,,,,,,,,,,,,,,,,,,,,,,,,,,,,,,,,,,,,,,,,,,,,,
UTTAR PRADESH,jaunpur,8.8,,93.93403391946728,,,,,,84.81982716451981,8.95157345507908,90.91798467308006,11.62563182781673,9.587477580303275,2.05445948149356,4.842654492091961,0.1630523398010761,6.440567422142508,52.7,20.23316846674069,39.58564651256688,4.004672859418076,,,,,,,,,,,,,,,,,,,,,,,,,,,,,,,,,,,,,,,,,,,,,,,,
UTTAR PRADESH,jhansi,6.7,,95.4323400097704,,,,,,98.02874743326488,4.928131416837783,75.72895277207392,12.97741273100616,16.468172484599588,6.611909650924025,29.73305954825462,0.164271047227926,14.825462012320328,43.3,22.569611137782044,54.62674027844455,4.075144650027633,,,,,,,,,,,,,,,,,,,,,,,,,,,,,,,,,,,,,,,,,,,,,,,,
UTTAR PRADESH,jyotiba phule nagar (amroha),7.9,,96.28371628371627,,,,,,90.25952140208965,8.291203235591507,75.05898213683857,23.087293562521065,10.717896865520729,2.7637344118638354,33.26592517694641,0.1348163127738456,5.358948432760364,35.4,12.3438879777974,50.48568184685253,3.7588940022239448,,,,,,,,,,,,,,,,,,,,,,,,,,,,,,,,,,,,,,,,,,,,,,,,
UTTAR PRADESH,kannauj,13.3,,92.53152279340446,,,,,,80.5515759312321,8.237822349570202,56.01719197707736,19.269340974212035,10.136103151862464,1.1103151862464185,12.320916905444127,0.0716332378223495,2.722063037249284,37.3,14.605564648117838,41.342062193126026,4.446909288872974,,,,,,,,,,,,,,,,,,,,,,,,,,,,,,,,,,,,,,,,,,,,,,,,
UTTAR PRADESH,kanpur dehat,11.1,,87.2216844143272,,,,,,74.2489270386266,8.94134477825465,53.79113018597997,16.95278969957082,11.766809728183118,3.290414878397711,10.765379113018598,0.1430615164520743,3.0758226037196,45.4,19.51311425987338,47.91980705456738,4.332394016672598,,,,,,,,,,,,,,,,,,,,,,,,,,,,,,,,,,,,,,,,,,,,,,,,
UTTAR PRADESH,kanpur nagar,7.4,,96.79923334930524,,,,,,90.60730326108182,6.717438000390549,83.18687756297598,15.817223198594023,13.962116774067566,14.801796524116384,50.61511423550088,0.2148017965241163,15.719586018355791,58.5,28.50213062471524,66.2744887840699,4.704068420979644,,,,,,,,,,,,,,,,,,,,,,,,,,,,,,,,,,,,,,,,,,,,,,,,
UTTAR PRADESH,kanshiram nagar,13.1,,96.14543466375068,,,,,,85.67941415785191,10.00813669650122,92.43287225386491,22.5386493083808,13.344182262001627,5.777054515866558,15.419039869812856,0.081366965012205,2.6037428803905613,29.7,10.618368700265252,40.42606100795756,3.597896852734956,,,,,,,,,,,,,,,,,,,,,,,,,,,,,,,,,,,,,,,,,,,,,,,,
UTTAR PRADESH,kaushambi,14.1,,93.96596183599792,,,,,,81.42664872139973,5.652759084791386,62.89816061013907,21.13055181695828,10.228802153432031,4.351727231942575,0.0,0.0897263346792283,6.146253925527143,31.9,10.470332850940665,38.769898697539794,3.7299736580731526,,,,,,,,,,,,,,,,,,,,,,,,,,,,,,,,,,,,,,,,,,,,,,,,
UTTAR PRADESH,kheri,9.9,,94.27378065211532,,,,,,85.05176876617774,7.398619499568594,53.23554788610871,20.01725625539257,11.302847282139776,2.9551337359792926,8.175150992234686,0.1725625539257981,5.823986194995686,28.7,15.284291944375877,43.59417427795606,2.728292140305112,,,,,,,,,,,,,,,,,,,,,,,,,,,,,,,,,,,,,,,,,,,,,,,,
UTTAR PRADESH,kushinagar,15.7,,94.67391304347828,,,,,,81.92019950124688,6.774729842061513,84.97506234413964,9.559434746467163,8.021612635078968,5.403158769742311,8.478802992518704,0.0831255195344971,5.777223607647548,34.1,13.167622208811103,38.26191913095956,3.354891939122985,,,,,,,,,,,,,,,,,,,,,,,,,,,,,,,,,,,,,,,,,,,,,,,,
UTTAR PRADESH,lalitpur,10.6,,96.50582362728784,,,,,,89.57370313302516,6.00924499229584,46.01951720595788,13.713405238828967,6.471494607087827,5.290190035952748,10.683102208525936,0.1027221366204417,6.574216743708269,23.8,14.532560926887736,48.45185777067519,3.516251953570864,,,,,,,,,,,,,,,,,,,,,,,,,,,,,,,,,,,,,,,,,,,,,,,,
UTTAR PRADESH,lucknow,7.5,,95.69128429964472,,,,,,94.3093162000918,8.352455254703992,91.96879302432308,22.648003671408905,10.02753556677375,9.66039467645709,46.53510784763653,0.2983019733822854,23.58880220284534,51.9,44.47135708246692,73.09599433311244,3.909637811539073,,,,,,,,,,,,,,,,,,,,,,,,,,,,,,,,,,,,,,,,,,,,,,,,
UTTAR PRADESH,maharajganj,16.2,,95.41079408731522,,,,,,85.06944444444444,6.423611111111111,73.8136574074074,10.09837962962963,8.449074074074074,3.0671296296296298,8.738425925925926,0.1157407407407407,6.481481481481481,33.8,12.753474009264025,36.70097786927432,3.4471991285310284,,,,,,,,,,,,,,,,,,,,,,,,,,,,,,,,,,,,,,,,,,,,,,,,
UTTAR PRADESH,mahoba,9.2,,93.4474327628362,,,,,,94.6236559139785,9.67741935483871,52.68817204301075,22.96466973886329,9.831029185867896,5.376344086021505,13.90168970814132,0.1536098310291858,4.070660522273426,30.7,14.079158755659412,41.08368628596465,3.87475383117912,,,,,,,,,,,,,,,,,,,,,,,,,,,,,,,,,,,,,,,,,,,,,,,,
UTTAR PRADESH,mainpuri,9.2,,95.24584237165584,,,,,,87.72072806302636,16.21841890790546,59.90220048899756,25.862537353979896,7.878293941863625,2.0646563433849496,12.333604998641674,0.0,3.8033143167617496,45.8,14.087985593002315,41.36351942372009,4.496167789069928,,,,,,,,,,,,,,,,,,,,,,,,,,,,,,,,,,,,,,,,,,,,,,,,
UTTAR PRADESH,mathura,8.0,,93.8358208955224,,,,,,88.40746054519369,13.142037302725967,71.59253945480631,20.6025824964132,12.25251076040172,7.288378766140603,15.781922525107603,0.430416068866571,8.493543758967,34.7,29.5288546432298,50.04815795810258,4.387002725371306,,,,,,,,,,,,,,,,,,,,,,,,,,,,,,,,,,,,,,,,,,,,,,,,
UTTAR PRADESH,mau,12.7,,94.46069826409206,,,,,,78.91274238227147,6.925207756232688,80.81717451523545,10.38781163434903,7.202216066481995,2.042936288088643,12.60387811634349,0.1385041551246537,5.263157894736842,53.1,13.819206542159352,44.9386672560504,4.093116246039303,,,,,,,,,,,,,,,,,,,,,,,,,,,,,,,,,,,,,,,,,,,,,,,,
UTTAR PRADESH,meerut,7.5,,95.11559383499548,,,,,,94.63400408282295,11.84018664333625,93.87576552930884,33.53747448235637,11.665208515602217,10.965296004666085,41.67395742198892,0.2916302128900554,12.219305920093325,47.3,43.19435175102743,69.57040991956163,3.8130916727831856,,,,,,,,,,,,,,,,,,,,,,,,,,,,,,,,,,,,,,,,,,,,,,,,
UTTAR PRADESH,mirzapur,10.5,,96.5042766827817,,,,,,92.43259803921568,8.088235294117647,62.162990196078425,17.922794117647058,11.151960784313726,6.158088235294118,11.090686274509803,0.0306372549019607,9.191176470588236,43.8,14.241470087234813,46.224126361430855,3.292628000849798,,,,,,,,,,,,,,,,,,,,,,,,,,,,,,,,,,,,,,,,,,,,,,,,
UTTAR PRADESH,moradabad,9.6,,95.3783713013878,,,,,,76.99115044247787,10.063211125158029,86.32111251580278,13.805309734513274,20.101137800252843,8.242730720606826,22.12389380530973,0.1264222503160556,8.77370417193426,42.6,24.7838720091832,58.18057897191233,3.9641876451357394,,,,,,,,,,,,,,,,,,,,,,,,,,,,,,,,,,,,,,,,,,,,,,,,
UTTAR PRADESH,muzaffarnagar,9.3,,94.67265725288831,,,,,,93.5798319327731,12.369747899159664,97.21008403361344,21.781512605042018,13.647058823529411,8.638655462184875,23.39495798319328,0.1680672268907563,5.983193277310924,41.8,21.77615571776156,60.87793998377939,3.613537577823488,,,,,,,,,,,,,,,,,,,,,,,,,,,,,,,,,,,,,,,,,,,,,,,,
UTTAR PRADESH,pilibhit,11.6,,93.07654802535347,,,,,,81.96657598134473,11.4263505635445,55.81033812670035,44.539448115040805,11.46521570151574,4.858142246404975,11.4263505635445,0.194325689856199,4.1974349008938985,28.5,17.47192281600965,46.438531695183535,3.412566331163236,,,,,,,,,,,,,,,,,,,,,,,,,,,,,,,,,,,,,,,,,,,,,,,,
UTTAR PRADESH,pratapgarh,12.2,,93.5483870967742,,,,,,74.19420231096696,6.48692479221569,69.67362659639164,12.46705858503953,6.669369551996756,2.270423677275492,3.750253395499696,0.040543279951348,5.655787553213055,49.7,12.834651961959562,40.94541676656277,4.1849428345437545,,,,,,,,,,,,,,,,,,,,,,,,,,,,,,,,,,,,,,,,,,,,,,,,
UTTAR PRADESH,prayagraj,6.9,,96.47974118009552,,,,,,83.7024329382408,10.152838427947598,72.17716781035558,15.299438552713662,13.786650031191517,5.442919525888958,17.5764192139738,0.2183406113537117,11.759201497192764,47.6,19.89821659683681,50.5100138197293,3.719483986563612,,,,,,,,,,,,,,,,,,,,,,,,,,,,,,,,,,,,,,,,,,,,,,,,
UTTAR PRADESH,rae bareli,9.6,,95.68045363575716,,,,,,86.47773279352226,6.909581646423751,65.66801619433198,16.11336032388664,7.206477732793521,2.645074224021592,7.6923076923076925,0.0269905533063427,5.856950067476383,36.1,15.331162835900674,52.10165702901015,3.609217456272504,,,,,,,,,,,,,,,,,,,,,,,,,,,,,,,,,,,,,,,,,,,,,,,,
UTTAR PRADESH,rampur,11.6,,95.25075314548998,,,,,,88.73284391956591,9.12863070539419,77.88062559846793,24.13022661985317,17.650813916374084,3.862112990743696,18.09766996488988,0.1595914458984998,6.255984679221194,26.9,20.23504770770305,54.85804049336747,3.965677554514223,,,,,,,,,,,,,,,,,,,,,,,,,,,,,,,,,,,,,,,,,,,,,,,,
UTTAR PRADESH,saharanpur,5.9,,93.87921022067364,,,,,,85.1668169522092,11.158701532912534,87.1731289449955,13.525698827772766,16.00541027953111,16.90712353471596,20.96483318304779,0.0901713255184851,12.015329125338145,38.2,21.28039259424493,59.90779983641906,3.954140322146743,,,,,,,,,,,,,,,,,,,,,,,,,,,,,,,,,,,,,,,,,,,,,,,,
UTTAR PRADESH,sambhal (bhim nagar),8.2,,94.12724306688418,,,,,,86.45268862025844,13.213839099624844,68.07002917882451,16.631929970821176,11.4214255939975,5.085452271779908,13.46394330971238,0.208420175072947,3.876615256356816,24.1,23.249299719887954,47.67204178968885,2.791166483180945,,,,,,,,,,,,,,,,,,,,,,,,,,,,,,,,,,,,,,,,,,,,,,,,
UTTAR PRADESH,sant kabir nagar,16.7,,94.45438282647584,,,,,,82.21490325236724,10.209962947715107,63.7710992177851,9.592424866200082,11.65088513791684,2.5113215314944424,7.286949361877316,0.0823384108686702,8.069164265129682,34.8,15.549848237216905,39.3882792435209,3.5696624531184886,,,,,,,,,,,,,,,,,,,,,,,,,,,,,,,,,,,,,,,,,,,,,,,,
UTTAR PRADESH,shahjahanpur,14.4,,94.95973754846406,,,,,,81.81609195402298,7.080459770114943,54.6896551724138,8.758620689655173,8.71264367816092,2.9655172413793105,12.758620689655173,0.160919540229885,4.298850574712644,27.7,14.53130223007497,44.85936679241679,3.404298900727321,,,,,,,,,,,,,,,,,,,,,,,,,,,,,,,,,,,,,,,,,,,,,,,,
UTTAR PRADESH,shamli (prabudh nagar),5.8,,91.51223128243144,,,,,,89.97940974605353,12.422786547700754,86.06726149622513,28.68908716540837,16.33493479752917,14.41317776252574,21.55113246396705,0.0,5.147563486616335,32.6,22.768158308972342,51.21430177647852,3.463139409467368,,,,,,,,,,,,,,,,,,,,,,,,,,,,,,,,,,,,,,,,,,,,,,,,
UTTAR PRADESH,shrawasti,15.2,,92.70440251572327,,,,,,86.33045786330457,7.56469807564698,63.17186463171864,19.708029197080293,13.60318513603185,2.3224950232249504,4.71134704711347,0.19907100199071,1.9243530192435303,15.9,13.997662185856225,35.417884278199885,2.528624367751541,,,,,,,,,,,,,,,,,,,,,,,,,,,,,,,,,,,,,,,,,,,,,,,,
UTTAR PRADESH,siddharthnagar,15.1,,95.07251766455931,,,,,,89.80731639206925,8.908126221725775,51.5219212510472,5.975984361910081,9.829656520524994,3.1276179838034066,7.232616587545379,0.1117006422786931,3.1276179838034066,17.0,10.881204684885668,37.244841048522034,3.1689586974925814,,,,,,,,,,,,,,,,,,,,,,,,,,,,,,,,,,,,,,,,,,,,,,,,
UTTAR PRADESH,sitapur,10.7,,93.35088120851454,,,,,,78.3872642325662,7.181173213358713,87.17771240699082,13.652881121301265,11.47257310953452,2.6994289669492995,10.693891676760686,0.207648382073023,2.5609967122339503,23.9,17.379770932809038,47.80763349249446,3.447953050248888,,,,,,,,,,,,,,,,,,,,,,,,,,,,,,,,,,,,,,,,,,,,,,,,
UTTAR PRADESH,sonbhadra,12.6,,91.90031152647975,,,,,,78.99786780383795,10.199004975124378,95.27363184079604,39.37455579246624,11.869225302061125,2.9140014214641083,6.218905472636816,0.0710732054015636,5.756929637526652,35.7,19.346861589933813,44.381409557058696,2.972531808403688,,,,,,,,,,,,,,,,,,,,,,,,,,,,,,,,,,,,,,,,,,,,,,,,
UTTAR PRADESH,sultanpur,10.4,,94.9040139616056,,,,,,86.63888888888889,7.833333333333334,78.38888888888889,8.027777777777779,7.111111111111111,1.472222222222222,4.472222222222221,0.1388888888888889,4.0,46.6,14.206063957238966,43.15731269007465,4.042251606041584,,,,,,,,,,,,,,,,,,,,,,,,,,,,,,,,,,,,,,,,,,,,,,,,
UTTAR PRADESH,unnao,12.7,,91.8479926448054,,,,,,85.29347588915557,8.967924939995637,57.75692777656557,23.76172812568187,12.590006545930612,3.774819986908138,8.073314422867117,0.196377918394065,2.923849007200524,37.0,16.400488812102314,53.00240192153724,4.1630484931732745,,,,,,,,,,,,,,,,,,,,,,,,,,,,,,,,,,,,,,,,,,,,,,,,
UTTAR PRADESH,varanasi,5.2,,97.13538571258766,,,,,,97.15332581736187,21.307779030439683,86.6967305524239,36.24577226606539,23.280721533258173,4.058624577226606,26.071025930101467,0.2254791431792559,28.74859075535513,55.0,33.07721859393008,55.53482245760386,3.948614485115494,,,,,,,,,,,,,,,,,,,,,,,,,,,,,,,,,,,,,,,,,,,,,,,,
ODISHA,angul,19.9,,,,47.88015828151498,,,,,27.303561334087057,,,,3.0525720746184284,4.97456189937818,1.582815149802148,5.539853024307519,,,,4.609553164196123,12.557396685965264,56.18993781797626,7.631430186546072,,,,,,,,,,,,,,,,,,,,,,,,,,,,,,,,,,,,,,,,,,,,,
ODISHA,balasore,13.6,,,,39.46891973445987,,,,,17.652383826191915,,,,3.892576946288473,6.75920337960169,1.870850935425468,4.918527459263729,,,,4.502935169459701,10.672358591248669,59.77670488835244,13.427881713940856,,,,,,,,,,,,,,,,,,,,,,,,,,,,,,,,,,,,,,,,,,,,,
ODISHA,baragarh,14.0,,,,53.97245762711864,,,,,15.625,,,,1.9597457627118644,6.038135593220339,2.277542372881356,6.885593220338983,,,,4.617947204183183,14.720260727865291,46.45127118644068,9.16313559322034,,,,,,,,,,,,,,,,,,,,,,,,,,,,,,,,,,,,,,,,,,,,,
ODISHA,bhadrak,21.8,,,,36.061627347135286,,,,,11.60327395281656,,,,4.718343765045739,10.303322099181512,2.022147327876745,5.8257101588830045,,,,4.422529408735443,11.240177656303382,54.54983148772268,13.047664901299951,,,,,,,,,,,,,,,,,,,,,,,,,,,,,,,,,,,,,,,,,,,,,
ODISHA,bolangir,16.9,,,,59.02165196471532,,,,,15.03608660785886,,,,2.967121090617482,6.936647955092222,2.0048115477145148,5.573376102646352,,,,4.242681108233263,12.342839619748544,58.781074578989575,16.359262229350442,,,,,,,,,,,,,,,,,,,,,,,,,,,,,,,,,,,,,,,,,,,,,
ODISHA,boudh,23.6,,,,41.67741935483871,,,,,20.387096774193548,,,,2.193548387096774,2.5806451612903225,1.032258064516129,4.129032258064516,,,,4.582805789329957,15.196078431372548,56.38709677419354,12.774193548387098,,,,,,,,,,,,,,,,,,,,,,,,,,,,,,,,,,,,,,,,,,,,,
ODISHA,cuttack,7.7,,,,56.79801206957757,,,,,18.13986510472133,,,,6.673766418175364,15.335463258785945,2.6624068157614484,8.732694355697552,,,,4.7314096998630255,15.44771694010674,63.755768548100825,9.26517571884984,,,,,,,,,,,,,,,,,,,,,,,,,,,,,,,,,,,,,,,,,,,,,
ODISHA,deogarh,16.4,,,,40.73455759599332,,,,,21.03505843071786,,,,1.335559265442404,4.674457429048414,1.5025041736227045,4.006677796327212,,,,5.666605872697429,16.492450638792103,54.757929883138566,6.844741235392321,,,,,,,,,,,,,,,,,,,,,,,,,,,,,,,,,,,,,,,,,,,,,
ODISHA,dhenkanal,18.0,,,,46.27498485766202,,,,,34.82737734706239,,,,2.4227740763173835,7.268322228952149,2.3622047244094486,4.724409448818897,,,,4.366357033955684,14.589968152866245,56.81405208964264,10.539067231980615,,,,,,,,,,,,,,,,,,,,,,,,,,,,,,,,,,,,,,,,,,,,,
ODISHA,gajapati,21.1,,,,34.626865671641795,,,,,15.323383084577111,,,,0.7960199004975124,3.482587064676617,2.0895522388059704,6.567164179104477,,,,5.197772640177037,11.794276875483371,47.56218905472637,10.149253731343284,,,,,,,,,,,,,,,,,,,,,,,,,,,,,,,,,,,,,,,,,,,,,
ODISHA,ganjam,12.9,,,,53.66606637509648,,,,,25.08361204013378,,,,4.682274247491638,11.808592745047594,2.4183174684846924,6.251607923848726,,,,4.088788783228037,14.974210186976144,65.65474659120144,13.506560329302806,,,,,,,,,,,,,,,,,,,,,,,,,,,,,,,,,,,,,,,,,,,,,
ODISHA,jagatsinghpur,15.2,,,,49.28571428571429,,,,,6.0,,,,2.7142857142857144,5.214285714285714,3.785714285714286,5.928571428571429,,,,5.370458559639276,21.02224123182207,55.285714285714285,6.285714285714287,,,,,,,,,,,,,,,,,,,,,,,,,,,,,,,,,,,,,,,,,,,,,
ODISHA,jajpur,14.1,,,,51.935229067930486,,,,,16.23222748815166,,,,3.238546603475513,4.107424960505529,2.6066350710900474,7.109004739336493,,,,4.518579462181999,13.92464678178964,61.01895734597157,14.652448657187994,,,,,,,,,,,,,,,,,,,,,,,,,,,,,,,,,,,,,,,,,,,,,
ODISHA,jharsuguda,20.1,,,,66.66666666666666,,,,,23.097112860892388,,,,3.4120734908136483,23.35958005249344,2.099737532808399,10.892388451443573,,,,5.042101446355908,19.293845263360986,47.63779527559055,6.167979002624672,,,,,,,,,,,,,,,,,,,,,,,,,,,,,,,,,,,,,,,,,,,,,
ODISHA,kalahandi,18.2,,,,50.0,,,,,15.310077519379844,,,,1.627906976744186,5.077519379844961,1.627906976744186,6.124031007751938,,,,4.39951602984037,16.471333544504276,48.48837209302326,16.356589147286822,,,,,,,,,,,,,,,,,,,,,,,,,,,,,,,,,,,,,,,,,,,,,
ODISHA,kandhamal,14.4,,,,43.76030786146234,,,,,13.358988455195162,,,,0.7696536558548653,4.782847718526663,1.2094557449147882,3.188565145684442,,,,4.843931148517235,10.292973813844958,54.53545904343046,6.761957119296317,,,,,,,,,,,,,,,,,,,,,,,,,,,,,,,,,,,,,,,,,,,,,
ODISHA,kendrapara,18.3,,,,37.71844660194175,,,,,12.524271844660197,,,,2.8640776699029127,4.41747572815534,1.9902912621359223,5.485436893203883,,,,4.753744257822204,7.941947188066923,63.980582524271846,13.932038834951458,,,,,,,,,,,,,,,,,,,,,,,,,,,,,,,,,,,,,,,,,,,,,
ODISHA,keonjhar,21.9,,,,49.60654705697198,,,,,15.265974189486936,,,,1.857097891092225,6.610009442870633,1.7626691847655018,4.658482845451684,,,,4.423067695234547,23.89513108614232,52.15612212779352,11.551778407302486,,,,,,,,,,,,,,,,,,,,,,,,,,,,,,,,,,,,,,,,,,,,,
ODISHA,khurdha,0.9,,,,69.51512241958714,,,,,31.20499279884781,,,,11.377820451272203,30.148823811809887,2.208353336533845,15.362457993278923,,,,4.407156618014775,20.93958860554149,76.18819011041766,13.394143062890064,,,,,,,,,,,,,,,,,,,,,,,,,,,,,,,,,,,,,,,,,,,,,
ODISHA,koraput,21.4,,,,36.22778675282714,,,,,9.006462035541194,,,,1.17124394184168,8.966074313408724,0.9693053311793216,4.281098546042003,,,,4.048026719090198,14.831552999178308,51.73667205169629,14.499192245557351,,,,,,,,,,,,,,,,,,,,,,,,,,,,,,,,,,,,,,,,,,,,,
ODISHA,malkangiri,21.5,,,,35.932944606414,,,,,7.871720116618077,,,,0.5830903790087464,3.9358600583090384,1.0932944606413997,2.696793002915452,,,,3.844597329016593,13.350125944584384,54.81049562682215,11.880466472303208,,,,,,,,,,,,,,,,,,,,,,,,,,,,,,,,,,,,,,,,,,,,,
ODISHA,mayurbhanj,15.6,,,,47.000211999152,,,,,14.627941488234049,,,,2.480390078439686,4.409582361670553,1.2083951664193344,3.943184227263092,,,,4.721062471126156,13.94691035683203,53.80538477846088,8.585965656137375,,,,,,,,,,,,,,,,,,,,,,,,,,,,,,,,,,,,,,,,,,,,,
ODISHA,nabarangpur,24.9,,,,42.391857506361326,,,,,12.7735368956743,,,,0.8142493638676844,3.867684478371501,1.9338422391857504,3.307888040712468,,,,3.358135535166413,16.28696073679108,51.6030534351145,21.78117048346056,,,,,,,,,,,,,,,,,,,,,,,,,,,,,,,,,,,,,,,,,,,,,
ODISHA,nayagarh,8.1,,,,41.35618479880775,,,,,28.98658718330849,,,,5.290611028315946,7.377049180327869,2.608047690014903,5.663189269746647,,,,5.01151626510701,12.381415713938214,57.377049180327866,7.749627421758569,,,,,,,,,,,,,,,,,,,,,,,,,,,,,,,,,,,,,,,,,,,,,
ODISHA,nuapada,23.2,,,,61.418047882136285,,,,,21.4548802946593,,,,1.1049723756906076,5.524861878453039,1.0128913443830572,5.064456721915286,,,,4.085044365382142,13.38403041825095,50.736648250460405,14.27255985267035,,,,,,,,,,,,,,,,,,,,,,,,,,,,,,,,,,,,,,,,,,,,,
ODISHA,puri,8.1,,,,50.11904761904762,,,,,11.904761904761903,,,,4.642857142857143,7.738095238095238,2.5,5.476190476190476,,,,5.16961171374909,14.969604863221884,58.76984126984127,8.492063492063492,,,,,,,,,,,,,,,,,,,,,,,,,,,,,,,,,,,,,,,,,,,,,
ODISHA,rayagada,19.7,,,,33.58509566968782,,,,,10.976837865055389,,,,2.2658610271903323,6.193353474320242,1.1581067472306144,5.337361530715005,,,,4.622862286228623,8.178005591798696,49.798590130916416,10.52366565961732,,,,,,,,,,,,,,,,,,,,,,,,,,,,,,,,,,,,,,,,,,,,,
ODISHA,sambalpur,5.5,,,,60.20874103065884,,,,,18.2648401826484,,,,2.804957599478147,17.025440313111545,2.28310502283105,9.328114807566864,,,,4.872545596175025,20.88982241741455,51.72863666014352,7.110241356816699,,,,,,,,,,,,,,,,,,,,,,,,,,,,,,,,,,,,,,,,,,,,,
ODISHA,sonepur,10.5,,,,51.16504854368932,,,,,16.213592233009706,,,,3.5922330097087376,6.601941747572816,0.9708737864077668,6.990291262135923,,,,4.863314395336825,15.344341522351993,52.9126213592233,8.932038834951456,,,,,,,,,,,,,,,,,,,,,,,,,,,,,,,,,,,,,,,,,,,,,
ODISHA,sundergarh,14.9,,,,77.88697788697789,,,,,16.040716040716042,,,,2.562302562302562,11.021411021411025,1.684801684801685,8.03790803790804,,,,4.434396149716624,16.429298067141403,69.63846963846963,10.003510003510003,,,,,,,,,,,,,,,,,,,,,,,,,,,,,,,,,,,,,,,,,,,,,
GUJARAT,ahmedabad,15.5,,,96.6751269035533,,,,,99.97461928934013,,,,,,,,24.9492385786802,42.7,,,,,89.56852791878173,,4.623780304162742,96.6751269035533,99.56852791878173,0.0507614213197969,,,,,,,,,,,,,,,,,,,,,,,,,,,,,,,,,,,,,,,,,
GUJARAT,amreli,20.2,,,98.48121502797764,,,,,99.84012789768184,,,,,,,,4.316546762589928,27.2,,,,,77.77777777777779,,5.695146983358991,80.81534772182253,96.00319744204636,0.7194244604316548,,,,,,,,,,,,,,,,,,,,,,,,,,,,,,,,,,,,,,,,,
GUJARAT,anand,19.5,,,98.58895705521472,,,,,100.0,,,,,,,,7.730061349693251,32.2,,,,,72.02453987730061,,4.740861175153591,95.2760736196319,98.58895705521472,0.1226993865030675,,,,,,,,,,,,,,,,,,,,,,,,,,,,,,,,,,,,,,,,,
GUJARAT,aravalli,12.6,,,98.93882646691635,,,,,100.0,,,,,,,,3.3083645443196,34.7,,,,,65.79275905118602,,4.259836516468988,70.0374531835206,99.06367041198502,0.062421972534332,,,,,,,,,,,,,,,,,,,,,,,,,,,,,,,,,,,,,,,,,
GUJARAT,banas kantha,17.3,,,93.8058368076236,,,,,99.7319833234068,,,,,,,,3.5139964264443124,17.6,,,,,72.24538415723644,,4.097464322803135,94.99702203692674,98.6003573555688,0.5658129839189994,,,,,,,,,,,,,,,,,,,,,,,,,,,,,,,,,,,,,,,,,
GUJARAT,bharuch,20.8,,,97.9944674965422,,,,,100.0,,,,,,,,10.304287690179804,31.5,,,,,70.81604426002767,,4.439950735072083,87.13692946058092,99.30843706777316,0.0691562932226832,,,,,,,,,,,,,,,,,,,,,,,,,,,,,,,,,,,,,,,,,
GUJARAT,bhavnagar,15.9,,,98.08641975308642,,,,,99.87654320987654,,,,,,,,4.444444444444445,26.3,,,,,72.1604938271605,,4.656688737883771,89.25925925925927,99.44444444444444,0.0617283950617283,,,,,,,,,,,,,,,,,,,,,,,,,,,,,,,,,,,,,,,,,
GUJARAT,botad,21.2,,,99.77876106194692,,,,,100.0,,,,,,,,3.0973451327433628,22.0,,,,,82.7433628318584,,4.204069897453918,87.61061946902655,99.1150442477876,0.0,,,,,,,,,,,,,,,,,,,,,,,,,,,,,,,,,,,,,,,,,
GUJARAT,chhotaudepur,16.7,,,96.22766379880872,,,,,99.933818663137,,,,,,,,1.6545334215751155,20.3,,,,,54.86432825943084,,4.2053877470209,61.28391793514229,98.41164791528789,0.3970880211780278,,,,,,,,,,,,,,,,,,,,,,,,,,,,,,,,,,,,,,,,,
GUJARAT,devbhoomi dwarka,27.2,,,96.01366742596812,,,,,99.65831435079726,,,,,,,,4.100227790432802,15.8,,,,,73.91799544419135,,4.804949219959898,71.86788154897495,97.26651480637814,0.5694760820045558,,,,,,,,,,,,,,,,,,,,,,,,,,,,,,,,,,,,,,,,,
GUJARAT,dohad,23.4,,,92.5,,,,,99.64912280701756,,,,,,,,2.675438596491228,23.1,,,,,60.131578947368425,,2.465489707072696,58.85964912280702,97.93859649122808,0.3947368421052631,,,,,,,,,,,,,,,,,,,,,,,,,,,,,,,,,,,,,,,,,
GUJARAT,gandhinagar,6.3,,,100.0,,,,,100.0,,,,,,,,15.758028379387603,37.9,,,,,84.2419716206124,,5.553858022357017,97.0873786407767,99.32785660941,0.1493651979088872,,,,,,,,,,,,,,,,,,,,,,,,,,,,,,,,,,,,,,,,,
GUJARAT,gir somnath,16.2,,,98.97854954034727,,,,,100.0,,,,,,,,7.763023493360572,30.8,,,,,75.58733401430031,,4.22414839633865,77.93667007150154,98.87640449438202,0.4085801838610827,,,,,,,,,,,,,,,,,,,,,,,,,,,,,,,,,,,,,,,,,
GUJARAT,jamnagar,16.0,,,96.11801242236024,,,,,99.9223602484472,,,,,,,,9.239130434782608,35.3,,,,,82.7639751552795,,5.282119090455856,87.88819875776397,98.91304347826086,0.3105590062111801,,,,,,,,,,,,,,,,,,,,,,,,,,,,,,,,,,,,,,,,,
GUJARAT,junagadh,16.3,,,97.990297990298,,,,,100.0,,,,,,,,5.8212058212058215,35.0,,,,,79.41787941787942,,5.390337131241195,81.28898128898129,98.1981981981982,0.1386001386001386,,,,,,,,,,,,,,,,,,,,,,,,,,,,,,,,,,,,,,,,,
GUJARAT,kachchh,26.6,,,94.9800796812749,,,,,99.76095617529882,,,,,,,,9.721115537848606,24.1,,,,,68.84462151394423,,5.2726590372492295,90.71713147410358,98.04780876494024,0.7171314741035857,,,,,,,,,,,,,,,,,,,,,,,,,,,,,,,,,,,,,,,,,
GUJARAT,kheda,21.3,,,97.62746087834428,,,,,100.0,,,,,,,,4.543160020191822,24.2,,,,,66.17869762746088,,4.460287215260733,87.78394750126199,99.09136799596163,0.3533568904593639,,,,,,,,,,,,,,,,,,,,,,,,,,,,,,,,,,,,,,,,,
GUJARAT,mahesana,17.0,,,98.94736842105264,,,,,99.93808049535605,,,,,,,,5.820433436532508,32.6,,,,,77.02786377708978,,5.405276812977366,98.69969040247678,98.82352941176472,0.4334365325077399,,,,,,,,,,,,,,,,,,,,,,,,,,,,,,,,,,,,,,,,,
GUJARAT,mahisagar,15.0,,,95.9090909090909,,,,,100.0,,,,,,,,1.4285714285714286,33.9,,,,,59.02597402597402,,3.772401796189166,62.27272727272727,98.37662337662336,0.6493506493506493,,,,,,,,,,,,,,,,,,,,,,,,,,,,,,,,,,,,,,,,,
GUJARAT,morbi,16.6,,,98.52476290832456,,,,,99.68387776606956,,,,,,,,3.2665964172813484,35.4,,,,,73.55110642781875,,4.618527100786696,91.04320337197048,97.47102212855636,0.1053740779768176,,,,,,,,,,,,,,,,,,,,,,,,,,,,,,,,,,,,,,,,,
GUJARAT,narmada,14.6,,,98.65621500559912,,,,,100.0,,,,,,,,2.351623740201568,22.6,,,,,64.16573348264278,,3.967944682594402,77.15565509518477,98.54423292273236,0.1119820828667413,,,,,,,,,,,,,,,,,,,,,,,,,,,,,,,,,,,,,,,,,
GUJARAT,navsari,11.9,,,99.90503323836656,,,,,99.81006647673314,,,,,,,,8.641975308641975,47.7,,,,,75.02374169040836,,4.510898532835863,90.50332383665716,99.24026590693258,0.2849002849002849,,,,,,,,,,,,,,,,,,,,,,,,,,,,,,,,,,,,,,,,,
GUJARAT,panch mahals,20.4,,,93.13142239048136,,,,,99.89183342347216,,,,,,,,3.893996755002704,28.4,,,,,61.60086533261222,,3.253559351552182,61.65494862087615,98.64791779340185,0.2163331530557058,,,,,,,,,,,,,,,,,,,,,,,,,,,,,,,,,,,,,,,,,
GUJARAT,patan,21.2,,,97.08333333333331,,,,,99.75,,,,,,,,3.083333333333333,22.6,,,,,72.91666666666666,,4.277135204112834,97.75,98.5,0.6666666666666667,,,,,,,,,,,,,,,,,,,,,,,,,,,,,,,,,,,,,,,,,
GUJARAT,porbandar,17.9,,,92.8,,,,,100.0,,,,,,,,6.800000000000001,35.9,,,,,69.39999999999999,,5.5666506256015404,73.8,99.4,0.8,,,,,,,,,,,,,,,,,,,,,,,,,,,,,,,,,,,,,,,,,
GUJARAT,rajkot,12.5,,,99.43799175721244,,,,,99.96253278381415,,,,,,,,11.877107530910454,42.6,,,,,85.42525290370926,,6.210298405824938,82.35294117647058,98.76358186586737,0.1498688647433495,,,,,,,,,,,,,,,,,,,,,,,,,,,,,,,,,,,,,,,,,
GUJARAT,sabar kantha,16.6,,,98.61671469740634,,,,,99.88472622478386,,,,,,,,4.034582132564841,31.1,,,,,73.48703170028818,,4.283387509748304,86.57060518731988,98.38616714697407,0.6340057636887608,,,,,,,,,,,,,,,,,,,,,,,,,,,,,,,,,,,,,,,,,
GUJARAT,surat,12.1,,,97.60170006071644,,,,,100.0,,,,,,,,23.10261080752884,44.0,,,,,85.2762598664238,,4.571013163112186,94.89981785063752,98.93746205221616,0.2428658166363084,,,,,,,,,,,,,,,,,,,,,,,,,,,,,,,,,,,,,,,,,
GUJARAT,surendranagar,20.8,,,97.29344729344729,,,,,99.71509971509973,,,,,,,,3.774928774928775,23.3,,,,,74.85754985754986,,4.769872917675996,88.67521367521367,98.64672364672364,1.1396011396011396,,,,,,,,,,,,,,,,,,,,,,,,,,,,,,,,,,,,,,,,,
GUJARAT,tapi,15.7,,,98.95337773549,,,,,99.71455756422456,,,,,,,,3.2350142721217887,32.5,,,,,57.84966698382493,,4.393472273605459,82.01712654614653,99.52426260704092,0.285442435775452,,,,,,,,,,,,,,,,,,,,,,,,,,,,,,,,,,,,,,,,,
GUJARAT,the dangs,24.1,,,97.95081967213116,,,,,99.79508196721312,,,,,,,,3.0737704918032787,20.7,,,,,56.55737704918032,,4.3581589958159,68.64754098360656,99.18032786885246,1.024590163934426,,,,,,,,,,,,,,,,,,,,,,,,,,,,,,,,,,,,,,,,,
GUJARAT,vadodara,19.5,,,98.81516587677726,,,,,100.0,,,,,,,,15.545023696682463,46.4,,,,,70.4739336492891,,4.218536305540884,92.3222748815166,99.0995260663507,0.0947867298578199,,,,,,,,,,,,,,,,,,,,,,,,,,,,,,,,,,,,,,,,,
GUJARAT,valsad,15.5,,,97.92919171676688,,,,,99.7995991983968,,,,,,,,13.226452905811623,45.6,,,,,66.8002672010688,,3.914446771974936,89.91315965263861,98.53039412157648,0.7348029392117569,,,,,,,,,,,,,,,,,,,,,,,,,,,,,,,,,,,,,,,,,
WEST BENGAL,alipurduar,16.9,,97.2822527832351,,,,,,,,,,,,,2.348825587206397,,32.71999999999999,20.05159683302197,51.445600925184586,,,,7.04647676161919,,29.28535732133933,,,7.446276861569215,6.796601699150425,0.3998000999500249,39.295,,,,,,,,,,,,,,,,,,,,,,,,,,,,,,,,,,,,,
WEST BENGAL,bankura,17.9,,95.0776825903877,,,,,,,,,,,,,3.046280023432923,,27.9,12.341088990165508,32.769648996561926,,,,7.9867213434876,,53.44659246240968,,,3.495411052528804,8.260105448154658,0.4686584651435266,20.8,,,,,,,,,,,,,,,,,,,,,,,,,,,,,,,,,,,,,
WEST BENGAL,birbhum,21.3,,96.17543859649122,,,,,,,,,,,,,3.195901439375457,,25.8,13.891413537431236,34.72375029897154,,,,15.95511100268358,,50.69529153452061,,,3.610636740668456,11.539399853622836,0.5855086606489388,28.1,,,,,,,,,,,,,,,,,,,,,,,,,,,,,,,,,,,,,
WEST BENGAL,coochbehar,20.1,,97.21044409729971,,,,,,,,,,,,,1.1018543402311207,,26.7,9.846718587231509,37.79453345900095,,,,8.680462241332974,,28.19134641225477,,,3.9774254232733135,3.628056973931739,1.4780972856758936,25.7,,,,,,,,,,,,,,,,,,,,,,,,,,,,,,,,,,,,,
WEST BENGAL,dakshin dinajpur,28.5,,97.51062537947784,,,,,,,,,,,,,1.5657189946435928,,30.5,12.578877449352374,38.068747924277645,,,,7.993407498969922,,35.43469303667079,,,4.697156983930779,3.955500618046971,0.9888751545117428,28.7,,,,,,,,,,,,,,,,,,,,,,,,,,,,,,,,,,,,,
WEST BENGAL,darjiling,14.7,,97.47023809523807,,,,,,,,,,,,,2.8665028665028665,,41.3,22.144522144522146,51.71239017392863,,,,0.9009009009009008,,93.03849303849304,,,6.552006552006552,9.828009828009828,7.207207207207207,68.8,,,,,,,,,,,,,,,,,,,,,,,,,,,,,,,,,,,,,
WEST BENGAL,hooghly,19.8,,96.18175330082074,,,,,,,,,,,,,5.151249451994739,,37.0,17.18374855788719,45.994823984284864,,,,10.982025427444103,,80.27181060938186,,,6.181499342393687,11.880754055238931,2.213941253836037,54.6,,,,,,,,,,,,,,,,,,,,,,,,,,,,,,,,,,,,,
WEST BENGAL,howrah,20.8,,98.01964759083113,,,,,,,,,,,,,4.688785302988758,,40.1,17.936145525320956,53.35179848036831,,,,14.669591445023306,,66.38332876336716,,,7.732382780367425,8.52755689607897,2.6048807238826432,61.9,,,,,,,,,,,,,,,,,,,,,,,,,,,,,,,,,,,,,
WEST BENGAL,jalpaiguri,24.5,,94.2887029288703,,,,,,,,,,,,,2.684076895175916,,33.9,20.584049638526785,52.684009791085565,,,,8.088501994922016,,39.68081247733043,,,8.487486398258977,8.523757707653248,1.8498367791077257,42.7,,,,,,,,,,,,,,,,,,,,,,,,,,,,,,,,,,,,,
WEST BENGAL,jhargram,19.5,,96.91453255168156,,,,,,,,,,,,,2.078239608801956,,29.55,9.193762103761085,41.55539700336357,,,,4.767726161369193,,61.04319478402608,,,2.078239608801956,7.823960880195599,1.263243683781581,22.125,,,,,,,,,,,,,,,,,,,,,,,,,,,,,,,,,,,,,
WEST BENGAL,kalimpong,11.2,,99.4279176201373,,,,,,,,,,,,,3.903345724907063,,43.5,17.526501766784452,49.04593639575972,,,,2.2304832713754648,,74.53531598513011,,,5.5762081784386615,27.69516728624536,2.044609665427509,67.65,,,,,,,,,,,,,,,,,,,,,,,,,,,,,,,,,,,,,
WEST BENGAL,kolkata,5.0,,98.15896394108684,,,,,,,,,,,,,6.4419795221843,,55.4,40.08005907271384,69.07621157358828,,,,8.575085324232083,,95.81911262798634,,,15.699658703071671,7.2098976109215025,23.33617747440273,91.7,,,,,,,,,,,,,,,,,,,,,,,,,,,,,,,,,,,,,
WEST BENGAL,maldah,24.8,,96.1745615246513,,,,,,,,,,,,,1.654370668455175,,30.0,10.727922534135688,40.189999083605706,,,,27.520679633355687,,59.15492957746479,,,4.001788508830762,12.854907221104405,1.0283925776883525,29.6,,,,,,,,,,,,,,,,,,,,,,,,,,,,,,,,,,,,,
WEST BENGAL,murshidabad,23.1,,95.593635250918,,,,,,,,,,,,,1.643957345971564,,24.2,10.66393232504486,38.07182307566824,,,,27.295616113744074,,46.252962085308056,,,4.443127962085308,6.38329383886256,2.991706161137441,30.7,,,,,,,,,,,,,,,,,,,,,,,,,,,,,,,,,,,,,
WEST BENGAL,nadia,17.4,,97.0277503873785,,,,,,,,,,,,,3.746654772524532,,28.3,13.2336388486895,43.775526611995495,,,,14.272970561998216,,51.048171275646745,,,4.594112399643175,7.471008028545942,1.7395182872435324,34.2,,,,,,,,,,,,,,,,,,,,,,,,,,,,,,,,,,,,,
WEST BENGAL,north twenty four parganas,16.2,,97.23160027008778,,,,,,,,,,,,,4.339440694310511,,40.7,22.03774870794919,50.1770062283475,,,,20.04178720668596,,53.31083252973321,,,7.971713275474124,6.525233044037288,8.759241401478626,58.9,,,,,,,,,,,,,,,,,,,,,,,,,,,,,,,,,,,,,
WEST BENGAL,paschim bardhaman,19.4,,96.39206253758267,,,,,,,,,,,,,5.308392315470172,,37.1,30.92275471233214,55.74103732906246,,,,16.98685540950455,,73.35692618806875,,,8.948432760364005,11.779575328614762,2.426693629929221,56.3,,,,,,,,,,,,,,,,,,,,,,,,,,,,,,,,,,,,,
WEST BENGAL,paschim medinipur,18.0,,97.47574737675708,,,,,,,,,,,,,3.133985048878666,,26.2,11.043296369523482,39.85501017221124,,,,7.633697527314548,,68.40138010350776,,,2.7314548591144336,10.020126509488213,1.1357101782633696,17.5,,,,,,,,,,,,,,,,,,,,,,,,,,,,,,,,,,,,,
WEST BENGAL,purba bardhaman,22.1,,95.75454869782376,,,,,,,,,,,,,4.240934234787954,,27.3,14.221234881342784,40.10014457491449,,,,14.0340094242983,,73.50952673632453,,,4.7326367547633685,8.113091579594345,0.9014546199549271,32.1,,,,,,,,,,,,,,,,,,,,,,,,,,,,,,,,,,,,,
WEST BENGAL,purba medinipur,20.0,,97.07843759923786,,,,,,,,,,,,,1.757548445245606,,30.9,10.846141224087951,41.70267461576328,,,,9.88433228180862,,55.039807721195736,,,3.6352711431575786,18.957488358119274,2.5537028691602823,17.0,,,,,,,,,,,,,,,,,,,,,,,,,,,,,,,,,,,,,
WEST BENGAL,puruliya,17.6,,95.00569383439075,,,,,,,,,,,,,1.980615254951538,,26.9,12.637117188663323,29.77118181366953,,,,15.423514538558786,,53.476611883691525,,,3.2659081331647704,5.035819637589549,0.9060261272650654,23.2,,,,,,,,,,,,,,,,,,,,,,,,,,,,,,,,,,,,,
WEST BENGAL,siliguri,15.8,,95.58769002595476,,,,,,,,,,,,,2.185792349726776,,32.71999999999999,38.20304568527919,61.299492385786806,,,,9.47176684881603,,46.63023679417122,,,11.74863387978142,6.648451730418943,5.555555555555555,39.295,,,,,,,,,,,,,,,,,,,,,,,,,,,,,,,,,,,,,
WEST BENGAL,south twenty four parganas,20.7,,95.94279746123564,,,,,,,,,,,,,3.945916114790287,,34.9,14.679770409216667,47.39439236899698,,,,20.12969094922737,,37.56898454746137,,,4.663355408388521,4.870309050772627,0.9657836644591612,36.2,,,,,,,,,,,,,,,,,,,,,,,,,,,,,,,,,,,,,
WEST BENGAL,uttar dinajpur,26.8,,94.4510739856802,,,,,,,,,,,,,1.5024038461538465,,29.3,11.306770133810874,42.03850171616177,,,,24.69951923076924,,33.32331730769231,,,3.756009615384616,4.056490384615385,2.013221153846154,27.2,,,,,,,,,,,,,,,,,,,,,,,,,,,,,,,,,,,,,
ARUNACHAL PRADESH,anjaw,23.2,,,,,,,,,,100.0,,,,,,,,11.84971098265896,,,,,,,,,,11.428571428571429,,,,11.428571428571429,44.285714285714285,52.85714285714286,1.4285714285714286,27.74566473988439,,,,,,,,,,,,,,,,,,,,,,,,,,,,,,,,
ARUNACHAL PRADESH,capital complex itanagar,3.5,,,,,,,,,,98.31460674157304,,,,,,,,39.86197831087742,,,,,,,,,,34.831460674157306,,,,43.25842696629213,74.15730337078652,47.19101123595505,0.0,73.41439369043708,,,,,,,,,,,,,,,,,,,,,,,,,,,,,,,,
ARUNACHAL PRADESH,changlang,20.4,,,,,,,,,,96.94189602446484,,,,,,,,24.95876855415063,,,,,,,,,,13.149847094801222,,,,17.431192660550458,63.608562691131496,29.05198776758409,0.0,36.61352391423859,,,,,,,,,,,,,,,,,,,,,,,,,,,,,,,,
ARUNACHAL PRADESH,dibang valley,10.5,,,,,,,,,,95.0,,,,,,,,28.47682119205298,,,,,,,,,,25.0,,,,30.0,55.00000000000001,70.0,0.0,49.66887417218543,,,,,,,,,,,,,,,,,,,,,,,,,,,,,,,,
ARUNACHAL PRADESH,east kameng,29.3,,,,,,,,,,93.86503067484662,,,,,,,,27.42805755395684,,,,,,,,,,16.56441717791411,,,,12.883435582822086,36.809815950920246,22.085889570552148,0.6134969325153374,33.00359712230216,,,,,,,,,,,,,,,,,,,,,,,,,,,,,,,,
ARUNACHAL PRADESH,east siang,11.8,,,,,,,,,,98.13664596273291,,,,,,,,19.741796664873583,,,,,,,,,,21.73913043478261,,,,19.25465838509317,44.099378881987576,48.4472049689441,0.0,64.228079612695,,,,,,,,,,,,,,,,,,,,,,,,,,,,,,,,
ARUNACHAL PRADESH,kamle,21.6,,,,,,,,,,82.43243243243244,,,,,,,,18.712273641851105,,,,,,,,,,5.405405405405405,,,,13.513513513513514,20.27027027027027,32.432432432432435,0.0,38.22937625754527,,,,,,,,,,,,,,,,,,,,,,,,,,,,,,,,
ARUNACHAL PRADESH,kra dadi,33.7,,,,,,,,,,80.45112781954887,,,,,,,,5.094614264919942,,,,,,,,,,5.263157894736842,,,,6.7669172932330826,13.533834586466163,3.7593984962406015,0.0,18.48617176128093,,,,,,,,,,,,,,,,,,,,,,,,,,,,,,,,
ARUNACHAL PRADESH,kurung kumey,32.3,,,,,,,,,,87.87878787878788,,,,,,,,17.349726775956285,,,,,,,,,,16.161616161616163,,,,18.181818181818183,25.252525252525253,12.12121212121212,2.0202020202020203,19.808743169398905,,,,,,,,,,,,,,,,,,,,,,,,,,,,,,,,
ARUNACHAL PRADESH,lepa rada,14.3,,,,,,,,,,94.64285714285714,,,,,,,,32.41379310344827,,,,,,,,,,17.857142857142858,,,,17.857142857142858,69.64285714285714,17.857142857142858,1.7857142857142856,43.44827586206896,,,,,,,,,,,,,,,,,,,,,,,,,,,,,,,,
ARUNACHAL PRADESH,lohit,29.8,,,,,,,,,,100.0,,,,,,,,19.505494505494507,,,,,,,,,,17.92452830188679,,,,25.471698113207548,33.9622641509434,24.52830188679245,0.0,42.85714285714285,,,,,,,,,,,,,,,,,,,,,,,,,,,,,,,,
ARUNACHAL PRADESH,longding,11.1,,,,,,,,,,95.32710280373831,,,,,,,,25.853658536585368,,,,,,,,,,11.214953271028037,,,,15.887850467289718,21.49532710280374,28.971962616822427,0.0,45.040650406504064,,,,,,,,,,,,,,,,,,,,,,,,,,,,,,,,
ARUNACHAL PRADESH,lower dibang valley,17.6,,,,,,,,,,99.0,,,,,,,,28.024819027921406,,,,,,,,,,25.0,,,,27.0,52.0,36.0,0.0,47.77662874870735,,,,,,,,,,,,,,,,,,,,,,,,,,,,,,,,
ARUNACHAL PRADESH,lower siang,17.1,,,,,,,,,,94.8051948051948,,,,,,,,12.0,,,,,,,,,,14.285714285714285,,,,15.584415584415584,42.85714285714285,12.987012987012983,0.0,54.36363636363636,,,,,,,,,,,,,,,,,,,,,,,,,,,,,,,,
ARUNACHAL PRADESH,lower subansiri,18.1,,,,,,,,,,92.06349206349206,,,,,,,,28.10693641618497,,,,,,,,,,26.984126984126984,,,,34.12698412698413,61.11111111111112,53.17460317460318,0.7936507936507936,43.71387283236994,,,,,,,,,,,,,,,,,,,,,,,,,,,,,,,,
ARUNACHAL PRADESH,namsai,29.5,,,,,,,,,,97.60765550239236,,,,,,,,20.930232558139537,,,,,,,,,,11.961722488038278,,,,14.832535885167465,34.44976076555024,19.138755980861244,0.0,46.2015503875969,,,,,,,,,,,,,,,,,,,,,,,,,,,,,,,,
ARUNACHAL PRADESH,pakke kessang,37.0,,,,,,,,,,89.74358974358975,,,,,,,,18.181818181818183,,,,,,,,,,10.256410256410255,,,,7.6923076923076925,58.97435897435898,25.64102564102564,0.0,42.10526315789473,,,,,,,,,,,,,,,,,,,,,,,,,,,,,,,,
ARUNACHAL PRADESH,papum pare,17.5,,,,,,,,,,87.09677419354838,,,,,,,,19.058963668850502,,,,,,,,,,42.473118279569896,,,,15.591397849462366,48.38709677419355,15.591397849462366,0.5376344086021506,49.31506849315068,,,,,,,,,,,,,,,,,,,,,,,,,,,,,,,,
ARUNACHAL PRADESH,shi yomi,43.8,,,,,,,,,,63.63636363636363,,,,,,,,10.76923076923077,,,,,,,,,,3.0303030303030303,,,,3.0303030303030303,24.24242424242424,15.151515151515152,6.0606060606060606,29.23076923076924,,,,,,,,,,,,,,,,,,,,,,,,,,,,,,,,
ARUNACHAL PRADESH,siang,24.3,,,,,,,,,,97.53086419753086,,,,,,,,11.078286558345644,,,,,,,,,,13.580246913580249,,,,13.580246913580249,24.69135802469136,17.28395061728395,0.0,48.005908419497786,,,,,,,,,,,,,,,,,,,,,,,,,,,,,,,,
ARUNACHAL PRADESH,tawang,10.4,,,,,,,,,,95.65217391304348,,,,,,,,15.23809523809524,,,,,,,,,,32.17391304347826,,,,14.782608695652174,76.52173913043478,79.13043478260869,0.0,36.30952380952381,,,,,,,,,,,,,,,,,,,,,,,,,,,,,,,,
ARUNACHAL PRADESH,tirap,20.2,,,,,,,,,,97.87234042553192,,,,,,,,28.604923798358733,,,,,,,,,,21.27659574468085,,,,21.27659574468085,41.13475177304964,27.659574468085108,0.0,51.34818288393904,,,,,,,,,,,,,,,,,,,,,,,,,,,,,,,,
ARUNACHAL PRADESH,upper siang,33.1,,,,,,,,,,94.05940594059405,,,,,,,,12.78600269179004,,,,,,,,,,13.861386138613865,,,,16.831683168316832,34.65346534653465,8.91089108910891,0.0,52.62449528936743,,,,,,,,,,,,,,,,,,,,,,,,,,,,,,,,
ARUNACHAL PRADESH,upper subansiri,19.2,,,,,,,,,,64.34426229508196,,,,,,,,19.61678832116788,,,,,,,,,,6.147540983606557,,,,30.327868852459016,22.540983606557376,15.983606557377051,0.0,38.86861313868613,,,,,,,,,,,,,,,,,,,,,,,,,,,,,,,,
ARUNACHAL PRADESH,west kameng,29.6,,,,,,,,,,97.53086419753086,,,,,,,,31.86306780776827,,,,,,,,,,28.39506172839506,,,,32.71604938271605,71.60493827160494,70.37037037037037,0.6172839506172839,34.89137590520079,,,,,,,,,,,,,,,,,,,,,,,,,,,,,,,,
ARUNACHAL PRADESH,west siang,11.9,,,,,,,,,,95.86776859504133,,,,,,,,16.498625114573787,,,,,,,,,,23.1404958677686,,,,22.31404958677686,52.89256198347108,19.00826446280992,0.0,53.803849679193405,,,,,,,,,,,,,,,,,,,,,,,,,,,,,,,,
KARNATAKA,bagalkot,16.3,,,96.76458067262664,,,,97.0200085142614,,14.72967220093657,83.3546189868029,,,,,,12.60110685398042,,36.92891649413389,48.70945479641132,,,,,,,99.659429544487,,,,,,,,97.36057896977437,,,77.69263516389954,51.3,85.97054589746429,,,,,,,,,,,,,,,,,,,,,,,,,,,,,
KARNATAKA,ballari,24.3,,,99.1044776119403,,,,91.94029850746269,,25.0,83.73134328358209,,,,,,26.268656716417908,,44.81251437773177,59.799861973775016,,,,,,,98.73134328358208,,,,,,,,96.04477611940298,,,64.55223880597015,64.1,86.01355034654623,,,,,,,,,,,,,,,,,,,,,,,,,,,,,
KARNATAKA,belagavi,22.2,,,100.0,,,,100.0,,19.24223073648361,83.5249042145594,,,,,,14.091102596849725,,33.71551415263346,54.561089215335,,,,,,,99.87228607918264,,,,,,,,100.0,,,69.56151553852703,67.7,85.0605423227787,,,,,,,,,,,,,,,,,,,,,,,,,,,,,
KARNATAKA,belagavi chikkodi,22.4,,,100.0,,,,99.29464571978198,,20.90413594100673,84.70663674254568,,,,,,10.067329272202628,,31.0248663722984,47.63537067162445,,,,,,,99.74350753446618,,,,,,,,99.90381532542482,,,95.0945815966656,75.10645161290323,87.26509920461498,,,,,,,,,,,,,,,,,,,,,,,,,,,,,
KARNATAKA,bengaluru rural,14.8,,,97.30263157894736,,,,97.30263157894736,,13.157894736842104,88.75,,,,,,17.5,,54.29223196061952,67.1989434505943,,,,,,,100.0,,,,,,,,99.9342105263158,,,76.11842105263158,88.8,92.34942528735633,,,,,,,,,,,,,,,,,,,,,,,,,,,,,
KARNATAKA,bengaluru u north,7.3,,,99.67910148415564,,,,91.9775371038909,,23.86682711592459,96.911351784998,,,,,,63.979141596470114,,69.64241370747455,83.80307921529675,,,,,,,99.63898916967509,,,,,,,,95.98876855194544,,,72.3225030084236,90.4,98.37101337801828,,,,,,,,,,,,,,,,,,,,,,,,,,,,,
KARNATAKA,bengaluru u south,12.5,,,90.61985737794843,,,,90.09873834339,,19.22654964344487,96.35216675809106,,,,,,61.19034558420186,,73.60160023066388,85.52944568586463,,,,,,,99.69829950630827,,,,,,,,96.65386725178276,,,72.10641799232035,90.4,98.45380156836003,,,,,,,,,,,,,,,,,,,,,,,,,,,,,
KARNATAKA,bidar,29.2,,,84.97807017543859,,,,88.30409356725146,,17.470760233918128,89.25438596491229,,,,,,14.72953216374269,,27.118045749788195,53.24767014967523,,,,,,,98.46491228070175,,,,,,,,84.64912280701753,,,62.02485380116959,56.5,89.13152610441767,,,,,,,,,,,,,,,,,,,,,,,,,,,,,
KARNATAKA,chamarajanagara,23.2,,,95.03849443969204,,,,95.38066723695466,,12.489307100085544,94.78186484174508,,,,,,11.120615911035072,,36.72184238934869,52.57286793810724,,,,,,,99.8289136013687,,,,,,,,99.14456800684346,,,68.43455945252353,75.2,76.8697660987583,,,,,,,,,,,,,,,,,,,,,,,,,,,,,
KARNATAKA,chikkaballapura,15.8,,,99.48717948717947,,,,99.12820512820512,,14.358974358974358,69.74358974358974,,,,,,11.948717948717947,,36.41123274631128,54.62874821513565,,,,,,,99.7948717948718,,,,,,,,99.48717948717947,,,62.61538461538462,84.9,83.0102622576967,,,,,,,,,,,,,,,,,,,,,,,,,,,,,
KARNATAKA,chikkamangaluru,19.6,,,99.89136338946226,,,,99.83704508419338,,17.762085822922323,99.45681694731124,,,,,,11.89570885388376,,38.68094836923818,55.21723432422674,,,,,,,99.83704508419338,,,,,,,,100.0,,,82.29223248234655,92.3,82.70847105486826,,,,,,,,,,,,,,,,,,,,,,,,,,,,,
KARNATAKA,chitradurga,24.3,,,97.93984342810052,,,,95.92088998763906,,14.421096003296247,91.63576431808818,,,,,,10.053564070869388,,34.94683113568694,50.19991492981711,,,,,,,99.958796868562,,,,,,,,99.71157807993409,,,67.11990111248454,63.1,79.69608332738817,,,,,,,,,,,,,,,,,,,,,,,,,,,,,
KARNATAKA,dakshina kannada,1.2,,,99.8959958398336,,,,95.16380655226207,,46.95787831513261,100.0,,,,,,26.937077483099326,,62.86663324141388,80.57157182251191,,,,,,,99.9479979199168,,,,,,,,100.0,,,95.00780031201248,97.1,88.75667517993963,,,,,,,,,,,,,,,,,,,,,,,,,,,,,
KARNATAKA,davanagere,11.8,,,99.95260663507108,,,,98.34123222748816,,18.246445497630333,94.45497630331754,,,,,,19.47867298578199,,41.18053423395763,54.20632483880872,,,,,,,100.0,,,,,,,,100.0,,,84.69194312796209,83.3,87.40523666942728,,,,,,,,,,,,,,,,,,,,,,,,,,,,,
KARNATAKA,dharwad,12.8,,,94.4377990430622,,,,90.3708133971292,,15.789473684210526,85.94497607655502,,,,,,21.770334928229666,,42.63109616266626,66.90108546093869,,,,,,,99.52153110047848,,,,,,,,95.63397129186605,,,76.85406698564593,79.3,88.21617487731821,,,,,,,,,,,,,,,,,,,,,,,,,,,,,
KARNATAKA,gadag,20.7,,,99.25124792013312,,,,95.00831946755407,,16.306156405990016,88.10316139767055,,,,,,13.810316139767052,,37.93243243243244,50.94594594594595,,,,,,,99.91680532445923,,,,,,,,99.91680532445923,,,83.27787021630616,55.2,87.6224213377787,,,,,,,,,,,,,,,,,,,,,,,,,,,,,
KARNATAKA,hassan,15.8,,,98.2107355864811,,,,98.74088800530151,,9.940357852882704,99.5692511597084,,,,,,11.696487740225315,,41.300877893056665,57.98882681564245,,,,,,,99.93373094764743,,,,,,,,100.0,,,64.64546056991385,87.9,78.00429184549357,,,,,,,,,,,,,,,,,,,,,,,,,,,,,
KARNATAKA,haveri,24.3,,,99.04522613065326,,,,95.7286432160804,,19.195979899497488,79.24623115577889,,,,,,11.608040201005023,,34.5825173580203,49.17215595513619,,,,,,,99.59798994974877,,,,,,,,98.34170854271356,,,79.04522613065326,68.9,83.81824844265299,,,,,,,,,,,,,,,,,,,,,,,,,,,,,
KARNATAKA,kalburgi,30.0,,,92.48494370253994,,,,86.12202147158942,,19.062581827703585,71.66797590992407,,,,,,16.967792615868028,,32.91959798994975,57.58793969849246,,,,,,,99.65959675307673,,,,,,,,93.87274155538098,,,64.28384393820372,36.5,85.96610862968393,,,,,,,,,,,,,,,,,,,,,,,,,,,,,
KARNATAKA,kodagu,14.2,,,100.0,,,,99.52978056426332,,44.98432601880878,99.21630094043888,,,,,,21.473354231974923,,53.04112287613888,78.03496675695641,,,,,,,99.84326018808778,,,,,,,,100.0,,,96.55172413793105,93.9,87.15397923875432,,,,,,,,,,,,,,,,,,,,,,,,,,,,,
KARNATAKA,kolar,22.1,,,99.59266802443992,,,,98.45213849287168,,12.912423625254585,78.32993890020367,,,,,,16.0081466395112,,40.3611258629846,64.75482386263054,,,,,,,99.83706720977597,,,,,,,,99.63340122199594,,,45.78411405295316,89.2,85.4362965997542,,,,,,,,,,,,,,,,,,,,,,,,,,,,,
KARNATAKA,koppal,25.7,,,85.40278619018777,,,,91.52029073288917,,20.109024833434283,61.35675348273774,,,,,,12.537855844942458,,35.779510022271715,47.11581291759466,,,,,,,98.90975166565715,,,,,,,,93.82192610539067,,,68.50393700787401,58.8,84.23291060934118,,,,,,,,,,,,,,,,,,,,,,,,,,,,,
KARNATAKA,mandya,20.7,,,99.61290322580643,,,,97.9784946236559,,13.978494623655912,94.1505376344086,,,,,,11.35483870967742,,46.06762739003485,59.47066026184421,,,,,,,99.56989247311829,,,,,,,,99.91397849462366,,,78.10752688172043,86.7,80.83012114537445,,,,,,,,,,,,,,,,,,,,,,,,,,,,,
KARNATAKA,mysuru,11.5,,,100.0,,,,99.40587867417136,,12.53908692933083,97.87367104440276,,,,,,19.606003752345217,,52.3296651837977,65.69421681105128,,,,,,,99.74984365228268,,,,,,,,99.93746091307068,,,93.6835522201376,86.4,85.68325186949075,,,,,,,,,,,,,,,,,,,,,,,,,,,,,
KARNATAKA,raichur,29.5,,,97.10727199678584,,,,97.91080755323424,,20.289272800321413,64.64443551627159,,,,,,15.829650462032946,,30.75949367088608,52.39662447257384,,,,,,,99.83929288871032,,,,,,,,92.84853354760948,,,56.40819606267578,53.0,87.30841624092498,,,,,,,,,,,,,,,,,,,,,,,,,,,,,
KARNATAKA,ramanagara,24.7,,,99.93997599039616,,,,100.0,,10.084033613445378,88.95558223289316,,,,,,15.186074429771908,,46.94533762057878,62.21864951768489,,,,,,,99.93997599039616,,,,,,,,100.0,,,54.44177671068427,89.6,84.453915823122,,,,,,,,,,,,,,,,,,,,,,,,,,,,,
KARNATAKA,shivamogga,12.9,,,92.4859813084112,,,,99.66355140186916,,36.03738317757009,97.68224299065422,,,,,,11.401869158878505,,40.45478582760445,59.2203671526781,,,,,,,99.85046728971965,,,,,,,,99.81308411214953,,,83.88785046728971,85.4,87.26110618908999,,,,,,,,,,,,,,,,,,,,,,,,,,,,,
KARNATAKA,tumakuru,19.4,,,99.72154542290288,,,,98.95579533588584,,10.093978419770275,87.08666898712147,,,,,,11.625478593804385,,37.38412270352267,60.26462160795551,,,,,,,99.68673860076576,,,,,,,,99.79115906717718,,,56.28263139575357,86.1,81.46929824561403,,,,,,,,,,,,,,,,,,,,,,,,,,,,,
KARNATAKA,tumakuru madhugiri,27.3,,,99.82025164769324,,,,98.50209706411025,,8.747753145596166,80.407429598562,,,,,,10.12582384661474,,36.23853211009174,48.62385321100918,,,,,,,99.9400838825644,,,,,,,,100.0,,,62.43259436788497,75.10645161290323,79.35918272579522,,,,,,,,,,,,,,,,,,,,,,,,,,,,,
KARNATAKA,udupi,1.4,,,99.9099909990999,,,,97.11971197119712,,79.74797479747974,99.9099909990999,,,,,,19.53195319531953,,60.189993666877776,73.45155161494617,,,,,,,100.0,,,,,,,,100.0,,,95.76957695769576,94.5,87.3296259949842,,,,,,,,,,,,,,,,,,,,,,,,,,,,,
KARNATAKA,uttara kannada,12.5,,,98.7086359967716,,,,97.90153349475383,,67.71589991928974,98.30508474576273,,,,,,10.49233252623083,,38.10530022891354,68.12819158302517,,,,,,,99.91928974979822,,,,,,,,100.0,,,66.82808716707022,89.6,82.57530120481927,,,,,,,,,,,,,,,,,,,,,,,,,,,,,
KARNATAKA,uttara kannada sirsi,17.2,,,82.78388278388277,,,,94.5054945054945,,48.13186813186813,97.5091575091575,,,,,,5.86080586080586,,34.681023973994314,60.42259244209672,,,,,,,99.85347985347984,,,,,,,,99.92673992673993,,,96.33699633699634,75.10645161290323,76.45565603680787,,,,,,,,,,,,,,,,,,,,,,,,,,,,,
KARNATAKA,vijayanagara,23.7,,,97.1990464839094,,,,94.10011918951132,,20.61978545887962,81.46603098927294,,,,,,15.315852205005958,,32.97628951747088,48.94966722129784,,,,,,,99.10607866507746,,,,,,,,94.81525625744936,,,59.71394517282479,59.03333333333334,83.16167290886392,,,,,,,,,,,,,,,,,,,,,,,,,,,,,
KARNATAKA,vijayapura,21.8,,,97.88255223037832,,,,96.386222473179,,24.647092038396387,75.01411631846415,,,,,,13.043478260869565,,30.55213464696223,45.8128078817734,,,,,,,99.04009034443816,,,,,,,,96.41445511010728,,,85.20609824957651,44.8,89.0995260663507,,,,,,,,,,,,,,,,,,,,,,,,,,,,,
KARNATAKA,yadagiri,37.4,,,84.30521091811414,,,,88.95781637717121,,21.21588089330025,85.42183622828784,,,,,,14.01985111662531,,31.904332129963898,45.412154031287606,,,,,,,99.13151364764268,,,,,,,,78.84615384615384,,,56.637717121588096,37.4,84.72981449950713,,,,,,,,,,,,,,,,,,,,,,,,,,,,,
KERALA,alappuzha,4.8,,96.5213209361975,,,,,,,,,,,,,,,78.8,,86.53710925014383,5.071848210927672,8.320817062180835,,,1.8276550767115824,,,,,,,,,,,,,,,,0.5257623554153523,38.69610935856993,,,,,,,,,,,,,,,,,,,,,,,,,,,
KERALA,ernakulam,2.6,,98.78755930416447,,,,,,,,,,,,,,,83.8,,89.65379154683461,4.941827517284433,10.857664233576642,,,2.967903038066231,,,,,,,,,,,,,,,,0.3785011355034065,28.76608629825889,,,,,,,,,,,,,,,,,,,,,,,,,,,
KERALA,idukki,6.8,,95.64432989690722,,,,,,,,,,,,,,,73.2,,79.18820811791882,5.545592074762706,8.782651552488911,,,2.520557304248103,,,,,,,,,,,,,,,,0.8547008547008548,34.7008547008547,,,,,,,,,,,,,,,,,,,,,,,,,,,
KERALA,kannur,4.9,,97.28703201302224,,,,,,,,,,,,,,,74.1,,77.73510147974449,5.026377610326692,5.790767549849768,,,1.8960177530665496,,,,,,,,,,,,,,,,0.5832793259883344,14.128321451717436,,,,,,,,,,,,,,,,,,,,,,,,,,,
KERALA,kasaragod,10.0,,96.80851063829788,,,,,,,,,,,,,,,68.3,,77.06800117750957,4.707545306832316,4.787191246278864,,,1.603018261312417,,,,,,,,,,,,,,,,0.8583690987124464,35.7653791130186,,,,,,,,,,,,,,,,,,,,,,,,,,,
KERALA,kollam,4.9,,97.18797617398532,,,,,,,,,,,,,,,80.6,,84.40514469453376,4.8769593016487,6.963613550815559,,,1.7777165300075797,,,,,,,,,,,,,,,,0.6728343145500421,9.503784693019345,,,,,,,,,,,,,,,,,,,,,,,,,,,
KERALA,kottayam,0.2,,98.04957845727948,,,,,,,,,,,,,,,85.8,,83.70533064228897,5.918165881489132,8.119402985074627,,,2.817505067644713,,,,,,,,,,,,,,,,0.2695417789757413,12.398921832884096,,,,,,,,,,,,,,,,,,,,,,,,,,,
KERALA,kozhikode,4.4,,97.03096005469284,,,,,,,,,,,,,,,84.3,,73.68862624936165,4.652575769404401,5.541825493235035,,,1.6089012290783438,,,,,,,,,,,,,,,,1.25,12.5,,,,,,,,,,,,,,,,,,,,,,,,,,,
KERALA,malappuram,6.6,,97.31687684464715,,,,,,,,,,,,,,,69.5,,72.41112123974476,3.970623898305698,5.510039714499959,,,1.2110945819262413,,,,,,,,,,,,,,,,1.095290251916758,12.924424972617745,,,,,,,,,,,,,,,,,,,,,,,,,,,
KERALA,palakkad,9.2,,96.16984826235928,,,,,,,,,,,,,,,63.2,,82.2810147513163,4.31356649604607,7.697930467358034,,,1.6673517768755597,,,,,,,,,,,,,,,,1.2437810945273633,31.42620232172472,,,,,,,,,,,,,,,,,,,,,,,,,,,
KERALA,pathanamthitta,0.2,,98.09523809523807,,,,,,,,,,,,,,,84.5,,86.77269200930954,6.287498170820935,8.057739954756006,,,2.451099946344081,,,,,,,,,,,,,,,,0.5747126436781609,16.436781609195403,,,,,,,,,,,,,,,,,,,,,,,,,,,
KERALA,thiruvananthapuram,2.7,,97.45462132276236,,,,,,,,,,,,,,,83.1,,85.56133374120526,4.836084975442335,13.403199117484832,,,2.486278773891946,,,,,,,,,,,,,,,,0.9818731117824772,25.075528700906347,,,,,,,,,,,,,,,,,,,,,,,,,,,
KERALA,thrissur,3.6,,98.97501601537476,,,,,,,,,,,,,,,79.2,,89.95841915050713,4.657548131134604,10.645174322304369,,,2.160539075947374,,,,,,,,,,,,,,,,0.4838709677419355,14.193548387096774,,,,,,,,,,,,,,,,,,,,,,,,,,,
KERALA,wayanad,6.9,,94.90084985835692,,,,,,,,,,,,,,,68.0,,76.63248085161626,4.662183836390818,5.37802744267428,,,1.7612559994673864,,,,,,,,,,,,,,,,1.0810810810810811,17.027027027027028,,,,,,,,,,,,,,,,,,,,,,,,,,,
NAGALAND,dimapur,4.6,,,,38.155515370705245,,,,,,,,,,29.8372513562387,,,52.5,,68.9938831470154,,,53.8878842676311,,,,97.83001808318264,,,,,84.2,,72.875226039783,73.05605786618446,,,69.43942133815551,,,,,52.26039783001808,37.79385171790235,,,,,,,,,,,,,,,,,,,,,,,,,
NAGALAND,kiphire,21.3,,,,2.238805970149253,,,,,,,,,,20.149253731343283,,,22.0,,43.083333333333336,,,46.26865671641791,,,,97.01492537313432,,,,,16.4,,37.3134328358209,61.940298507462686,,,33.582089552238806,,,,,76.86567164179104,17.91044776119403,,,,,,,,,,,,,,,,,,,,,,,,,
NAGALAND,kohima,2.4,,,,19.852941176470587,,,,,,,,,,30.88235294117647,,,70.9,,68.68415153553015,,,48.52941176470589,,,,99.63235294117648,,,,,61.7,,63.23529411764706,71.69117647058823,,,58.45588235294118,,,,,59.19117647058824,38.23529411764706,,,,,,,,,,,,,,,,,,,,,,,,,
NAGALAND,longleng,28.8,,,,4.62962962962963,,,,,,,,,,16.666666666666664,,,23.8,,47.2972972972973,,,33.33333333333333,,,,99.07407407407408,,,,,11.8,,22.22222222222222,60.18518518518518,,,25.0,,,,,79.62962962962963,20.37037037037037,,,,,,,,,,,,,,,,,,,,,,,,,
NAGALAND,mokokchung,20.4,,,,14.901960784313726,,,,,,,,,,24.705882352941178,,,55.8,,60.96555784515749,,,32.549019607843135,,,,100.0,,,,,46.2,,70.19607843137254,81.96078431372548,,,45.490196078431374,,,,,74.50980392156863,29.411764705882355,,,,,,,,,,,,,,,,,,,,,,,,,
NAGALAND,mon,23.5,,,,7.886435331230284,,,,,,,,,,21.13564668769716,,,24.3,,49.35562521769418,,,43.217665615141954,,,,90.53627760252368,,,,,13.0,,51.73501577287066,57.41324921135647,,,36.59305993690852,,,,,69.4006309148265,19.558359621451103,,,,,,,,,,,,,,,,,,,,,,,,,
NAGALAND,peren,22.3,,,,4.191616766467066,,,,,,,,,,13.17365269461078,,,35.5,,55.98179453836151,,,29.94011976047904,,,,95.80838323353294,,,,,31.4,,37.12574850299401,82.63473053892216,,,53.89221556886228,,,,,75.44910179640718,23.95209580838324,,,,,,,,,,,,,,,,,,,,,,,,,
NAGALAND,phek,23.2,,,,3.7815126050420167,,,,,,,,,,17.22689075630252,,,39.4,,47.84589892294946,,,29.411764705882355,,,,85.29411764705883,,,,,24.2,,45.79831932773109,72.68907563025209,,,43.27731092436975,,,,,73.10924369747899,26.47058823529412,,,,,,,,,,,,,,,,,,,,,,,,,
NAGALAND,tuensang,24.0,,,,3.673469387755103,,,,,,,,,,17.959183673469386,,,27.0,,48.111332007952285,,,26.93877551020408,,,,85.3061224489796,,,,,19.7,,44.48979591836735,64.08163265306122,,,39.59183673469388,,,,,80.0,23.26530612244898,,,,,,,,,,,,,,,,,,,,,,,,,
NAGALAND,wokha,22.4,,,,9.523809523809524,,,,,,,,,,21.164021164021165,,,45.3,,51.0783200908059,,,36.507936507936506,,,,96.29629629629628,,,,,41.2,,33.33333333333333,58.730158730158735,,,39.68253968253968,,,,,77.24867724867724,24.867724867724867,,,,,,,,,,,,,,,,,,,,,,,,,
NAGALAND,zunheboto,25.5,,,,6.985294117647059,,,,,,,,,,13.23529411764706,,,40.2,,55.07128309572301,,,22.426470588235293,,,,92.27941176470588,,,,,18.6,,36.39705882352941,76.10294117647058,,,50.73529411764706,,,,,79.04411764705883,19.852941176470587,,,,,,,,,,,,,,,,,,,,,,,,,
MIZORAM,aizawl,5.7,,,,21.29319955406912,,,,,,,,3.678929765886288,,,,,,,61.434917216314446,,,,,,,,,16.05351170568562,,,,,,,,,,,,,,54.51505016722408,,75.13935340022296,19.55456570155902,3.2,,,,,,,,,,,,,,,,,,,,,,
MIZORAM,champhai,25.8,,,,4.089219330855019,,,,,,,,0.3717472118959107,,,,,,,53.0373831775701,,,,,,,,,2.973977695167286,,,,,,,,,,,,,,66.91449814126395,,67.28624535315984,9.075723830734969,11.0,,,,,,,,,,,,,,,,,,,,,,
MIZORAM,hnahthial,20.7,,,,1.4285714285714286,,,,,,,,0.7142857142857143,,,,,,,48.701298701298704,,,,,,,,,5.0,,,,,,,,,,,,,,72.85714285714285,,58.57142857142858,3.374164810690424,9.333333333333334,,,,,,,,,,,,,,,,,,,,,,
MIZORAM,khawzawl,22.1,,,,2.255639097744361,,,,,,,,0.7518796992481203,,,,,,,51.57384987893463,,,,,,,,,3.7593984962406015,,,,,,,,,,,,,,67.66917293233082,,78.94736842105263,2.750556792873051,9.1,,,,,,,,,,,,,,,,,,,,,,
MIZORAM,kolasib,24.7,,,,7.420494699646643,,,,,,,,2.826855123674912,,,,,,,54.03690888119954,,,,,,,,,9.187279151943462,,,,,,,,,,,,,,71.02473498233216,,45.22968197879859,9.565701559020043,13.7,,,,,,,,,,,,,,,,,,,,,,
MIZORAM,lawngtlai,26.7,,,,4.436860068259386,,,,,,,,0.1706484641638225,,,,,,,36.05336642879305,,,,,,,,,2.901023890784983,,,,,,,,,,,,,,68.94197952218431,,51.5358361774744,11.492204899777285,16.0,,,,,,,,,,,,,,,,,,,,,,
MIZORAM,lunglei,17.5,,,,8.12720848056537,,,,,,,,1.2367491166077738,,,,,,,48.32939588255147,,,,,,,,,6.713780918727916,,,,,,,,,,,,,,72.26148409893993,,73.4982332155477,12.193763919821826,4.8,,,,,,,,,,,,,,,,,,,,,,
MIZORAM,mamit,29.7,,,,3.617571059431525,,,,,,,,0.7751937984496124,,,,,,,47.34561213434453,,,,,,,,,4.651162790697675,,,,,,,,,,,,,,74.93540051679587,,76.48578811369508,14.276169265033408,16.8,,,,,,,,,,,,,,,,,,,,,,
MIZORAM,saiha,31.9,,,,8.363636363636363,,,,,,,,2.181818181818182,,,,,,,43.54178842781999,,,,,,,,,3.636363636363636,,,,,,,,,,,,,,79.63636363636364,,44.0,5.913140311804009,11.8,,,,,,,,,,,,,,,,,,,,,,
MIZORAM,saitual,25.9,,,,1.951219512195122,,,,,,,,0.4878048780487805,,,,,,,47.64991896272285,,,,,,,,,5.853658536585367,,,,,,,,,,,,,,69.26829268292683,,70.24390243902438,6.21380846325167,7.133333333333333,,,,,,,,,,,,,,,,,,,,,,
MIZORAM,serchhip,22.0,,,,2.145922746781116,,,,,,,,0.4291845493562232,,,,,,,50.13297872340425,,,,,,,,,8.15450643776824,,,,,,,,,,,,,,63.94849785407726,,74.67811158798283,5.590200445434299,7.2,,,,,,,,,,,,,,,,,,,,,,
MEGHALAYA,east garo hills,19.5,,,,,,,,,,,,,,,,,,,,,,,,,74.09470752089136,,,,,,,4.3175487465181055,38.99721448467967,,,,,,,,,,,,2.918979604565584,,4.03899721448468,67.0,,,,,,,,,,,,,,,,,,,,
MEGHALAYA,east jaintia hills,35.1,,,,,,,,,,,,,,,,,,,,,,,,,16.258992805755394,,,,,,,6.043165467625899,12.086330935251798,,,,,,,,,,,,2.5572257219484813,,0.2877697841726618,74.6,,,,,,,,,,,,,,,,,,,,
MEGHALAYA,east khasi hills,9.1,,,,,,,,,,,,,,,,,,,,,,,,,76.22036262203626,,,,,,,20.39748953974896,52.02231520223152,,,,,,,,,,,,23.01503149753633,,4.149232914923291,90.0,,,,,,,,,,,,,,,,,,,,
MEGHALAYA,eastern west khasi hills,24.4,,,,,,,,,,,,,,,,,,,,,,,,,71.89952904238619,,,,,,,8.006279434850864,20.25117739403453,,,,,,,,,,,,3.4865589721200028,,1.4128728414442702,83.35,,,,,,,,,,,,,,,,,,,,
MEGHALAYA,north garo hills,33.5,,,,,,,,,,,,,,,,,,,,,,,,,30.778032036613272,,,,,,,5.148741418764303,15.903890160183066,,,,,,,,,,,,6.355641489428054,,2.402745995423341,51.5,,,,,,,,,,,,,,,,,,,,
MEGHALAYA,ri bhoi,17.8,,,,,,,,,,,,,,,,,,,,,,,,,66.39806607574536,,,,,,,9.75020145044319,24.81869460112812,,,,,,,,,,,,8.887918667747769,,2.9814665592264302,86.2,,,,,,,,,,,,,,,,,,,,
MEGHALAYA,south garo hills,22.1,,,,,,,,,,,,,,,,,,,,,,,,,31.865042174320525,,,,,,,4.967197750702906,11.62136832239925,,,,,,,,,,,,6.274558722634565,,0.2811621368322399,60.4,,,,,,,,,,,,,,,,,,,,
MEGHALAYA,south west garo hills,20.2,,,,,,,,,,,,,,,,,,,,,,,,,20.97812097812098,,,,,,,3.861003861003861,14.543114543114545,,,,,,,,,,,,3.891972806087444,,1.9305019305019304,58.6,,,,,,,,,,,,,,,,,,,,
MEGHALAYA,south west khasi hills,19.0,,,,,,,,,,,,,,,,,,,,,,,,,48.92933618843683,,,,,,,5.567451820128479,20.021413276231264,,,,,,,,,,,,8.382710659265264,,1.4989293361884368,85.3,,,,,,,,,,,,,,,,,,,,
MEGHALAYA,west garo hills,17.9,,,,,,,,,,,,,,,,,,,,,,,,,26.39699749791493,,,,,,,6.088407005838199,24.228523769808174,,,,,,,,,,,,11.008544876192852,,1.834862385321101,83.7,,,,,,,,,,,,,,,,,,,,
MEGHALAYA,west jaintia hills,16.5,,,,,,,,,,,,,,,,,,,,,,,,,38.14935064935065,,,,,,,8.847402597402597,19.318181818181817,,,,,,,,,,,,16.659390008108275,,2.1103896103896105,70.6,,,,,,,,,,,,,,,,,,,,
MEGHALAYA,west khasi hills,17.5,,,,,,,,,,,,,,,,,,,,,,,,,53.141361256544506,,,,,,,5.235602094240837,12.827225130890051,,,,,,,,,,,,6.561466974365371,,0.6980802792321117,80.5,,,,,,,,,,,,,,,,,,,,
TELANGANA,adilabad,20.2,,91.83911396094432,,36.27717391304348,,7.676630434782608,,,6.114130434782608,,,4.415760869565218,,,,,41.0,,45.74871378283238,,,61.41304347826087,,,,,,13.043478260869565,,,,,,,,,,,,,,,,,,,,,,,,,,,,,,,,,,,,,,,,
TELANGANA,bhadradri kothagudem,16.7,,93.30068560235064,,53.42058298631767,,10.23200475907198,,,4.878048780487805,,,2.1415823914336705,,,,,41.8,,54.48024948024948,,,67.87626412849494,,,,,,15.823914336704345,,,,,,,,,,,,,,,,,,,,,,,,,,,,,,,,,,,,,,,,
TELANGANA,hanumakonda,0.0,,98.08917197452227,,70.37037037037037,,24.126984126984127,,,9.523809523809524,,,4.338624338624339,,,,,57.2,,59.0552871712292,,,73.12169312169313,,,,,,31.957671957671955,,,,,,,,,,,,,,,,,,,,,,,,,,,,,,,,,,,,,,,,
TELANGANA,hyderabad,15.5,,99.10708898944192,,92.7695693178246,,30.08487896887771,,,13.01477522791575,,,3.803835271927067,,,,,63.2,,83.0595891623871,,,94.9386985224772,,,,,,41.65356806035837,,,,,,,,,,,,,,,,,,,,,,,,,,,,,,,,,,,,,,,,
TELANGANA,jagtial,20.3,,95.74538258575198,,58.85911840968021,,7.6923076923076925,,,5.617977528089887,,,3.543647363872083,,,,,43.5,,54.09797456429581,,,76.14520311149523,,,,,,30.077787381158167,,,,,,,,,,,,,,,,,,,,,,,,,,,,,,,,,,,,,,,,
TELANGANA,jangaon,24.0,,96.37305699481864,,58.59969558599696,,11.87214611872146,,,4.41400304414003,,,3.1963470319634704,,,,,44.0,,54.54545454545454,,,71.84170471841705,,,,,,26.331811263318112,,,,,,,,,,,,,,,,,,,,,,,,,,,,,,,,,,,,,,,,
TELANGANA,jayashankar bhupalapally,30.1,,91.77865612648222,,43.40659340659341,,7.875457875457875,,,5.311355311355311,,,4.945054945054945,,,,,36.3,,47.92957287251386,,,61.90476190476191,,,,,,26.923076923076923,,,,,,,,,,,,,,,,,,,,,,,,,,,,,,,,,,,,,,,,
TELANGANA,jogulamba gadwal,27.1,,94.3528235882059,,52.63975155279503,,13.509316770186336,,,2.329192546583851,,,3.571428571428571,,,,,27.4,,51.10508757297748,,,51.86335403726709,,,,,,29.96894409937888,,,,,,,,,,,,,,,,,,,,,,,,,,,,,,,,,,,,,,,,
TELANGANA,kamareddy,18.6,,97.57645701096364,,38.63460046547712,,5.197827773467805,,,5.508145849495733,,,4.034134988363072,,,,,35.6,,51.35811293781273,,,64.62373933281613,,,,,,25.678820791311097,,,,,,,,,,,,,,,,,,,,,,,,,,,,,,,,,,,,,,,,
TELANGANA,karimnagar,0.0,,98.06969165204312,,67.82363977485929,,15.853658536585366,,,6.285178236397748,,,7.317073170731707,,,,,50.8,,59.3445343289774,,,75.60975609756098,,,,,,33.67729831144465,,,,,,,,,,,,,,,,,,,,,,,,,,,,,,,,,,,,,,,,
TELANGANA,khammam,3.0,,97.06630490079702,,69.57561267184698,,12.014345487148836,,,5.200239091452481,,,3.2277346084877463,,,,,40.9,,53.1653038860322,,,67.36401673640168,,,,,,27.913927077107,,,,,,,,,,,,,,,,,,,,,,,,,,,,,,,,,,,,,,,,
TELANGANA,kumuram bheem asifabad,19.7,,89.87341772151899,,29.71473851030111,,7.052297939778129,,,3.724247226624406,,,3.169572107765452,,,,,28.7,,49.48165869218501,,,61.17274167987322,,,,,,11.410459587955629,,,,,,,,,,,,,,,,,,,,,,,,,,,,,,,,,,,,,,,,
TELANGANA,mahabubabad,29.5,,92.50080463469584,,42.54966887417218,,7.450331125827815,,,4.718543046357616,,,4.304635761589404,,,,,34.7,,44.220128607746375,,,62.251655629139066,,,,,,16.887417218543046,,,,,,,,,,,,,,,,,,,,,,,,,,,,,,,,,,,,,,,,
TELANGANA,mahabubnagar,15.1,,95.00577367205544,,56.00981193785772,,9.730171708912511,,,5.396565821749796,,,4.578904333605887,,,,,40.4,,61.868573983012965,,,64.51349141455437,,,,,,23.30335241210139,,,,,,,,,,,,,,,,,,,,,,,,,,,,,,,,,,,,,,,,
TELANGANA,mancherial,22.0,,96.4660936007641,,60.14828544949027,,13.623725671918445,,,5.282669138090825,,,4.077849860982391,,,,,48.8,,58.85348465008002,,,70.6209453197405,,,,,,21.50139017608897,,,,,,,,,,,,,,,,,,,,,,,,,,,,,,,,,,,,,,,,
TELANGANA,medak,21.6,,94.82701812191104,,41.28440366972477,,5.504587155963304,,,7.064220183486239,,,4.403669724770642,,,,,39.3,,52.41147252042941,,,59.816513761467895,,,,,,25.504587155963304,,,,,,,,,,,,,,,,,,,,,,,,,,,,,,,,,,,,,,,,
TELANGANA,medchal malkajgiri,8.1,,98.15507676428848,,91.0403397027601,,40.67940552016985,,,11.337579617834397,,,9.214437367303608,,,,,59.3,,82.65706468432192,,,90.19108280254775,,,,,,45.30785562632696,,,,,,,,,,,,,,,,,,,,,,,,,,,,,,,,,,,,,,,,
TELANGANA,mulugu,23.2,,92.4929178470255,,56.305506216696266,,5.506216696269982,,,4.262877442273535,,,3.5523978685612785,,,,,36.3,,46.78729689807976,,,65.36412078152753,,,,,,15.985790408525755,,,,,,,,,,,,,,,,,,,,,,,,,,,,,,,,,,,,,,,,
TELANGANA,nagarkurnool,21.5,,92.2880815806246,,49.60352422907489,,7.224669603524229,,,4.757709251101322,,,3.259911894273128,,,,,36.0,,52.10766163486187,,,46.96035242290749,,,,,,23.34801762114537,,,,,,,,,,,,,,,,,,,,,,,,,,,,,,,,,,,,,,,,
TELANGANA,nalgonda,22.1,,96.83823529411764,,60.84860173577628,,10.366441658630665,,,4.435872709739633,,,2.700096432015429,,,,,40.9,,53.92192630426852,,,67.30954676952749,,,,,,23.625843780135007,,,,,,,,,,,,,,,,,,,,,,,,,,,,,,,,,,,,,,,,
TELANGANA,narayanpet,0.0,,95.96462133775566,,55.7037037037037,,10.814814814814817,,,7.851851851851851,,,3.4074074074074074,,,,,37.025000000000006,,54.01311327153516,,,62.81481481481481,,,,,,28.000000000000004,,,,,,,,,,,,,,,,,,,,,,,,,,,,,,,,,,,,,,,,
TELANGANA,nirmal,18.6,,96.5220271613117,,40.352504638218925,,10.20408163265306,,,7.235621521335807,,,2.3191094619666046,,,,,40.9,,53.49165959852983,,,73.37662337662337,,,,,,25.04638218923933,,,,,,,,,,,,,,,,,,,,,,,,,,,,,,,,,,,,,,,,
TELANGANA,nizamabad,15.0,,97.04898967873238,,58.68852459016394,,13.934426229508196,,,6.120218579234972,,,3.4972677595628414,,,,,42.4,,63.6710909679508,,,66.66666666666666,,,,,,33.33333333333333,,,,,,,,,,,,,,,,,,,,,,,,,,,,,,,,,,,,,,,,
TELANGANA,peddapalli,21.8,,97.58745476477684,,59.2020592020592,,9.90990990990991,,,4.375804375804376,,,6.82110682110682,,,,,46.6,,58.83086793797897,,,76.83397683397683,,,,,,28.056628056628057,,,,,,,,,,,,,,,,,,,,,,,,,,,,,,,,,,,,,,,,
TELANGANA,rajanna siricilla,22.5,,97.05364995602464,,65.72700296735906,,5.934718100890208,,,5.192878338278932,,,3.115727002967359,,,,,46.4,,54.19310970081595,,,74.33234421364985,,,,,,26.11275964391692,,,,,,,,,,,,,,,,,,,,,,,,,,,,,,,,,,,,,,,,
TELANGANA,rangareddy,2.7,,97.88240724712942,,77.4002493765586,,27.52493765586035,,,9.102244389027431,,,8.790523690773068,,,,,51.4,,75.94199366317329,,,77.1508728179551,,,,,,39.74438902743142,,,,,,,,,,,,,,,,,,,,,,,,,,,,,,,,,,,,,,,,
TELANGANA,sangareddy,18.9,,96.16155387698474,,52.87958115183245,,12.722513089005236,,,7.696335078534032,,,5.026178010471204,,,,,41.5,,68.89905458981397,,,62.35602094240838,,,,,,28.429319371727747,,,,,,,,,,,,,,,,,,,,,,,,,,,,,,,,,,,,,,,,
TELANGANA,siddipet,16.3,,96.40841457157516,,63.42943854324734,,6.828528072837632,,,7.890743550834597,,,4.24886191198786,,,,,51.3,,53.081471089287504,,,69.49924127465857,,,,,,34.37025796661609,,,,,,,,,,,,,,,,,,,,,,,,,,,,,,,,,,,,,,,,
TELANGANA,suryapet,24.0,,96.45131938125569,,67.10424710424711,,12.509652509652511,,,4.555984555984556,,,3.011583011583012,,,,,42.5,,47.55864049784586,,,60.61776061776062,,,,,,20.84942084942085,,,,,,,,,,,,,,,,,,,,,,,,,,,,,,,,,,,,,,,,
TELANGANA,vikarabad,29.4,,95.43909348441927,,41.24542124542124,,7.985347985347984,,,4.542124542124542,,,4.102564102564102,,,,,38.3,,53.79445191250153,,,52.087912087912095,,,,,,19.85347985347985,,,,,,,,,,,,,,,,,,,,,,,,,,,,,,,,,,,,,,,,
TELANGANA,wanaparthy,8.3,,94.75638051044083,,57.40987983978639,,12.016021361815756,,,4.272363150867824,,,2.0026702269692924,,,,,37.0,,53.125,,,68.62483311081442,,,,,,23.36448598130841,,,,,,,,,,,,,,,,,,,,,,,,,,,,,,,,,,,,,,,,
TELANGANA,warangal,23.8,,95.7658779576588,,55.97667638483965,,17.006802721088434,,,6.025267249757046,,,3.7900874635568513,,,,,40.0,,55.41554959785523,,,68.80466472303208,,,,,,27.988338192419825,,,,,,,,,,,,,,,,,,,,,,,,,,,,,,,,,,,,,,,,
TELANGANA,yadadri bhuvanagiri,25.2,,95.39857420609202,,58.24524312896406,,9.513742071881609,,,3.06553911205074,,,4.439746300211417,,,,,48.0,,59.08313908313908,,,69.02748414376322,,,,,,32.241014799154335,,,,,,,,,,,,,,,,,,,,,,,,,,,,,,,,,,,,,,,,
DADRA & NAGAR HAVELI AND DAMAN & DIU,dadra and nagar haveli(dist),13.1,,,,,33.52769679300292,,,,,,,,,,,,,,,,,,,,,,,,,,,,,,,,47.8134110787172,,,,,,,,,,,,,,,,,,,,,,,,,,,,,,,
DADRA & NAGAR HAVELI AND DAMAN & DIU,daman (dist),11.6,,,,,53.84615384615385,,,,,,,,,,,,,,,,,,,,,,,,,,,,,,,,70.76923076923077,,,,,,,,,,,,,,,,,,,,,,,,,,,,,,,
DADRA & NAGAR HAVELI AND DAMAN & DIU,diu (dist),10.3,,,,,72.0,,,,,,,,,,,,,,,,,,,,,,,,,,,,,,,,88.0,,,,,,,,,,,,,,,,,,,,,,,,,,,,,,,
MADHYA PRADESH,agar malwa,20.2,,,,,,,,,,,,,,,,5.958549222797927,19.3,23.45658633212281,,,,,,,23.1433506044905,94.04145077720209,,6.563039723661486,,,,7.858376511226252,,,,,,72.3,,,,,,,,,,,2.417962003454232,,,,,,,,,,,,,,,,,,,
MADHYA PRADESH,alirajpur,14.9,,,,,,,,,,,,,,,,3.069977426636569,17.3,15.33254855797528,,,,,,,11.376975169300223,97.47178329571106,,3.0248306997742667,,,,3.611738148984198,,,,,,84.7,,,,,,,,,,,1.3544018058690743,,,,,,,,,,,,,,,,,,,
MADHYA PRADESH,anuppur,15.3,,,,,,,,,,,,,,,,5.988857938718663,28.6,17.52988047808765,,,,,,,23.46796657381616,98.60724233983288,,5.988857938718663,,,,9.192200557103064,,,,,,69.4,,,,,,,,,,,5.083565459610028,,,,,,,,,,,,,,,,,,,
MADHYA PRADESH,ashoknagar,18.8,,,,,,,,,,,,,,,,7.764558547276143,17.6,23.208685162846805,,,,,,,17.28240450845335,98.81026925485284,,8.140262993112085,,,,10.269254852849093,,,,,,53.7,,,,,,,,,,,1.878522229179712,,,,,,,,,,,,,,,,,,,
MADHYA PRADESH,balaghat,12.2,,,,,,,,,,,,,,,,8.422555317630264,39.2,15.611034975868437,,,,,,,28.12276945039257,99.57173447537473,,6.638115631691649,,,,9.064953604568164,,,,,,79.6,,,,,,,,,,,6.388294075660244,,,,,,,,,,,,,,,,,,,
MADHYA PRADESH,barwani,17.8,,,,,,,,,,,,,,,,5.417227456258412,19.3,21.374726432682177,,,,,,,26.61507402422611,98.78869448183042,,4.374158815612382,,,,6.42664872139973,,,,,,61.0,,,,,,,,,,,1.1440107671601614,,,,,,,,,,,,,,,,,,,
MADHYA PRADESH,betul,17.0,,,,,,,,,,,,,,,,7.95539033457249,38.7,21.130091984231274,,,,,,,36.28252788104089,98.55018587360594,,9.702602230483272,,,,10.66914498141264,,,,,,59.8,,,,,,,,,,,3.7546468401486974,,,,,,,,,,,,,,,,,,,
MADHYA PRADESH,bhind,17.2,,,,,,,,,,,,,,,,9.690230341540904,28.9,21.08621457189494,,,,,,,29.07069102462272,99.3645750595711,,6.235107227958697,,,,13.74106433677522,,,,,,79.9,,,,,,,,,,,2.7402700555996824,,,,,,,,,,,,,,,,,,,
MADHYA PRADESH,bhopal,8.3,,,,,,,,,,,,,,,,30.81292154774583,47.4,43.83668178872326,,,,,,,68.83209087681931,97.7280795172169,,20.48278310259141,,,,29.39297124600639,,,,,,79.6,,,,,,,,,,,12.921547745828896,,,,,,,,,,,,,,,,,,,
MADHYA PRADESH,burhanpur,17.2,,,,,,,,,,,,,,,,11.67883211678832,26.3,26.924955233599217,,,,,,,71.65450121654501,98.54014598540148,,13.381995133819952,,,,13.86861313868613,,,,,,74.0,,,,,,,,,,,3.771289537712896,,,,,,,,,,,,,,,,,,,
MADHYA PRADESH,chhatarpur,17.3,,,,,,,,,,,,,,,,8.169934640522875,24.7,19.0060106856634,,,,,,,23.169934640522875,99.50980392156865,,7.61437908496732,,,,9.640522875816997,,,,,,55.5,,,,,,,,,,,1.9281045751633987,,,,,,,,,,,,,,,,,,,
MADHYA PRADESH,chhindwara,30.3,,,,,,,,,,,,,,,,9.125840537944285,40.2,21.725386516466465,,,,,,,46.97406340057637,99.64777457572846,,12.680115273775217,,,,9.5741274415626,,,,,,77.1,,,,,,,,,,,2.7217419148254884,,,,,,,,,,,,,,,,,,,
MADHYA PRADESH,damoh,19.2,,,,,,,,,,,,,,,,9.287054409005629,24.8,20.36894696387394,,,,,,,26.876172607879923,99.48405253283302,,7.879924953095685,,,,7.973733583489681,,,,,,40.6,,,,,,,,,,,2.1575984990619137,,,,,,,,,,,,,,,,,,,
MADHYA PRADESH,datia,14.9,,,,,,,,,,,,,,,,7.470414201183432,27.8,16.543108182317408,,,,,,,31.06508875739645,99.55621301775147,,8.284023668639055,,,,9.615384615384617,,,,,,66.8,,,,,,,,,,,1.4053254437869822,,,,,,,,,,,,,,,,,,,
MADHYA PRADESH,dewas,15.6,,,,,,,,,,,,,,,,15.974320241691842,27.7,27.221625718436176,,,,,,,28.77643504531722,99.69788519637464,,16.012084592145015,,,,15.40785498489426,,,,,,69.6,,,,,,,,,,,4.191842900302115,,,,,,,,,,,,,,,,,,,
MADHYA PRADESH,dhar,19.1,,,,,,,,,,,,,,,,9.90566037735849,23.8,22.644255598854407,,,,,,,26.367924528301888,98.65566037735849,,10.047169811320757,,,,10.54245283018868,,,,,,61.9,,,,,,,,,,,1.910377358490566,,,,,,,,,,,,,,,,,,,
MADHYA PRADESH,dindori,17.6,,,,,,,,,,,,,,,,2.30722525804493,25.8,20.88113050706567,,,,,,,27.44383727990285,97.51062537947784,,5.5251973284760165,,,,6.557377049180328,,,,,,47.9,,,,,,,,,,,1.275045537340619,,,,,,,,,,,,,,,,,,,
MADHYA PRADESH,guna,17.5,,,,,,,,,,,,,,,,6.171335769386927,17.7,22.537039865587293,,,,,,,24.4417377182298,98.25416159155502,,6.414941128704832,,,,5.440519691433211,,,,,,55.6,,,,,,,,,,,3.938286642306131,,,,,,,,,,,,,,,,,,,
MADHYA PRADESH,gwalior,9.2,,,,,,,,,,,,,,,,23.222912353347137,37.9,31.109331535024864,,,,,,,53.8647342995169,99.06832298136646,,19.63423050379572,,,,24.43064182194617,,,,,,83.2,,,,,,,,,,,7.556935817805383,,,,,,,,,,,,,,,,,,,
MADHYA PRADESH,harda,22.2,,,,,,,,,,,,,,,,8.51528384279476,30.8,28.137092316196792,,,,,,,27.62008733624454,98.36244541484716,,10.37117903930131,,,,12.445414847161572,,,,,,68.8,,,,,,,,,,,1.4192139737991267,,,,,,,,,,,,,,,,,,,
MADHYA PRADESH,hoshangabad,14.7,,,,,,,,,,,,,,,,12.117903930131003,35.5,29.29333764553687,,,,,,,25.163755458515286,98.96288209606988,,11.18995633187773,,,,17.139737991266376,,,,,,68.5,,,,,,,,,,,3.2751091703056767,,,,,,,,,,,,,,,,,,,
MADHYA PRADESH,indore,5.5,,,,,,,,,,,,,,,,43.751987281399046,47.7,48.059039331115095,,,,,,,54.59459459459459,98.53736089030208,,26.26391096979333,,,,31.28775834658188,,,,,,90.0,,,,,,,,,,,11.573926868044516,,,,,,,,,,,,,,,,,,,
MADHYA PRADESH,jabalpur,16.0,,,,,,,,,,,,,,,,16.425992779783392,30.4,32.306277305127615,,,,,,,43.898916967509024,99.63898916967509,,12.093862815884476,,,,18.700361010830324,,,,,,61.9,,,,,,,,,,,2.0938628158844765,,,,,,,,,,,,,,,,,,,
MADHYA PRADESH,jhabua,17.5,,,,,,,,,,,,,,,,4.043351396415173,16.0,19.39863234111022,,,,,,,14.92288453522301,99.37473947478117,,5.5439766569403925,,,,5.835764902042518,,,,,,57.6,,,,,,,,,,,3.251354731137974,,,,,,,,,,,,,,,,,,,
MADHYA PRADESH,katni,17.8,,,,,,,,,,,,,,,,7.197549770290965,32.5,20.85683099872658,,,,,,,27.973455844818783,99.03011740684022,,7.197549770290965,,,,10.413476263399694,,,,,,53.5,,,,,,,,,,,4.44104134762634,,,,,,,,,,,,,,,,,,,
MADHYA PRADESH,khandwa,21.4,,,,,,,,,,,,,,,,9.659090909090908,27.9,22.68331612055206,,,,,,,43.75,99.9431818181818,,9.545454545454549,,,,10.454545454545451,,,,,,76.7,,,,,,,,,,,0.3977272727272727,,,,,,,,,,,,,,,,,,,
MADHYA PRADESH,khargone,19.4,,,,,,,,,,,,,,,,8.606201101130107,27.2,22.35210575189818,,,,,,,38.713416401043176,97.50796870472328,,9.069834830483918,,,,8.751086641553172,,,,,,73.8,,,,,,,,,,,4.491451753115038,,,,,,,,,,,,,,,,,,,
MADHYA PRADESH,maihar,0.0,,,,,,,,,,,,,,,,5.420267085624509,27.9,16.066874468688013,,,,,,,15.63236449332286,99.7643362136685,,5.577376276512176,,,,7.698350353495679,,,,,,51.22857142857142,,,,,,,,,,,8.326787117046347,,,,,,,,,,,,,,,,,,,
MADHYA PRADESH,mandla,16.8,,,,,,,,,,,,,,,,3.621052631578947,30.5,17.05220810094176,,,,,,,30.021052631578947,99.2,,6.021052631578947,,,,7.536842105263158,,,,,,58.4,,,,,,,,,,,1.5157894736842104,,,,,,,,,,,,,,,,,,,
MADHYA PRADESH,mandsaur,15.7,,,,,,,,,,,,,,,,8.232662192393736,24.1,23.55304845066069,,,,,,,48.45637583892618,97.58389261744966,,9.619686800894854,,,,10.917225950782996,,,,,,65.4,,,,,,,,,,,1.74496644295302,,,,,,,,,,,,,,,,,,,
MADHYA PRADESH,mauganj,0.0,,,,,,,,,,,,,,,,4.363001745200698,34.3,13.874692409615747,,,,,,,14.397905759162304,99.47643979057592,,5.49738219895288,,,,7.417102966841186,,,,,,55.04,,,,,,,,,,,0.7853403141361256,,,,,,,,,,,,,,,,,,,
MADHYA PRADESH,morena,17.7,,,,,,,,,,,,,,,,5.698005698005698,25.6,12.694624389135129,,,,,,,24.216524216524217,96.77113010446344,,7.21747388414055,,,,9.71826527382083,,,,,,62.7,,,,,,,,,,,3.3871478315922765,,,,,,,,,,,,,,,,,,,
MADHYA PRADESH,narsimhapur,12.5,,,,,,,,,,,,,,,,7.948860478043357,31.4,24.62090623598026,,,,,,,27.84880489160645,99.66648137854364,,11.895497498610338,,,,10.95052807115064,,,,,,77.0,,,,,,,,,,,3.3907726514730405,,,,,,,,,,,,,,,,,,,
MADHYA PRADESH,neemuch,18.7,,,,,,,,,,,,,,,,13.553113553113551,27.9,24.550238648880185,,,,,,,53.11355311355312,99.70695970695972,,16.556776556776555,,,,12.527472527472527,,,,,,68.9,,,,,,,,,,,1.7582417582417582,,,,,,,,,,,,,,,,,,,
MADHYA PRADESH,niwari,18.6,,,,,,,,,,,,,,,,4.229607250755287,30.966666666666665,10.432569974554708,,,,,,,27.94561933534744,97.73413897280967,,4.984894259818732,,,,8.006042296072508,,,,,,64.66666666666667,,,,,,,,,,,2.719033232628399,,,,,,,,,,,,,,,,,,,
MADHYA PRADESH,pandhurna,0.0,,,,,,,,,,,,,,,,10.275229357798166,50.375,26.30040911747516,,,,,,,65.5045871559633,99.08256880733946,,12.293577981651376,,,,10.458715596330276,,,,,,75.375,,,,,,,,,,,1.2844036697247707,,,,,,,,,,,,,,,,,,,
MADHYA PRADESH,panna,15.6,,,,,,,,,,,,,,,,3.4218820351193155,24.0,16.68304887856313,,,,,,,20.17109410175597,99.63980189104008,,4.367402071139127,,,,7.384061233678524,,,,,,43.8,,,,,,,,,,,7.023863124718595,,,,,,,,,,,,,,,,,,,
MADHYA PRADESH,raisen,20.8,,,,,,,,,,,,,,,,7.300970873786408,34.6,26.411995715815777,,,,,,,28.03883495145631,98.40776699029124,,8.077669902912621,,,,9.669902912621358,,,,,,69.6,,,,,,,,,,,2.368932038834952,,,,,,,,,,,,,,,,,,,
MADHYA PRADESH,rajgarh,19.6,,,,,,,,,,,,,,,,7.917683990233694,21.3,27.635294117647057,,,,,,,29.99651203348448,99.7558423439135,,11.719567492152075,,,,12.277642134635508,,,,,,47.8,,,,,,,,,,,0.4883153121730031,,,,,,,,,,,,,,,,,,,
MADHYA PRADESH,ratlam,18.6,,,,,,,,,,,,,,,,6.952965235173824,23.8,24.66728346736887,,,,,,,31.61554192229039,97.91411042944786,,10.102249488752555,,,,11.28834355828221,,,,,,69.4,,,,,,,,,,,6.503067484662576,,,,,,,,,,,,,,,,,,,
MADHYA PRADESH,rewa,37.7,,,,,,,,,,,,,,,,7.9519636481661795,23.1,21.31752156150704,,,,,,,22.91463810451152,98.63680623174297,,7.59493670886076,,,,11.716975008114249,,,,,,46.1,,,,,,,,,,,2.012333657903278,,,,,,,,,,,,,,,,,,,
MADHYA PRADESH,sagar,19.1,,,,,,,,,,,,,,,,8.417308832246592,32.9,25.95736827535296,,,,,,,28.867812685240068,99.7628927089508,,7.9134558387670415,,,,11.558980438648488,,,,,,68.8,,,,,,,,,,,0.4445761707172495,,,,,,,,,,,,,,,,,,,
MADHYA PRADESH,satna,44.8,,,,,,,,,,,,,,,,11.952797868290826,31.5,17.469352014010507,,,,,,,25.77084126379901,99.771602588504,,7.23258469737343,,,,8.755234107346784,,,,,,55.4,,,,,,,,,,,0.8374571754853445,,,,,,,,,,,,,,,,,,,
MADHYA PRADESH,sehore,12.4,,,,,,,,,,,,,,,,10.859929078014185,28.2,22.24902828039137,,,,,,,30.71808510638298,99.42375886524822,,23.44858156028369,,,,12.76595744680851,,,,,,75.2,,,,,,,,,,,1.5957446808510638,,,,,,,,,,,,,,,,,,,
MADHYA PRADESH,seoni,20.3,,,,,,,,,,,,,,,,6.972543352601155,33.0,22.021915871332627,,,,,,,34.06791907514451,99.63872832369944,,11.307803468208093,,,,8.923410404624278,,,,,,56.2,,,,,,,,,,,1.914739884393064,,,,,,,,,,,,,,,,,,,
MADHYA PRADESH,shahdol,18.4,,,,,,,,,,,,,,,,5.909943714821764,30.7,18.11047089211206,,,,,,,18.24577861163227,98.03001876172608,,6.285178236397748,,,,9.380863039399625,,,,,,61.4,,,,,,,,,,,3.5178236397748592,,,,,,,,,,,,,,,,,,,
MADHYA PRADESH,shajapur,13.7,,,,,,,,,,,,,,,,15.84553928095872,19.6,27.12902588421261,,,,,,,29.69374167776298,99.20106524633822,,11.451398135818907,,,,16.844207723035954,,,,,,74.5,,,,,,,,,,,2.330226364846871,,,,,,,,,,,,,,,,,,,
MADHYA PRADESH,sheopur,24.1,,,,,,,,,,,,,,,,3.3717105263157894,15.9,11.986242476354256,,,,,,,15.707236842105262,94.32565789473684,,5.921052631578947,,,,6.990131578947369,,,,,,48.0,,,,,,,,,,,2.631578947368421,,,,,,,,,,,,,,,,,,,
MADHYA PRADESH,shivpuri,21.4,,,,,,,,,,,,,,,,2.8458976687859523,21.2,15.731675046308546,,,,,,,16.924008477141992,99.21283681501664,,5.389040266424463,,,,6.478958522555253,,,,,,55.5,,,,,,,,,,,1.544050862851953,,,,,,,,,,,,,,,,,,,
MADHYA PRADESH,sidhi,20.6,,,,,,,,,,,,,,,,2.734891927657697,27.1,22.862566438876232,,,,,,,13.542126157917952,98.54433171592412,,5.558006175562418,,,,13.189236876929863,,,,,,44.7,,,,,,,,,,,5.381561535068372,,,,,,,,,,,,,,,,,,,
MADHYA PRADESH,singrauli,18.7,,,,,,,,,,,,,,,,5.053974484789009,29.9,26.41541755888651,,,,,,,16.535819430814524,98.5279685966634,,11.13837095191364,,,,12.463199214916584,,,,,,52.6,,,,,,,,,,,2.060843964671246,,,,,,,,,,,,,,,,,,,
MADHYA PRADESH,tikamgarh,21.9,,,,,,,,,,,,,,,,5.808383233532934,25.8,18.633407952243896,,,,,,,12.574850299401197,98.62275449101796,,4.550898203592815,,,,6.766467065868263,,,,,,56.6,,,,,,,,,,,2.395209580838324,,,,,,,,,,,,,,,,,,,
MADHYA PRADESH,ujjain,22.5,,,,,,,,,,,,,,,,12.655906089508436,29.0,29.488997426605746,,,,,,,30.630961115187088,98.42259721203229,,10.381511371973588,,,,14.38004402054292,,,,,,72.8,,,,,,,,,,,4.512105649303008,,,,,,,,,,,,,,,,,,,
MADHYA PRADESH,umaria,24.7,,,,,,,,,,,,,,,,4.456824512534819,26.4,21.79205409974641,,,,,,,20.61281337047354,95.636025998143,,8.356545961002785,,,,11.142061281337048,,,,,,53.7,,,,,,,,,,,1.4856081708449396,,,,,,,,,,,,,,,,,,,
MADHYA PRADESH,vidisha,18.7,,,,,,,,,,,,,,,,4.741711642251349,30.040000000000003,21.763754045307444,,,,,,,21.472629144178875,96.95451040863531,,7.517347725520432,,,,13.801079414032383,,,,,,65.46000000000001,,,,,,,,,,,2.1588280647648417,,,,,,,,,,,,,,,,,,,
TRIPURA,dhalai,12.3,,,,,,,,,,,,,,3.1963470319634704,,10.730593607305936,13.9,,,,,,,,,,,,,,34.0,,,,,57.71749298409728,,,,,,,,,21.714618973561432,,,,,45.662100456621005,8.789954337899543,32.36584542693217,,,,,,,,,,,,,,,,
TRIPURA,gomati,12.1,,,,,,,,,,,,,,4.220779220779221,,14.935064935064934,22.8,,,,,,,,,,,,,,47.7,,,,,66.30456648561658,,,,,,,,,11.19751166407465,,,,,63.31168831168831,15.909090909090908,8.066149173135335,,,,,,,,,,,,,,,,
TRIPURA,khowai,14.8,,,,,,,,,,,,,,4.901960784313726,,11.96078431372549,18.9,,,,,,,,,,,,,,41.5,,,,,73.79550321199143,,,,,,,,,5.462674961119751,,,,,59.41176470588236,16.666666666666664,5.197435032062099,,,,,,,,,,,,,,,,
TRIPURA,north tripura,15.3,,,,,,,,,,,,,,5.2823315118397085,,22.76867030965392,23.7,,,,,,,,,,,,,,41.6,,,,,68.73780997492338,,,,,,,,,10.16070502851218,,,,,56.102003642987256,14.389799635701277,7.492406344920688,,,,,,,,,,,,,,,,
TRIPURA,sepahijala,15.3,,,,,,,,,,,,,,7.110438729198185,,10.59001512859304,21.7,,,,,,,,,,,,,,37.1,,,,,72.08446338628438,,,,,,,,,13.141524105754277,,,,,69.7428139183056,18.759455370650528,13.837327033412084,,,,,,,,,,,,,,,,
TRIPURA,south tripura,11.7,,,,,,,,,,,,,,5.381165919282512,,9.417040358744394,21.6,,,,,,,,,,,,,,29.4,,,,,74.64526634100955,,,,,,,,,13.990409538621046,,,,,73.69207772795217,19.13303437967115,11.036112048599392,,,,,,,,,,,,,,,,
TRIPURA,unakoti,14.9,,,,,,,,,,,,,,9.283819628647215,,20.95490716180372,18.7,,,,,,,,,,,,,,29.2,,,,,68.86274509803921,,,,,,,,,5.74779678589943,,,,,62.3342175066313,15.384615384615383,4.893688828889639,,,,,,,,,,,,,,,,
TRIPURA,west tripura,4.3,,,,,,,,,,,,,,27.153284671532845,,29.34306569343066,30.9,,,,,,,,,,,,,,65.2,,,,,79.16939890710383,,,,,,,,,18.58475894245723,,,,,72.11678832116787,21.605839416058394,17.1110361120486,,,,,,,,,,,,,,,,
MANIPUR,bishnupur,16.8,,,,,,,,,,,,,,39.47368421052632,,,,,52.8057087252676,,,34.53947368421053,,,,,,,,,,,,24.01315789473684,0.0,,,,,,,,30.26315789473684,81.57894736842105,,,,,,,,4.846335697399527,3.1527890056588523,,,,,,,,,,,,,,,
MANIPUR,chandel,24.8,,,,,,,,,,,,,,0.0,,,,,57.68025078369906,,,50.21834061135371,,,,,,,,,,,,12.22707423580786,0.4366812227074235,,,,,,,,12.22707423580786,68.12227074235808,,,,,,,,7.052797478329394,2.83436669619132,,,,,,,,,,,,,,,
MANIPUR,churachandpur,6.8,,,,,,,,,,,,,,0.0,,,,,58.36249125262422,,,44.60580912863071,,,,,,,,,,,,17.012448132780083,0.0,,,,,,,,18.46473029045644,59.75103734439834,,,,,,,,3.900709219858156,3.501516404742211,,,,,,,,,,,,,,,
MANIPUR,imphal east,11.4,,,,,,,,,,,,,,19.17808219178082,,,,,65.67816450756985,,,50.09784735812133,,,,,,,,,,,,33.659491193737765,0.0,,,,,,,,31.31115459882583,78.27788649706457,,,,,,,,10.874704491725767,3.905723905723905,,,,,,,,,,,,,,,
MANIPUR,imphal west,0.0,,,,,,,,,,,,,,43.35793357933579,,,,,65.47545443304068,,,47.97047970479705,,,,,,,,,,,,45.20295202952029,0.3690036900369003,,,,,,,,39.29889298892989,88.92988929889299,,,,,,,,19.8581560283688,5.958549222797927,,,,,,,,,,,,,,,
MANIPUR,jiribam,19.3,,,,,,,,,,,,,,14.545454545454543,,,,,50.64102564102564,,,17.272727272727273,,,,,,,,,,,,19.090909090909093,0.0,,,,,,,,10.0,63.63636363636363,,,,,,,,5.003940110323089,3.459637561779242,,,,,,,,,,,,,,,
MANIPUR,kakching,27.3,,,,,,,,,,,,,,27.485380116959064,,,,,46.50756693830035,,,40.35087719298245,,,,,,,,,,,,43.85964912280701,0.5847953216374269,,,,,,,,34.50292397660819,88.30409356725146,,,,,,,,4.846335697399527,3.805774278215223,,,,,,,,,,,,,,,
MANIPUR,kamjong,25.8,,,,,,,,,,,,,,0.0,,,,,48.31649831649832,,,8.024691358024691,,,,,,,,,,,,5.555555555555555,0.0,,,,,,,,11.11111111111111,91.9753086419753,,,,,,,,0.4728132387706856,3.49099099099099,,,,,,,,,,,,,,,
MANIPUR,kangpokpi,28.7,,,,,,,,,,,,,,0.0,,,,,55.36352800953516,,,32.50950570342205,,,,,,,,,,,,14.068441064638783,0.7604562737642585,,,,,,,,14.258555133079849,74.52471482889734,,,,,,,,2.0882584712371943,4.416306361951823,,,,,,,,,,,,,,,
MANIPUR,noney,30.7,,,,,,,,,,,,,,0.0,,,,,41.92037470725995,,,10.638297872340424,,,,,,,,,,,,9.929078014184398,0.0,,,,,,,,13.47517730496454,70.92198581560284,,,,,,,,3.585500394011033,1.969872537659328,,,,,,,,,,,,,,,
MANIPUR,pherzawl,49.9,,,,,,,,,,,,,,0.0,,,,,44.907407407407405,,,35.38461538461539,,,,,,,,,,,,4.615384615384616,1.5384615384615383,,,,,,,,14.615384615384617,26.923076923076923,,,,,,,,2.127659574468085,1.402524544179523,,,,,,,,,,,,,,,
MANIPUR,senapati,4.0,,,,,,,,,,,,,,0.0,,,,,54.79556744363775,,,52.84090909090909,,,,,,,,,,,,16.761363636363637,0.5681818181818182,,,,,,,,18.46590909090909,90.9090909090909,,,,,,,,7.5650118203309695,2.735690235690236,,,,,,,,,,,,,,,
MANIPUR,tamenglong,27.4,,,,,,,,,,,,,,0.0,,,,,50.52287581699346,,,30.25830258302583,,,,,,,,,,,,12.177121771217712,0.7380073800738007,,,,,,,,12.915129151291511,63.837638376383765,,,,,,,,8.55003940110323,3.0193236714975846,,,,,,,,,,,,,,,
MANIPUR,tengnoupal,10.2,,,,,,,,,,,,,,10.526315789473683,,,,,49.09090909090909,,,40.78947368421053,,,,,,,,,,,,19.07894736842105,0.0,,,,,,,,14.473684210526317,58.55263157894737,,,,,,,,0.1576044129235618,1.668520578420467,,,,,,,,,,,,,,,
MANIPUR,thoubal,11.4,,,,,,,,,,,,,,31.549295774647888,,,,,42.47404844290658,,,52.95774647887323,,,,,,,,,,,,32.95774647887324,0.0,,,,,,,,25.352112676056336,88.45070422535211,,,,,,,,16.07565011820331,4.48121337469838,,,,,,,,,,,,,,,
MANIPUR,ukhrul,22.0,,,,,,,,,,,,,,0.0,,,,,55.98205383848455,,,17.105263157894736,,,,,,,,,,,,31.57894736842105,0.4385964912280701,,,,,,,,28.50877192982456,30.701754385964914,,,,,,,,2.994483845547676,4.911906033101976,,,,,,,,,,,,,,,
HARYANA,ambala,4.3,,96.7910447761194,100.0,,,,,,,98.3224603914259,,,,,,,55.3,,,4.723156550142101,,59.08667287977632,,,,,0.65237651444548,,,,,,,,,,81.08108108108108,,,,,,,,,,,,,,,,,99.6,4.070746771476698,,,,,,,,,,,,,
HARYANA,bhiwani,5.6,,96.2212486308872,99.91452991452992,,,,,,,93.5897435897436,,,,,,,47.0,,,5.0626097132826215,,71.62393162393163,,,,,0.3418803418803419,,,,,,,,,,82.3076923076923,,,,,,,,,,,,,,,,,100.0,2.6537216828478964,,,,,,,,,,,,,
HARYANA,charkhi dadri,5.0,,96.9496021220159,99.03846153846156,,,,,,,95.57692307692308,,,,,,,54.5,,,5.988150131389756,,69.23076923076923,,,,,0.7692307692307693,,,,,,,,,,95.1923076923077,,,,,,,,,,,,,,,,,99.5,2.608155661353757,,,,,,,,,,,,,
HARYANA,faridabad,6.2,,98.19503960524608,100.0,,,,,,,98.97172236503856,,,,,,,55.6,,,4.366997462001312,,88.49614395886888,,,,,0.0642673521850899,,,,,,,,,,80.39845758354755,,,,,,,,,,,,,,,,,100.0,0.922373683780916,,,,,,,,,,,,,
HARYANA,fatehabad,6.6,,96.12129760225667,100.0,,,,,,,95.65217391304348,,,,,,,41.5,,,4.599503325195724,,68.3066361556064,,,,,0.3432494279176201,,,,,,,,,,86.04118993135012,,,,,,,,,,,,,,,,,99.8,3.534660260809883,,,,,,,,,,,,,
HARYANA,gurugram,5.2,,98.94572025052192,99.83471074380164,,,,,,,97.76859504132231,,,,,,,59.6,,,5.007484038732408,,82.72727272727273,,,,,0.3305785123966942,,,,,,,,,,88.7603305785124,,,,,,,,,,,,,,,,,99.4,1.75902552390111,,,,,,,,,,,,,
HARYANA,hisar,8.0,,95.2816790279312,100.0,,,,,,,97.7979274611399,,,,,,,43.9,,,4.871082718643534,,74.41709844559585,,,,,0.0,,,,,,,,,,87.43523316062176,,,,,,,,,,,,,,,,,99.7,2.8598779466315665,,,,,,,,,,,,,
HARYANA,jhajjar,6.1,,97.98964361864148,100.0,,,,,,,97.74011299435028,,,,,,,62.7,,,4.973614645109551,,69.03954802259888,,,,,1.807909604519774,,,,,,,,,,90.5084745762712,,,,,,,,,,,,,,,,,99.8,1.950831093858864,,,,,,,,,,,,,
HARYANA,jind,7.2,,96.9657337169762,100.0,,,,,,,89.90990990990991,,,,,,,45.3,,,4.623948690022388,,71.62162162162163,,,,,0.2702702702702703,,,,,,,,,,91.35135135135135,,,,,,,,,,,,,,,,,100.0,4.231004100148303,,,,,,,,,,,,,
HARYANA,kaithal,5.8,,94.86531986531986,100.0,,,,,,,95.39121114683816,,,,,,,45.9,,,4.719425850770393,,70.20364415862808,,,,,0.5359056806002144,,,,,,,,,,89.06752411575563,,,,,,,,,,,,,,,,,100.0,1.181945090739879,,,,,,,,,,,,,
HARYANA,karnal,6.6,,96.729068092985,99.84387197501952,,,,,,,99.14129586260734,,,,,,,46.8,,,4.600905115308407,,69.63309914129586,,,,,0.078064012490242,,,,,,,,,,80.64012490241998,,,,,,,,,,,,,,,,,99.2,0.8600369497356183,,,,,,,,,,,,,
HARYANA,kurukshetra,4.3,,96.36122177954849,100.0,,,,,,,96.48148148148148,,,,,,,48.4,,,5.090417132072565,,72.22222222222221,,,,,0.0,,,,,,,,,,85.92592592592592,,,,,,,,,,,,,,,,,99.6,2.6198808285254893,,,,,,,,,,,,,
HARYANA,mahendragarh,4.9,,96.3011456628478,99.79674796747967,,,,,,,96.7479674796748,,,,,,,52.4,,,5.480428314358508,,65.34552845528455,,,,,0.3048780487804878,,,,,,,,,,89.53252032520325,,,,,,,,,,,,,,,,,99.6,2.015604681404421,,,,,,,,,,,,,
HARYANA,nuh,19.7,,93.60861759425494,100.0,,,,,,,54.19240953221536,,,,,,,13.9,,,2.484216918035129,,41.04148278905561,,,,,1.9417475728155336,,,,,,,,,,83.40688437775816,,,,,,,,,,,,,,,,,98.6,4.577042894799904,,,,,,,,,,,,,
HARYANA,palwal,9.7,,96.62737393582186,99.28952042628777,,,,,,,86.32326820603907,,,,,,,39.4,,,4.086931956704294,,64.12078152753108,,,,,0.4440497335701598,,,,,,,,,,92.27353463587922,,,,,,,,,,,,,,,,,98.9,3.370892907868573,,,,,,,,,,,,,
HARYANA,panchkula,15.9,,95.85215605749488,94.92119089316988,,,,,,,97.19789842381786,,,,,,,60.3,,,4.563877970158998,,51.66374781085814,,,,,0.8756567425569177,,,,,,,,,,74.25569176882661,,,,,,,,,,,,,,,,,99.5,0.6556399940396365,,,,,,,,,,,,,
HARYANA,panipat,5.3,,97.39493733103956,100.0,,,,,,,95.11434511434511,,,,,,,52.1,,,4.149161253864085,,80.45738045738045,,,,,0.4158004158004158,,,,,,,,,,92.3076923076923,,,,,,,,,,,,,,,,,99.6,0.5512768544791244,,,,,,,,,,,,,
HARYANA,rewari,2.0,,96.29300118623962,99.78947368421052,,,,,,,97.89473684210527,,,,,,,58.7,,,4.966511357018055,,66.63157894736842,,,,,0.0,,,,,,,,,,92.94736842105264,,,,,,,,,,,,,,,,,100.0,2.0228671943711523,,,,,,,,,,,,,
HARYANA,rohtak,6.8,,98.56887298747765,100.0,,,,,,,97.38154613466334,,,,,,,55.9,,,5.118901220135526,,77.80548628428927,,,,,1.99501246882793,,,,,,,,,,87.90523690773068,,,,,,,,,,,,,,,,,99.7,1.3445378151260503,,,,,,,,,,,,,
HARYANA,sirsa,8.4,,94.82936918304034,99.57118353344768,,,,,,,97.94168096054888,,,,,,,44.7,,,4.525781330952742,,65.00857632933105,,,,,0.2572898799313894,,,,,,,,,,87.6500857632933,,,,,,,,,,,,,,,,,99.9,4.04191616766467,,,,,,,,,,,,,
HARYANA,sonipat,6.3,,98.1845977450793,99.92266047950504,,,,,,,96.21036349574634,,,,,,,56.8,,,4.913202088181647,,70.45630317092034,,,,,0.1546790409899458,,,,,,,,,,86.6202629543697,,,,,,,,,,,,,,,,,99.3,1.5105933559495617,,,,,,,,,,,,,
HARYANA,yamunanagar,6.5,,94.7770386794777,99.9213217938631,,,,,,,95.5153422501967,,,,,,,51.2,,,3.8642280942420526,,60.188827694728566,,,,,1.4948859166011017,,,,,,,,,,90.79464988198268,,,,,,,,,,,,,,,,,99.8,1.5007244876837094,,,,,,,,,,,,,
HIMACHAL PRADESH,bilaspur (h.p.),4.3,,96.47651006711408,,,,,,,,,,,,4.850361197110424,,,,,,,,,,,97.7296181630547,,,,,,,,,,,79.16034395548812,,80.8,,1.6511867905056758,,83.07533539731682,25.696594427244584,,,,,,,,,7.184343434343435,,,,21.15583075335397,,,,,,,,,,,,
HIMACHAL PRADESH,chamba,9.4,,96.58273381294964,,,,,,,,,,,,2.527472527472528,,,,,,,,,,,99.56043956043956,,,,,,,,,,,67.3412598026815,,86.5,,1.3186813186813189,,83.68131868131869,16.923076923076923,,,,,,,,,17.891414141414142,,,,3.901098901098901,,,,,,,,,,,,
HIMACHAL PRADESH,hamirpur (h.p.),1.8,,98.16559246405554,,,,,,,,,,,,5.487122060470324,,,,,,,,,,,99.32810750279955,,,,,,,,,,,78.3625730994152,,85.5,,1.3437849944008955,,78.72340425531915,33.03471444568869,,,,,,,,,6.4520202020202015,,,,21.948488241881297,,,,,,,,,,,,
HIMACHAL PRADESH,kangra,3.2,,98.22105089771044,,,,,,,,,,,,7.392336385215327,,,,,,,,,,,97.2533062054934,,,,,,,,,,,73.3802956642524,,73.3,,0.8816547982366905,,78.97592404204815,30.790098338419803,,,,,,,,,13.068181818181818,,,,19.057307561885384,,,,,,,,,,,,
HIMACHAL PRADESH,kinnaur,14.9,,98.54721549636804,,,,,,,,,,,,0.0,,,,,,,,,,,99.6153846153846,,,,,,,,,,,67.12049012933969,,80.1,,1.9230769230769231,,86.15384615384616,25.769230769230766,,,,,,,,,2.803030303030303,,,,3.076923076923077,,,,,,,,,,,,
HIMACHAL PRADESH,kullu,8.9,,96.26865671641792,,,,,,,,,,,,4.264214046822742,,,,,,,,,,,99.24749163879598,,,,,,,,,,,75.3149417955669,,81.2,,0.7525083612040134,,80.35117056856187,22.65886287625418,,,,,,,,,4.835858585858586,,,,5.852842809364549,,,,,,,,,,,,
HIMACHAL PRADESH,lahul & spiti,18.4,,95.32374100719424,,,,,,,,,,,,0.0,,,,,,,,,,,80.95238095238095,,,,,,,,,,,67.15789473684211,,61.7,,1.7316017316017316,,96.1038961038961,19.480519480519483,,,,,,,,,0.8712121212121213,,,,10.822510822510822,,,,,,,,,,,,
HIMACHAL PRADESH,mandi,5.3,,95.56219330061872,,,,,,,,,,,,4.8636698599852615,,,,,,,,,,,99.3367722918202,,,,,,,,,,,75.45080880403076,,87.0,,0.7000736919675755,,82.16654384672071,25.018422991893885,,,,,,,,,5.707070707070707,,,,8.806190125276345,,,,,,,,,,,,
HIMACHAL PRADESH,shimla,6.1,,97.11490215755144,,,,,,,,,,,,8.614232209737828,,,,,,,,,,,99.87515605493134,,,,,,,,,,,72.65240091183175,,87.3,,0.7490636704119851,,83.97836038285476,23.80357885975864,,,,,,,,,13.345959595959595,,,,4.286308780690804,,,,,,,,,,,,
HIMACHAL PRADESH,sirmaur,9.9,,95.22194821208384,,,,,,,,,,,,3.2,,,,,,,,,,,98.15384615384616,,,,,,,,,,,71.83221309434902,,84.3,,1.1692307692307693,,85.47692307692307,21.476923076923075,,,,,,,,,7.803030303030304,,,,14.276923076923076,,,,,,,,,,,,
HIMACHAL PRADESH,solan,9.1,,97.00499168053244,,,,,,,,,,,,8.594319009468318,,,,,,,,,,,97.96067006554988,,,,,,,,,,,81.54480539072715,,81.8,,1.165331391114348,,76.25637290604516,24.18062636562272,,,,,,,,,11.931818181818182,,,,13.47414420975965,,,,,,,,,,,,
HIMACHAL PRADESH,una,4.7,,97.7084898572502,,,,,,,,,,,,5.797101449275362,,,,,,,,,,,98.7736900780379,,,,,,,,,,,75.22590361445783,,81.4,,1.0033444816053512,,82.94314381270902,31.438127090301005,,,,,,,,,8.106060606060606,,,,20.066889632107024,,,,,,,,,,,,
MAHARASHTRA,ahmadnagar,12.6,,,,,,,,,9.05989385898408,,,,,,1.7058377558756634,,,,,3.6745135625287264,,,7.657316148597422,,,,,,,,,,,,,,,79.5,,,,,17.437452615617893,,,,,,,,,,,,,38.570887035633056,3.563369877838224,89.04473085670963,,,,,,,,,,
MAHARASHTRA,akola,7.7,,,,,,,,,10.234077299945564,,,,,,3.0484485574305933,,,,,3.7166588461843153,,,11.540555253130105,,,,,,,,,,,,,,,69.5,,,,,20.19597169297768,,,,,,,,,,,,,45.94447468698966,1.5716457151324783,68.97114861186718,,,,,,,,,,
MAHARASHTRA,amravati,11.2,,,,,,,,,14.435146443514643,,,,,,3.1380753138075312,,,,,3.5417836990332776,,,8.612273361227336,,,,,,,,,,,,,,,75.7,,,,,21.02510460251046,,,,,,,,,,,,,25.627615062761507,2.5218178103382853,77.99860529986053,,,,,,,,,,
MAHARASHTRA,bhandara,2.9,,,,,,,,,29.58946553059644,,,,,,2.0914020139426803,,,,,3.5367261655410585,,,4.182804027885361,,,,,,,,,,,,,,,81.8,,,,,17.815646785437643,,,,,,,,,,,,,60.80557707203717,1.172447703488829,90.3950426026336,,,,,,,,,,
MAHARASHTRA,bid,9.3,,,,,,,,,8.299540416328737,,,,,,1.5409570154095702,,,,,4.196216600384086,,,6.839686401730197,,,,,,,,,,,,,,,66.4,,,,,17.11273317112733,,,,,,,,,,,,,52.55474452554745,2.4820776258270785,87.96972154636387,,,,,,,,,,
MAHARASHTRA,buldana,12.9,,,,,,,,,16.733708769107,,,,,,1.9710378117457763,,,,,3.417909232940728,,,10.619469026548671,,,,,,,,,,,,,,,68.9,,,,,16.411906677393404,,,,,,,,,,,,,34.71440064360418,2.354998843717796,77.83588093322606,,,,,,,,,,
MAHARASHTRA,chandrapur,7.2,,,,,,,,,19.06693711967545,,,,,,1.6632860040567952,,,,,3.890188925508357,,,7.342799188640973,,,,,,,,,,,,,,,77.3,,,,,17.322515212981745,,,,,,,,,,,,,59.39148073022312,1.316590067648122,86.08519269776876,,,,,,,,,,
MAHARASHTRA,chhatrapati sambhajinagar,12.0,,,,,,,,,13.584398117014125,,,,,,1.7260703878054249,,,,,3.6790332320765855,,,9.437345886572515,,,,,,,,,,,,,,,69.1,,,,,18.65052678771576,,,,,,,,,,,,,39.81170141223941,1.772591845852988,72.60703878054248,,,,,,,,,,
MAHARASHTRA,dharashiv,19.5,,,,,,,,,4.698728579325595,,,,,,2.7639579878385847,,,,,3.984917494213395,,,4.588170259812051,,,,,,,,,,,,,,,71.2,,,,,20.39800995024876,,,,,,,,,,,,,44.11276948590381,1.0518800250565232,89.88391376451078,,,,,,,,,,
MAHARASHTRA,dhule,17.3,,,,,,,,,16.294088425235966,,,,,,3.229011425732737,,,,,3.0687656630868587,,,14.605067064083457,,,,,,,,,,,,,,,58.9,,,,,19.17536015896672,,,,,,,,,,,,,20.96373571783408,1.4373822668968754,88.02781917536015,,,,,,,,,,
MAHARASHTRA,gadchiroli,9.0,,,,,,,,,22.289156626506024,,,,,,2.208835341365462,,,,,4.061085137146053,,,4.26706827309237,,,,,,,,,,,,,,,62.4,,,,,15.461847389558232,,,,,,,,,,,,,77.86144578313254,1.956025352890593,91.1144578313253,,,,,,,,,,
MAHARASHTRA,gondiya,3.9,,,,,,,,,25.1066422912858,,,,,,2.437538086532602,,,,,3.768839802324968,,,5.545399146861669,,,,,,,,,,,,,,,74.3,,,,,16.392443631931748,,,,,,,,,,,,,69.71358927483242,1.275053716605335,75.86837294332724,,,,,,,,,,
MAHARASHTRA,hingoli,11.3,,,,,,,,,10.075187969924812,,,,,,2.1052631578947367,,,,,3.8592376458324607,,,6.315789473684211,,,,,,,,,,,,,,,69.0,,,,,15.413533834586463,,,,,,,,,,,,,60.0,0.9160449311057874,88.94736842105263,,,,,,,,,,
MAHARASHTRA,jalgaon,18.3,,,,,,,,,13.00620750812888,,,,,,2.276086313922554,,,,,3.1543172381556377,,,14.365947383978718,,,,,,,,,,,,,,,59.7,,,,,20.041383387525865,,,,,,,,,,,,,18.7112030741945,3.358831414054554,79.89949748743719,,,,,,,,,,
MAHARASHTRA,jalna,8.2,,,,,,,,,13.537832310838446,,,,,,1.6768916155419225,,,,,3.6003045033659564,,,8.87525562372188,,,,,,,,,,,,,,,63.6,,,,,14.355828220858896,,,,,,,,,,,,,47.11656441717791,2.293255619194733,80.65439672801637,,,,,,,,,,
MAHARASHTRA,kolhapur,7.6,,,,,,,,,7.381275440976934,,,,,,3.636363636363636,,,,,3.6402506564627695,,,8.819538670284938,,,,,,,,,,,,,,,82.0,,,,,23.364993215739485,,,,,,,,,,,,,20.434192672998645,6.336201960964812,85.78018995929443,,,,,,,,,,
MAHARASHTRA,latur,11.6,,,,,,,,,7.083958020989506,,,,,,2.736131934032984,,,,,3.981984528476001,,,5.697151424287856,,,,,,,,,,,,,,,72.5,,,,,23.463268365817093,,,,,,,,,,,,,42.80359820089955,1.2384568235243931,85.23238380809596,,,,,,,,,,
MAHARASHTRA,mumbai (suburban),58.1,,,,,,,,,2.9449423815621,,,,,,0.9816474605207,,,,,2.7047122945187603,,,25.73623559539053,,,,,,,,,,,,,,,58.6,,,,,6.743491250533504,,,,,,,,,,,,,1.0670081092616304,0.73103977835305,25.224071702944943,,,,,,,,,,
MAHARASHTRA,mumbai ii,3.6,,,,,,,,,5.542857142857143,,,,,,7.199999999999999,,,,,3.4286258112998844,,,34.457142857142856,,,,,,,,,,,,,,,58.6,,,,,80.45714285714286,,,,,,,,,,,,,2.9714285714285715,0.5022530663930506,19.371428571428574,,,,,,,,,,
MAHARASHTRA,nagpur,5.7,,,,,,,,,31.68590065228299,,,,,,2.308078273958856,,,,,3.899462289514646,,,8.881083793276467,,,,,,,,,,,,,,,88.9,,,,,25.489212242849973,,,,,,,,,,,,,27.972905168088307,6.635263688472877,65.45408931259408,,,,,,,,,,
MAHARASHTRA,nanded,13.7,,,,,,,,,6.959805772862153,,,,,,2.5627191799298625,,,,,3.6553656867285538,,,7.984893444834097,,,,,,,,,,,,,,,68.0,,,,,15.753978958726734,,,,,,,,,,,,,44.24062584299973,3.006109211415536,88.4003237118964,,,,,,,,,,
MAHARASHTRA,nandurbar,18.6,,,,,,,,,8.77025738798856,,,,,,2.8122020972354624,,,,,3.361532331813116,,,14.489990467111536,,,,,,,,,,,,,,,54.1,,,,,16.7302192564347,,,,,,,,,,,,,52.09723546234509,1.899670627962272,91.9447092469018,,,,,,,,,,
MAHARASHTRA,nashik,15.9,,,,,,,,,13.145624103299856,,,,,,1.847202295552368,,,,,3.1191824923354816,,,16.535150645624103,,,,,,,,,,,,,,,68.3,,,,,18.256814921090385,,,,,,,,,,,,,28.15638450502152,4.709548645802696,84.84576757532281,,,,,,,,,,
MAHARASHTRA,palghar,15.3,,,,,,,,,17.104865518283468,,,,,,1.6319129646418855,,,,,2.8393156104375272,,,17.67905711695376,,,,,,,,,,,,,,,75.1,,,,,14.505893019038984,,,,,,,,,,,,,46.781504986400726,2.3794716127105726,75.46086430945905,,,,,,,,,,
MAHARASHTRA,parbhani,14.3,,,,,,,,,10.300429184549357,,,,,,1.239866475917978,,,,,3.7219792641833687,,,8.583690987124463,,,,,,,,,,,,,,,60.1,,,,,17.310443490701,,,,,,,,,,,,,62.27944682880305,1.1095818748835298,83.97711015736766,,,,,,,,,,
MAHARASHTRA,pune,9.3,,,,,,,,,10.70460704607046,,,,,,1.1788617886178865,,,,,3.419678339406673,,,14.268292682926829,,,,,,,,,,,,,,,79.6,,,,,22.95392953929539,,,,,,,,,,,,,29.56639566395664,5.966191655459336,74.49864498644988,,,,,,,,,,
MAHARASHTRA,raigarh (maharashtra),12.1,,,,,,,,,7.552447552447552,,,,,,1.4545454545454546,,,,,3.786758484708029,,,7.1328671328671325,,,,,,,,,,,,,,,74.8,,,,,16.531468531468533,,,,,,,,,,,,,15.44055944055944,3.691571264029744,82.54545454545455,,,,,,,,,,
MAHARASHTRA,ratnagiri,9.4,,,,,,,,,13.92235609103079,,,,,,1.9410977242302545,,,,,5.534071529796075,,,1.8072289156626504,,,,,,,,,,,,,,,85.6,,,,,13.788487282463183,,,,,,,,,,,,,17.369477911646587,6.873929316356565,88.45381526104418,,,,,,,,,,
MAHARASHTRA,sangli,12.5,,,,,,,,,6.556825823806321,,,,,,2.488231338264963,,,,,3.5230984115353627,,,8.47343644922663,,,,,,,,,,,,,,,84.7,,,,,18.392737054472093,,,,,,,,,,,,,43.77942165433759,3.065607227774123,82.68325487558843,,,,,,,,,,
MAHARASHTRA,satara,10.4,,,,,,,,,5.4521625163827,,,,,,1.1009174311926606,,,,,4.0909757300315865,,,3.197903014416776,,,,,,,,,,,,,,,78.7,,,,,18.03407601572739,,,,,,,,,,,,,22.33289646133683,4.650050629444109,91.53342070773265,,,,,,,,,,
MAHARASHTRA,sindhudurg,6.6,,,,,,,,,24.24425634824668,,,,,,2.4788391777509067,,,,,6.083292423498609,,,1.4510278113663846,,,,,,,,,,,,,,,87.9,,,,,13.663845223700122,,,,,,,,,,,,,21.46311970979444,2.3736340714829374,94.37726723095528,,,,,,,,,,
MAHARASHTRA,solapur,16.1,,,,,,,,,6.300553426990209,,,,,,1.7241379310344829,,,,,3.619168001039187,,,8.237547892720306,,,,,,,,,,,,,,,67.8,,,,,17.00723712217965,,,,,,,,,,,,,47.85014899957429,4.324270924778791,87.35632183908046,,,,,,,,,,
MAHARASHTRA,thane,12.5,,,,,,,,,9.193245778611631,,,,,,1.6051698978528248,,,,,2.9628240196749007,,,23.53554304773817,,,,,,,,,,,,,,,74.7,,,,,24.577861163227016,,,,,,,,,,,,,20.241817802793413,4.332578194987348,50.07296226808422,,,,,,,,,,
MAHARASHTRA,wardha,8.8,,,,,,,,,20.82191780821918,,,,,,1.7123287671232876,,,,,4.005289450484866,,,5.273972602739726,,,,,,,,,,,,,,,80.2,,,,,17.26027397260274,,,,,,,,,,,,,35.273972602739725,1.569625027784451,85.61643835616438,,,,,,,,,,
MAHARASHTRA,washim,5.5,,,,,,,,,13.669590643274852,,,,,,2.7046783625730995,,,,,3.612065240637044,,,11.330409356725148,,,,,,,,,,,,,,,61.5,,,,,18.27485380116959,,,,,,,,,,,,,54.09356725146199,2.309645638795401,79.89766081871345,,,,,,,,,,
MAHARASHTRA,yavatmal,11.8,,,,,,,,,12.59771497294047,,,,,,2.9464822609741432,,,,,3.638949531136944,,,10.252555622369211,,,,,,,,,,,,,,,66.4,,,,,15.634395670475046,,,,,,,,,,,,,49.63920625375827,3.251285942976203,85.53818400481057,,,,,,,,,,
PUNJAB,amritsar,5.6,,,,88.11222063718498,,,,,,100.0,,,,,,,56.7,,,4.534348924043314,,67.28483119353305,6.799809795530195,,,,,,22.111269614835948,,,,,,,,,86.0,,,,,,,,,,,,,,,,,,,,,52.25867807893485,,,,,,,,,
PUNJAB,barnala,4.5,,,,92.72727272727272,,,,,,99.77272727272728,,,,,,,53.1,,,4.8971509895957634,,74.0909090909091,3.8636363636363633,,,,,,57.04545454545455,,,,,,,,,90.7,,,,,,,,,,,,,,,,,,,,,78.86363636363637,,,,,,,,,
PUNJAB,bathinda,4.3,,,,91.97224975222991,,,,,,99.90089197224977,,,,,,,41.1,,,4.59873696907643,,74.33102081268584,6.2438057482656095,,,,,,30.921704658077303,,,,,,,,,88.4,,,,,,,,,,,,,,,,,,,,,74.52923686818632,,,,,,,,,
PUNJAB,faridkot,5.4,,,,93.44569288389512,,,,,,100.0,,,,,,,46.5,,,4.816893668799309,,62.172284644194754,4.868913857677903,,,,,,19.850187265917604,,,,,,,,,87.5,,,,,,,,,,,,,,,,,,,,,69.10112359550563,,,,,,,,,
PUNJAB,fatehgarh sahib,5.1,,,,86.94550063371355,,,,,,99.61977186311786,,,,,,,62.3,,,5.387214392055129,,72.6235741444867,2.915082382762991,,,,,,28.89733840304182,,,,,,,,,87.6,,,,,,,,,,,,,,,,,,,,,77.31305449936629,,,,,,,,,
PUNJAB,fazilka,9.8,,,,89.19753086419753,,,,,,98.559670781893,,,,,,,41.3,,,4.319020613916645,,67.5925925925926,9.876543209876544,,,,,,22.530864197530864,,,,,,,,,81.8,,,,,,,,,,,,,,,,,,,,,61.21399176954733,,,,,,,,,
PUNJAB,firozpur,3.9,,,,90.13953488372093,,,,,,100.0,,,,,,,47.5,,,4.508304643383106,,59.906976744186046,6.511627906976744,,,,,,33.674418604651166,,,,,,,,,84.8,,,,,,,,,,,,,,,,,,,,,69.02325581395348,,,,,,,,,
PUNJAB,gurdaspur,6.8,,,,89.79690522243715,,,,,,99.95164410058028,,,,,,,64.6,,,5.173910743349007,,66.92456479690522,1.9825918762088968,,,,,,22.77562862669245,,,,,,,,,85.4,,,,,,,,,,,,,,,,,,,,,54.98065764023211,,,,,,,,,
PUNJAB,hoshiarpur,4.8,,,,87.90506617982656,,,,,,99.90871748060246,,,,,,,73.2,,,4.848009450383922,,69.60292104062073,2.190780465540849,,,,,,16.15700593336376,,,,,,,,,89.7,,,,,,,,,,,,,,,,,,,,,68.27932450935646,,,,,,,,,
PUNJAB,jalandhar,5.5,,,,95.56297709923663,,,,,,99.90458015267176,,,,,,,64.4,,,4.567603529470534,,76.2881679389313,5.820610687022901,,,,,,24.47519083969466,,,,,,,,,88.2,,,,,,,,,,,,,,,,,,,,,59.16030534351145,,,,,,,,,
PUNJAB,kapurthala,6.3,,,,86.38589618021547,,,,,,100.0,,,,,,,60.3,,,5.163354748742467,,65.91576885406464,2.9382957884427032,,,,,,28.40352595494613,,,,,,,,,87.7,,,,,,,,,,,,,,,,,,,,,68.16846229187071,,,,,,,,,
PUNJAB,ludhiana,7.4,,,,93.4525939177102,,,,,,99.49910554561716,,,,,,,61.6,,,3.996945206006296,,84.57960644007156,10.76923076923077,,,,,,34.74060822898032,,,,,,,,,84.6,,,,,,,,,,,,,,,,,,,,,61.82468694096601,,,,,,,,,
PUNJAB,malerkotla,2.7,,,,90.56122448979592,,,,,,99.74489795918367,,,,,,,55.08181818181819,,,4.769646371426127,,75.0,3.316326530612245,,,,,,38.52040816326531,,,,,,,,,86.50454545454545,,,,,,,,,,,,,,,,,,,,,68.11224489795919,,,,,,,,,
PUNJAB,mansa,5.2,,,,91.15853658536584,,,,,,99.54268292682929,,,,,,,37.5,,,4.936506315323596,,74.54268292682927,3.8109756097560976,,,,,,27.89634146341464,,,,,,,,,85.4,,,,,,,,,,,,,,,,,,,,,64.9390243902439,,,,,,,,,
PUNJAB,moga,7.2,,,,95.8128078817734,,,,,,100.0,,,,,,,45.2,,,4.702512165703116,,69.33497536945814,4.433497536945813,,,,,,36.82266009852217,,,,,,,,,87.8,,,,,,,,,,,,,,,,,,,,,81.03448275862068,,,,,,,,,
PUNJAB,mohali,7.1,,,,90.97087378640776,,,,,,99.70873786407766,,,,,,,62.5,,,4.432474206375417,,69.51456310679612,12.330097087378642,,,,,,11.747572815533982,,,,,,,,,87.6,,,,,,,,,,,,,,,,,,,,,63.59223300970874,,,,,,,,,
PUNJAB,muktsar,7.5,,,,89.2328398384926,,,,,,99.86541049798116,,,,,,,39.8,,,4.638845617774863,,70.39030955585464,6.864064602960969,,,,,,12.920592193808885,,,,,,,,,82.9,,,,,,,,,,,,,,,,,,,,,81.0228802153432,,,,,,,,,
PUNJAB,nawanshahr,4.3,,,,97.98234552332912,,,,,,100.0,,,,,,,65.4,,,4.638364118315312,,79.8234552332913,1.7654476670870116,,,,,,23.959646910466585,,,,,,,,,91.3,,,,,,,,,,,,,,,,,,,,,80.45397225725095,,,,,,,,,
PUNJAB,pathankot,3.9,,,,96.38709677419357,,,,,,100.0,,,,,,,74.0,,,5.054773309407696,,75.48387096774194,2.967741935483871,,,,,,6.96774193548387,,,,,,,,,79.2,,,,,,,,,,,,,,,,,,,,,76.77419354838709,,,,,,,,,
PUNJAB,patiala,4.8,,,,91.64420485175202,,,,,,99.7843665768194,,,,,,,56.0,,,4.913625958817517,,70.8355795148248,5.444743935309973,,,,,,32.83018867924528,,,,,,,,,88.1,,,,,,,,,,,,,,,,,,,,,62.048517520215626,,,,,,,,,
PUNJAB,rupnagar,5.2,,,,87.34693877551021,,,,,,99.79591836734694,,,,,,,64.0,,,4.904333497620291,,69.89795918367348,1.9387755102040816,,,,,,6.530612244897959,,,,,,,,,84.0,,,,,,,,,,,,,,,,,,,,,74.6938775510204,,,,,,,,,
PUNJAB,sangrur,6.4,,,,89.95305164319248,,,,,,99.43661971830986,,,,,,,54.4,,,5.096953624136803,,77.08920187793427,2.8169014084507045,,,,,,34.647887323943664,,,,,,,,,92.4,,,,,,,,,,,,,,,,,,,,,71.07981220657277,,,,,,,,,
PUNJAB,taran taran,11.2,,,,83.07267709291628,,,,,,100.0,,,,,,,40.4,,,4.27790149052531,,56.76172953081877,7.451701931922723,,,,,,22.81508739650414,,,,,,,,,82.0,,,,,,,,,,,,,,,,,,,,,59.06163753449862,,,,,,,,,
ASSAM,bajali,10.0,,,,15.83011583011583,,,,,,,,,3.281853281853281,,3.667953667953668,,33.7,,,,,,,1.5973875554983592,,,,,4.054054054054054,,,,,,,,,,,,,,,,,,,,27.606177606177607,70.27027027027027,,,,93.9,,,,,,0.0,,,,,,,,
ASSAM,baksa,14.8,,,,10.031595576619273,,,,,,,,,1.1058451816745656,,0.631911532385466,,27.8,,,,,,,1.3204284226517489,,,,,15.797788309636651,,,,,,,,,,,,,,,,,,,,9.083728278041074,52.60663507109005,,,,98.1,,,,,,0.0,,,,,,,,
ASSAM,barpeta,17.1,,,,17.913121361397224,,,,,,,,,2.4630541871921183,,0.2686968204209583,,31.7,,,,,,,0.8652644016101777,,,,,3.4930586654724585,,,,,,,,,,,,,,,,,,,,17.957904164800716,51.545006717420506,,,,88.9,,,,,,0.0,,,,,,,,
ASSAM,biswanath,26.3,,,,11.464968152866245,,,,,,,,,2.14968152866242,,0.3184713375796179,,23.0,,,,,,,0.9849458534288584,,,,,11.78343949044586,,,,,,,,,,,,,,,,,,,,14.171974522292992,53.5031847133758,,,,91.1,,,,,,0.0796178343949044,,,,,,,,
ASSAM,bongaigaon,19.9,,,,12.489728841413312,,,,,,,,,2.7937551355792936,,0.2465078060805258,,28.6,,,,,,,1.129851267212358,,,,,5.99835661462613,,,,,,,,,,,,,,,,,,,,13.804437140509448,62.36647493837305,,,,97.0,,,,,,0.0,,,,,,,,
ASSAM,cachar,20.7,,,,14.45874337623013,,,,,,,,,1.74110522331567,,0.3028009084027252,,25.8,,,,,,,1.072096247027254,,,,,17.183951551854655,,,,,,,,,,,,,,,,,,,,26.192278576835733,54.57986373959122,,,,81.7,,,,,,0.0,,,,,,,,
ASSAM,charaideo,9.5,,,,11.743341404358354,,,,,,,,,0.4842615012106537,,0.9685230024213076,,26.2,,,,,,,1.3004003834658546,,,,,31.719128329297817,,,,,,,,,,,,,,,,,,,,16.222760290556902,60.41162227602905,,,,91.7,,,,,,0.0,,,,,,,,
ASSAM,chirang,21.2,,,,15.92356687898089,,,,,,,,,0.8757961783439491,,0.0796178343949044,,23.0,,,,,,,1.34639115296041,,,,,5.015923566878981,,,,,,,,,,,,,,,,,,,,6.289808917197452,56.13057324840764,,,,97.8,,,,,,0.0,,,,,,,,
ASSAM,darrang,13.8,,,,20.367847411444146,,,,,,,,,3.2016348773841963,,0.3405994550408719,,27.5,,,,,,,0.9985104573412836,,,,,11.989100817438691,,,,,,,,,,,,,,,,,,,,11.103542234332425,59.19618528610354,,,,89.5,,,,,,0.0,,,,,,,,
ASSAM,dhemaji,14.1,,,,23.323615160349853,,,,,,,,,0.641399416909621,,0.1166180758017492,,43.6,,,,,,,1.295613930821348,,,,,3.731778425655977,,,,,,,,,,,,,,,,,,,,7.580174927113703,78.25072886297376,,,,95.0,,,,,,0.0,,,,,,,,
ASSAM,dhubri,17.7,,,,13.076923076923078,,,,,,,,,3.346153846153846,,0.0769230769230769,,20.4,,,,,,,0.5926897758136538,,,,,1.9230769230769231,,,,,,,,,,,,,,,,,,,,9.461538461538462,42.5,,,,92.5,,,,,,0.0,,,,,,,,
ASSAM,dibrugarh,12.5,,,,22.37798546209761,,,,,,,,,0.6749740394600208,,0.2596053997923156,,33.7,,,,,,,1.7667197225354463,,,,,2.284527518172378,,,,,,,,,,,,,,,,,,,,11.007268951194185,76.58359293873312,,,,94.4,,,,,,0.0,,,,,,,,
ASSAM,dima hasao,15.9,,,,10.909090909090908,,,,,,,,,0.404040404040404,,0.101010101010101,,42.4,,,,,,,1.7955351154546324,,,,,52.22222222222223,,,,,,,,,,,,,,,,,,,,45.25252525252525,25.85858585858585,,,,95.9,,,,,,0.0,,,,,,,,
ASSAM,goalpara,24.1,,,,16.38830897703549,,,,,,,,,1.2526096033402925,,0.0521920668058455,,23.4,,,,,,,0.9306682152825912,,,,,1.3048016701461378,,,,,,,,,,,,,,,,,,,,7.463465553235908,45.4070981210856,,,,89.6,,,,,,0.0521920668058455,,,,,,,,
ASSAM,golaghat,20.1,,,,16.804864566058598,,,,,,,,,0.3869541182974019,,0.4975124378109453,,27.9,,,,,,,1.6258477496975337,,,,,5.030403537866224,,,,,,,,,,,,,,,,,,,,11.885019347705915,53.565505804311776,,,,96.4,,,,,,0.0,,,,,,,,
ASSAM,hailakandi,15.8,,,,8.023694130317716,,,,,,,,,3.607969843834141,,0.1077005923532579,,25.3,,,,,,,0.6237504530521099,,,,,29.40226171243942,,,,,,,,,,,,,,,,,,,,13.247172859450728,26.33279483037157,,,,91.2,,,,,,0.0,,,,,,,,
ASSAM,hojai,14.8,,,,14.79634247714048,,,,,,,,,0.3325020781379884,,0.6650041562759768,,23.1,,,,,,,0.8754512211723067,,,,,20.448877805486283,,,,,,,,,,,,,,,,,,,,11.13881961762261,64.00665004156276,,,,96.3,,,,,,0.0,,,,,,,,
ASSAM,jorhat,14.4,,,,27.600554785020805,,,,,,,,,1.1095700416088763,,0.2773925104022191,,42.9,,,,,,,2.19428777151086,,,,,6.449375866851595,,,,,,,,,,,,,,,,,,,,22.95423023578364,54.71567267683773,,,,95.1,,,,,,0.0,,,,,,,,
ASSAM,kamrup-metro,8.9,,,,47.80487804878049,,,,,,,,,5.658536585365854,,0.2926829268292683,,49.1,,,,,,,3.367276452737052,,,,,11.804878048780488,,,,,,,,,,,,,,,,,,,,18.24390243902439,67.31707317073172,,,,99.2,,,,,,0.0,,,,,,,,
ASSAM,kamrup-rural,28.0,,,,14.040816326530612,,,,,,,,,1.5102040816326532,,0.2040816326530612,,39.2,,,,,,,1.2063517300315998,,,,,3.0204081632653064,,,,,,,,,,,,,,,,,,,,9.26530612244898,44.97959183673469,,,,94.8,,,,,,0.0408163265306122,,,,,,,,
ASSAM,karbi anglong,14.1,,,,24.149659863945576,,,,,,,,,0.90702947845805,,0.2267573696145124,,30.3,,,,,,,1.1053078419361424,,,,,10.034013605442176,,,,,,,,,,,,,,,,,,,,11.337868480725623,24.09297052154195,,,,97.0,,,,,,0.0,,,,,,,,
ASSAM,kokrajhar,16.8,,,,10.975609756097562,,,,,,,,,0.6097560975609756,,0.08130081300813,,27.5,,,,,,,0.9422716196553478,,,,,5.8130081300813,,,,,,,,,,,,,,,,,,,,6.666666666666667,54.39024390243903,,,,93.9,,,,,,0.0,,,,,,,,
ASSAM,lakhimpur,16.1,,,,14.634146341463412,,,,,,,,,0.8710801393728222,,0.3484320557491289,,42.1,,,,,,,1.332385933637174,,,,,2.047038327526132,,,,,,,,,,,,,,,,,,,,11.28048780487805,68.6411149825784,,,,97.2,,,,,,0.0,,,,,,,,
ASSAM,majuli,21.8,,,,10.108303249097473,,,,,,,,,0.3610108303249097,,0.1805054151624548,,41.7,,,,,,,1.743560858210866,,,,,5.054151624548736,,,,,,,,,,,,,,,,,,,,21.660649819494584,61.73285198555957,,,,93.5,,,,,,0.0,,,,,,,,
ASSAM,morigaon,26.4,,,,19.32826362484157,,,,,,,,,1.0773130544993663,,0.5069708491761723,,24.5,,,,,,,0.828358314446324,,,,,2.2179974651457544,,,,,,,,,,,,,,,,,,,,17.427122940430927,52.53485424588086,,,,89.5,,,,,,0.0,,,,,,,,
ASSAM,nagaon,14.1,,,,20.98150782361309,,,,,,,,,1.9559032716927456,,0.2133712660028449,,22.1,,,,,,,1.0496934472777522,,,,,8.890469416785205,,,,,,,,,,,,,,,,,,,,13.086770981507822,59.45945945945946,,,,94.5,,,,,,0.0,,,,,,,,
ASSAM,nalbari,12.5,,,,18.409090909090907,,,,,,,,,2.272727272727273,,0.4545454545454545,,41.6,,,,,,,1.2129475854136107,,,,,6.4393939393939394,,,,,,,,,,,,,,,,,,,,17.727272727272727,58.560606060606055,,,,94.7,,,,,,0.0,,,,,,,,
ASSAM,sibsagar,13.5,,,,15.466101694915254,,,,,,,,,0.6355932203389831,,0.6355932203389831,,47.1,,,,,,,2.073922597973385,,,,,6.7090395480226,,,,,,,,,,,,,,,,,,,,29.166666666666668,60.31073446327684,,,,97.0,,,,,,0.0,,,,,,,,
ASSAM,sonitpur,22.2,,,,17.50516884906961,,,,,,,,,0.8270158511371467,,0.2067539627842866,,24.3,,,,,,,1.3695395513577333,,,,,4.962095106822881,,,,,,,,,,,,,,,,,,,,10.957960027567196,60.234321157822194,,,,88.2,,,,,,0.0,,,,,,,,
ASSAM,south salmara-mankachar,18.0,,,,13.969335604770016,,,,,,,,,2.385008517887564,,0.3407155025553662,,20.9,,,,,,,0.484187651308641,,,,,8.347529812606473,,,,,,,,,,,,,,,,,,,,19.761499148211243,58.26235093696764,,,,79.5,,,,,,0.0,,,,,,,,
ASSAM,sribhumi,0.0,,,,11.762114537444932,,,,,,,,,2.4229074889867843,,0.4405286343612335,,30.55625,,,,,,,0.6749309168377665,,,,,11.629955947136564,,,,,,,,,,,,,,,,,,,,18.94273127753304,42.24669603524229,,,,93.346875,,,,,,0.0,,,,,,,,
ASSAM,tamulpur,19.4,,,,9.785202863961814,,,,,,,,,2.1479713603818613,,0.1193317422434367,,33.1,,,,,,,0.9276706769096972,,,,,9.188544152744631,,,,,,,,,,,,,,,,,,,,7.517899761336516,57.51789976133651,,,,95.775,,,,,,0.0,,,,,,,,
ASSAM,tinsukia,18.4,,,,16.473988439306357,,,,,,,,,0.6358381502890174,,0.2890173410404624,,25.6,,,,,,,1.5220806694977211,,,,,5.144508670520231,,,,,,,,,,,,,,,,,,,,10.23121387283237,68.38150289017341,,,,95.7,,,,,,0.0,,,,,,,,
ASSAM,udalguri,18.6,,,,12.423500611995104,,,,,,,,,0.3059975520195838,,0.3059975520195838,,23.8,,,,,,,0.997901163900019,,,,,7.343941248470013,,,,,,,,,,,,,,,,,,,,6.05875152998776,68.29865361077111,,,,95.5,,,,,,0.0,,,,,,,,
ASSAM,west karbi anglong,17.9,,,,14.509394572025052,,,,,,,,,0.208768267223382,,0.417536534446764,,21.7,,,,,,,1.1091850359577409,,,,,17.640918580375782,,,,,,,,,,,,,,,,,,,,11.482254697286011,20.77244258872652,,,,94.7,,,,,,0.0,,,,,,,,
TAMIL NADU,ariyalur,8.1,,,,50.955414012738856,,,,,,,93.88535031847134,,,,,,,,68.55943034507942,,,,,,,,,,17.32484076433121,,,38.21656050955414,,,,86.45243746576593,,,,,,,22.1656050955414,,,,,,,,,,,,,,,,,,82.4203821656051,,,,,,,
TAMIL NADU,chengalpattu,6.0,,,,78.23728813559322,,,,,,,95.59322033898306,,,,,,,,85.59227295085633,,,,,,,,,,27.728813559322035,,,54.44067796610169,,,,85.65487635827036,,,,,,,32.06779661016949,,,,,,,,,,,,,,,,,,90.44067796610167,,,,,,,
TAMIL NADU,chennai (ext. gcc),6.6,,,,87.94483985765125,,,,,,,95.68505338078292,,,,,,,,88.28901196465566,,,,,,,,,,37.63345195729537,,,49.59964412811388,,,,89.32270747896672,,,,,,,45.1067615658363,,,,,,,,,,,,,,,,,,90.48042704626334,,,,,,,
TAMIL NADU,coimbatore,7.0,,,,75.8791480931154,,,,,,,95.14611193660228,,,,,,,,84.34924613573355,,,,,,,,,,20.752847944526994,,,43.78405151064884,,,,92.65884318863696,,,,,,,32.63992075284794,,,,,,,,,,,,,,,,,,93.01634472511144,,,,,,,
TAMIL NADU,cuddalore,9.5,,,,54.653284671532845,,,,,,,95.8029197080292,,,,,,,,73.6169298528306,,,,,,,,,,15.237226277372262,,,34.306569343065696,,,,88.53260285744979,,,,,,,20.8029197080292,,,,,,,,,,,,,,,,,,84.80839416058394,,,,,,,
TAMIL NADU,dharmapuri,9.7,,,,62.75125628140703,,,,,,,95.79145728643216,,,,,,,,61.24265056411886,,,,,,,,,,14.886934673366833,,,47.675879396984925,,,,88.2091212458287,,,,,,,20.665829145728644,,,,,,,,,,,,,,,,,,88.12814070351759,,,,,,,
TAMIL NADU,dindigul,9.4,,,,59.18158567774936,,,,,,,96.3682864450128,,,,,,,,74.37607163269195,,,,,,,,,,16.0613810741688,,,28.84910485933504,,,,90.29656442496984,,,,,,,19.18158567774936,,,,,,,,,,,,,,,,,,86.64961636828644,,,,,,,
TAMIL NADU,erode,8.3,,,,73.2592159157402,,,,,,,96.31363370392042,,,,,,,,75.64556374397957,,,,,,,,,,23.815096547688707,,,40.433001755412526,,,,93.87222189984332,,,,,,,23.054417788180224,,,,,,,,,,,,,,,,,,97.3083674663546,,,,,,,
TAMIL NADU,kallakurichi,13.0,,,,50.563746747614914,,,,,,,93.92888117953166,,,,,,,,64.3903445430163,,,,,,,,,,13.529921942758024,,,42.41110147441457,,,,73.72601609242831,,,,,,,19.25411968777103,,,,,,,,,,,,,,,,,,84.12836079791848,,,,,,,
TAMIL NADU,kancheepuram,4.1,,,,75.36723163841808,,,,,,,95.48022598870055,,,,,,,,82.81461434370772,,,,,,,,,,24.858757062146893,,,41.24293785310734,,,,90.24808299503832,,,,,,,26.101694915254235,,,,,,,,,,,,,,,,,,87.11864406779661,,,,,,,
TAMIL NADU,kanniyakumari,6.0,,,,85.70241064006649,,,,,,,100.0,,,,,,,,87.05142434332224,,,,,,,,,,25.602660016625105,,,42.14463840399002,,,,91.03465285485264,,,,,,,39.983374896093096,,,,,,,,,,,,,,,,,,97.42310889443058,,,,,,,
TAMIL NADU,karur,10.2,,,,66.08695652173913,,,,,,,97.19806763285024,,,,,,,,71.5079177499409,,,,,,,,,,16.908212560386474,,,36.52173913043478,,,,92.88584259040417,,,,,,,19.80676328502416,,,,,,,,,,,,,,,,,,92.27053140096618,,,,,,,
TAMIL NADU,krishnagiri,10.2,,,,60.75135936727632,,,,,,,99.30795847750863,,,,,,,,70.2105139362578,,,,,,,,,,15.521502718734553,,,37.37024221453287,,,,82.68258261789957,,,,,,,21.502718734552644,,,,,,,,,,,,,,,,,,88.68017795353435,,,,,,,
TAMIL NADU,madurai,7.2,,,,69.28504233301976,,,,,,,92.80338664158045,,,,,,,,81.17680897399022,,,,,,,,,,19.84948259642521,,,34.28974600188147,,,,88.7414225253729,,,,,,,24.882408278457195,,,,,,,,,,,,,,,,,,91.67450611476951,,,,,,,
TAMIL NADU,mayiladuthurai,8.4,,,,62.39419588875453,,,,,,,93.2285368802902,,,,,,,,71.92654839713664,,,,,,,,,,12.575574365175331,,,28.89963724304716,,,,83.06878306878306,,,,,,,20.314389359129382,,,,,,,,,,,,,,,,,,91.17291414752115,,,,,,,
TAMIL NADU,nagapattinam,11.4,,,,59.65166908563136,,,,,,,92.74310595065312,,,,,,,,66.3160024276755,,,,,,,,,,17.271407837445572,,,32.65602322206096,,,,80.29536718591949,,,,,,,19.88388969521045,,,,,,,,,,,,,,,,,,92.16255442670536,,,,,,,
TAMIL NADU,namakkal,3.3,,,,70.20164301717699,,,,,,,98.05825242718448,,,,,,,,72.01453004389285,,,,,,,,,,15.907393577296489,,,33.9058999253174,,,,92.59119116088996,,,,,,,25.392083644510823,,,,,,,,,,,,,,,,,,94.47348767737115,,,,,,,
TAMIL NADU,perambalur,8.1,,,,62.38003838771593,,,,,,,95.20153550863724,,,,,,,,67.19598829920602,,,,,,,,,,19.001919385796544,,,55.08637236084453,,,,89.9080651901379,,,,,,,28.40690978886756,,,,,,,,,,,,,,,,,,91.93857965451056,,,,,,,
TAMIL NADU,pudukkottai,11.0,,,,44.18724279835391,,,,,,,90.12345679012346,,,,,,,,69.07460666553882,,,,,,,,,,12.860082304526747,,,33.1275720164609,,,,90.5938081542886,,,,,,,16.76954732510288,,,,,,,,,,,,,,,,,,81.06995884773663,,,,,,,
TAMIL NADU,ramanathapuram,8.3,,,,58.788282290279625,,,,,,,86.01864181091877,,,,,,,,70.24832855778415,,,,,,,,,,18.17576564580559,,,28.1624500665779,,,,88.03247373447947,,,,,,,18.64181091877497,,,,,,,,,,,,,,,,,,87.61651131824235,,,,,,,
TAMIL NADU,ranipet,10.1,,,,61.23222748815166,,,,,,,94.7867298578199,,,,,,,,74.46014697569248,,,,,,,,,,13.270142180094789,,,35.829383886255926,,,,84.46579988694177,,,,,,,20.09478672985782,,,,,,,,,,,,,,,,,,82.74881516587678,,,,,,,
TAMIL NADU,salem,11.3,,,,59.03512484130344,,,,,,,96.14896318239526,,,,,,,,73.77448954286187,,,,,,,,,,18.197206940330087,,,38.21413457469319,,,,91.65082251797966,,,,,,,24.29115531104528,,,,,,,,,,,,,,,,,,87.60050782903089,,,,,,,
TAMIL NADU,sivagangai,7.9,,,,65.0190114068441,,,,,,,92.83903675538656,,,,,,,,74.915017868038,,,,,,,,,,18.06083650190114,,,36.31178707224335,,,,88.37270112437898,,,,,,,18.631178707224336,,,,,,,,,,,,,,,,,,87.38910012674272,,,,,,,
TAMIL NADU,tenkasi,10.8,,,,67.4400618716164,,,,,,,97.06109822119105,,,,,,,,76.52673614493037,,,,,,,,,,21.423047177107502,,,22.73781902552204,,,,88.88672445699814,,,,,,,17.556071152358854,,,,,,,,,,,,,,,,,,91.7246713070379,,,,,,,
TAMIL NADU,thanjavur,8.4,,,,59.61727183513248,,,,,,,95.38763493621197,,,,,,,,76.60104226983208,,,,,,,,,,21.29538763493621,,,31.69774288518155,,,,82.17718587145339,,,,,,,21.050049067713445,,,,,,,,,,,,,,,,,,91.60942100098136,,,,,,,
TAMIL NADU,the nilgiris,15.3,,,,44.65875370919881,,,,,,,86.35014836795251,,,,,,,,75.55034283652111,,,,,,,,,,10.682492581602371,,,27.1513353115727,,,,86.32262721039335,,,,,,,31.75074183976261,,,,,,,,,,,,,,,,,,92.58160237388724,,,,,,,
TAMIL NADU,theni,9.9,,,,69.55128205128204,,,,,,,93.482905982906,,,,,,,,73.53004291845494,,,,,,,,,,19.871794871794872,,,32.69230769230769,,,,81.64163090128756,,,,,,,22.64957264957265,,,,,,,,,,,,,,,,,,92.3076923076923,,,,,,,
TAMIL NADU,thoothukkudi,11.2,,,,72.33927606699082,,,,,,,95.35386277687736,,,,,,,,82.10933581715268,,,,,,,,,,17.720151269584008,,,21.12371690977849,,,,86.89546464139858,,,,,,,16.58562938951918,,,,,,,,,,,,,,,,,,87.62830902215019,,,,,,,
TAMIL NADU,tiruchirappalli,6.6,,,,61.070911722141815,,,,,,,94.11480945489627,,,,,,,,76.48761169780666,,,,,,,,,,17.51085383502171,,,28.89532079112397,,,,85.17973192526401,,,,,,,24.167872648335745,,,,,,,,,,,,,,,,,,92.0887602508442,,,,,,,
TAMIL NADU,tirunelveli,8.3,,,,72.06666666666666,,,,,,,95.86666666666666,,,,,,,,81.37132810783093,,,,,,,,,,18.133333333333333,,,22.6,,,,92.98952457695408,,,,,,,20.4,,,,,,,,,,,,,,,,,,93.13333333333334,,,,,,,
TAMIL NADU,tirupathur,9.8,,,,62.87726358148893,,,,,,,92.95774647887325,,,,,,,,68.32205528156898,,,,,,,,,,16.19718309859155,,,36.72032193158954,,,,81.39694919142103,,,,,,,22.03219315895372,,,,,,,,,,,,,,,,,,82.09255533199196,,,,,,,
TAMIL NADU,tiruppur,9.0,,,,75.95481441635287,,,,,,,97.41796664873588,,,,,,,,78.50240148139575,,,,,,,,,,17.159763313609467,,,36.63259817105971,,,,90.33620739540537,,,,,,,21.51694459386767,,,,,,,,,,,,,,,,,,95.32006455083378,,,,,,,
TAMIL NADU,tiruvallur,7.3,,,,67.22306525037936,,,,,,,92.26100151745068,,,,,,,,78.5627963186762,,,,,,,,,,20.232675771370765,,,38.998482549317146,,,,93.09286975922656,,,,,,,25.240263024785023,,,,,,,,,,,,,,,,,,91.50227617602428,,,,,,,
TAMIL NADU,tiruvannamalai,10.2,,,,56.67596652052611,,,,,,,93.14467915504186,,,,,,,,64.30732347736743,,,,,,,,,,20.047827819848543,,,35.631725787166204,,,,80.66099663222786,,,,,,,20.844958150657632,,,,,,,,,,,,,,,,,,86.12993224392189,,,,,,,
TAMIL NADU,tiruvarur,9.0,,,,60.03172085646312,,,,,,,93.6558287073751,,,,,,,,70.735559566787,,,,,,,,,,17.04996034892942,,,35.130848532910385,,,,84.70216606498195,,,,,,,18.16019032513877,,,,,,,,,,,,,,,,,,90.32513877874705,,,,,,,
TAMIL NADU,vellore,9.8,,,,65.390625,,,,,,,94.0625,,,,,,,,75.78824445309459,,,,,,,,,,20.78125,,,32.109375,,,,89.20786298170495,,,,,,,19.453125,,,,,,,,,,,,,,,,,,84.84375,,,,,,,
TAMIL NADU,villupuram,7.8,,,,46.32768361581921,,,,,,,93.10734463276836,,,,,,,,66.97685329996872,,,,,,,,,,15.53672316384181,,,51.920903954802256,,,,81.24022521113544,,,,,,,21.52542372881356,,,,,,,,,,,,,,,,,,89.03954802259886,,,,,,,
TAMIL NADU,virudhunagar,10.3,,,,62.925969447708574,,,,,,,90.77555816686252,,,,,,,,74.5704467353952,,,,,,,,,,16.09870740305523,,,29.612220916568745,,,,87.93127147766323,,,,,,,21.797884841363103,,,,,,,,,,,,,,,,,,89.24794359576968,,,,,,,
BIHAR,araria,22.2,,,,,,,,,,,,,,7.041169680646403,,,16.8,,,,,,,,,,,,,,15.2,,,37.97614467102732,,97.63761064540712,,,81.32118451025056,,,,,,,,,,,,,,,,,,,,,,,10.11927664486341,89.07272027702963,,,,,
BIHAR,arwal,2.0,,,,,,,,,,,,,,7.905686546463246,,,32.9,,,,,,,,,,,,,,29.3,,,53.398058252427184,,98.22299651567944,,,85.74014481094126,,,,,,,,,,,,,,,,,,,,,,,0.0,92.9264909847434,,,,,
BIHAR,aurangabad (bihar),14.2,,,,,,,,,,,,,,7.895716945996275,,,36.9,,,,,,,,,,,,,,38.9,,,45.99627560521415,,97.24995995087306,,,86.70634920634922,,,,,,,,,,,,,,,,,,,,,,,0.186219739292365,92.2905027932961,,,,,
BIHAR,banka,12.2,,,,,,,,,,,,,,2.9988004798080765,,,22.6,,,,,,,,,,,,,,32.3,,,84.16633346661335,,98.61975255667596,,,80.3483665799364,,,,,,,,,,,,,,,,,,,,,,,0.1599360255897641,90.68372650939624,,,,,
BIHAR,begusarai,17.2,,,,,,,,,,,,,,16.727605118829985,,,34.1,,,,,,,,,,,,,,45.2,,,99.81718464351006,,93.07785723923897,,,88.08295346390823,,,,,,,,,,,,,,,,,,,,,,,0.319926873857404,86.10603290676416,,,,,
BIHAR,bhagalpur,20.6,,,,,,,,,,,,,,12.679524004924088,,,35.1,,,,,,,,,,,,,,49.2,,,57.44768157570784,,97.53312014618548,,,79.42504681132283,,,,,,,,,,,,,,,,,,,,,,,0.0820681165367254,85.22773902338942,,,,,
BIHAR,bhojpur,18.3,,,,,,,,,,,,,,13.140311804008908,,,34.6,,,,,,,,,,,,,,42.9,,,69.78470675575352,,97.09013826660885,,,83.05719415234675,,,,,,,,,,,,,,,,,,,,,,,0.0371195248700816,87.49072011878248,,,,,
BIHAR,buxar,20.9,,,,,,,,,,,,,,11.363636363636363,,,33.3,,,,,,,,,,,,,,44.7,,,87.22358722358723,,92.70624861018456,,,83.96099766833886,,,,,,,,,,,,,,,,,,,,,,,0.7371007371007371,85.07371007371007,,,,,
BIHAR,darbhanga,20.3,,,,,,,,,,,,,,8.612734543217472,,,22.7,,,,,,,,,,,,,,41.6,,,21.00892033220548,,98.92835173373912,,,81.0573056300268,,,,,,,,,,,,,,,,,,,,,,,0.09227929867733,81.14426330359889,,,,,
BIHAR,gaya,21.5,,,,,,,,,,,,,,9.742863882991273,,,30.7,,,,,,,,,,,,,,34.7,,,49.56357631516868,,95.09896940945526,,,81.75360192102454,,,,,,,,,,,,,,,,,,,,,,,0.2359046945034206,85.04364236848313,,,,,
BIHAR,gopalganj,18.4,,,,,,,,,,,,,,6.354378818737271,,,32.9,,,,,,,,,,,,,,39.4,,,17.515274949083505,,94.54535537009764,,,89.04661329141904,,,,,,,,,,,,,,,,,,,,,,,0.1629327902240326,93.19755600814663,,,,,
BIHAR,jamui,18.1,,,,,,,,,,,,,,5.8965683905268245,,,20.6,,,,,,,,,,,,,,40.2,,,71.62880618656355,,96.90219560878243,,,81.41519595658299,,,,,,,,,,,,,,,,,,,,,,,0.0966650555824069,91.05848235862736,,,,,
BIHAR,jehanabad,22.4,,,,,,,,,,,,,,12.425531914893618,,,30.5,,,,,,,,,,,,,,34.3,,,41.95744680851064,,97.21313461771476,,,80.4818092428712,,,,,,,,,,,,,,,,,,,,,,,0.5106382978723404,89.95744680851064,,,,,
BIHAR,kaimur (bhabua),18.1,,,,,,,,,,,,,,5.674653215636822,,,29.5,,,,,,,,,,,,,,29.0,,,34.42622950819672,,88.69802536522717,,,85.33310527666124,,,,,,,,,,,,,,,,,,,,,,,0.0,92.43379571248424,,,,,
BIHAR,katihar,19.2,,,,,,,,,,,,,,8.50900728248371,,,19.8,,,,,,,,,,,,,,16.9,,,58.79647374472978,,96.96953698326382,,,78.02893774779878,,,,,,,,,,,,,,,,,,,,,,,1.9931008049060943,78.22920659256421,,,,,
BIHAR,khagaria,23.2,,,,,,,,,,,,,,6.997084548104956,,,26.6,,,,,,,,,,,,,,33.2,,,81.4868804664723,,94.94137670196672,,,78.81619937694704,,,,,,,,,,,,,,,,,,,,,,,0.1457725947521866,88.33819241982506,,,,,
BIHAR,kishanganj,22.6,,,,,,,,,,,,,,7.385524372230429,,,15.0,,,,,,,,,,,,,,15.3,,,23.09207287050714,,97.7348434377082,,,84.52472278401562,,,,,,,,,,,,,,,,,,,,,,,1.427868045297883,75.9231905465288,,,,,
BIHAR,lakhisarai,10.0,,,,,,,,,,,,,,14.009661835748794,,,30.0,,,,,,,,,,,,,,42.6,,,56.038647342995176,,94.69770004131662,,,86.50330610657332,,,,,,,,,,,,,,,,,,,,,,,0.0,87.2463768115942,,,,,
BIHAR,madhepura,31.9,,,,,,,,,,,,,,2.6172300981461287,,,23.2,,,,,,,,,,,,,,13.4,,,16.19411123227917,,90.48276814697148,,,80.47890535917902,,,,,,,,,,,,,,,,,,,,,,,0.381679389312977,93.94765539803709,,,,,
BIHAR,madhubani,30.4,,,,,,,,,,,,,,3.5149384885764503,,,26.5,,,,,,,,,,,,,,40.0,,,16.746171227717802,,90.65040650406505,,,78.26329810088511,,,,,,,,,,,,,,,,,,,,,,,0.4519206628169721,82.65126788852623,,,,,
BIHAR,munger,12.7,,,,,,,,,,,,,,20.54794520547945,,,44.4,,,,,,,,,,,,,,59.4,,,96.19482496194824,,96.48531011969531,,,73.54651162790698,,,,,,,,,,,,,,,,,,,,,,,0.532724505327245,90.94368340943684,,,,,
BIHAR,muzaffarpur,26.0,,,,,,,,,,,,,,7.261462205700124,,,33.8,,,,,,,,,,,,,,41.5,,,87.03841387856258,,96.58896753722236,,,79.4855143053,,,,,,,,,,,,,,,,,,,,,,,0.5700123915737298,83.54399008674102,,,,,
BIHAR,nalanda,11.8,,,,,,,,,,,,,,18.382817435249528,,,28.8,,,,,,,,,,,,,,41.0,,,75.96336070751737,,91.99780182617518,,,82.18216483230782,,,,,,,,,,,,,,,,,,,,,,,0.1263423878711307,87.46051800379027,,,,,
BIHAR,nawada,12.8,,,,,,,,,,,,,,7.953004970628107,,,37.3,,,,,,,,,,,,,,40.7,,,21.192950745594217,,98.608376892268,,,85.70415269538303,,,,,,,,,,,,,,,,,,,,,,,0.3615002259376412,89.51649344780841,,,,,
BIHAR,pashchim champaran,24.0,,,,,,,,,,,,,,8.388204981391354,,,21.6,,,,,,,,,,,,,,31.4,,,50.52963068995133,,92.44068420084604,,,81.76628080951257,,,,,,,,,,,,,,,,,,,,,,,0.6298310907529345,87.17434869739479,,,,,
BIHAR,patna,16.2,,,,,,,,,,,,,,30.01467197652484,,,43.6,,,,,,,,,,,,,,64.6,,,42.82121148606162,,95.6244145343391,,,89.92530700088619,,,,,,,,,,,,,,,,,,,,,,,0.2095996646405365,83.0433871305806,,,,,
BIHAR,purba champaran,17.9,,,,,,,,,,,,,,9.574468085106384,,,20.1,,,,,,,,,,,,,,44.2,,,27.585353785254824,,95.48537670483552,,,81.26572769953052,,,,,,,,,,,,,,,,,,,,,,,0.098960910440376,89.75754576942107,,,,,
BIHAR,purnia,17.6,,,,,,,,,,,,,,13.135593220338984,,,19.2,,,,,,,,,,,,,,19.3,,,78.99011299435028,,97.09680699613584,,,85.1108129366585,,,,,,,,,,,,,,,,,,,,,,,0.0706214689265536,86.54661016949152,,,,,
BIHAR,rohtas,14.7,,,,,,,,,,,,,,16.055045871559635,,,42.6,,,,,,,,,,,,,,47.4,,,92.6605504587156,,95.62010836845272,,,88.36919083512204,,,,,,,,,,,,,,,,,,,,,,,0.2822865208186309,90.75511644318983,,,,,
BIHAR,saharsa,16.9,,,,,,,,,,,,,,17.05150976909414,,,20.9,,,,,,,,,,,,,,25.2,,,15.86737714624038,,98.24063564131669,,,88.69090909090909,,,,,,,,,,,,,,,,,,,,,,,0.2368265245707519,85.43516873889875,,,,,
BIHAR,samastipur,13.6,,,,,,,,,,,,,,8.418591055247004,,,26.5,,,,,,,,,,,,,,36.1,,,57.61473253434668,,96.77918235610544,,,87.37197252681045,,,,,,,,,,,,,,,,,,,,,,,0.3215434083601286,89.50599239988307,,,,,
BIHAR,saran,17.6,,,,,,,,,,,,,,8.99116123133191,,,35.5,,,,,,,,,,,,,,36.8,,,63.97439804937519,,95.67451110374544,,,79.76366947609165,,,,,,,,,,,,,,,,,,,,,,,0.1523925632429137,88.78390734532154,,,,,
BIHAR,sheikhpura,13.7,,,,,,,,,,,,,,21.34646962233169,,,28.3,,,,,,,,,,,,,,40.3,,,67.65188834154351,,93.1184496737196,,,77.73979918820764,,,,,,,,,,,,,,,,,,,,,,,0.1642036124794745,93.76026272577997,,,,,
BIHAR,sheohar,19.1,,,,,,,,,,,,,,10.091743119266056,,,21.0,,,,,,,,,,,,,,31.3,,,92.29357798165138,,96.93667157584684,,,89.23335736601778,,,,,,,,,,,,,,,,,,,,,,,0.0,87.5229357798165,,,,,
BIHAR,sitamarhi,22.7,,,,,,,,,,,,,,8.228730822873082,,,19.2,,,,,,,,,,,,,,40.5,,,58.54253835425384,,97.421004955507,,,81.33844479151875,,,,,,,,,,,,,,,,,,,,,,,0.4184100418410041,86.12273361227336,,,,,
BIHAR,siwan,25.8,,,,,,,,,,,,,,5.630701478452344,,,38.9,,,,,,,,,,,,,,48.0,,,30.92167348222712,,87.01549638675272,,,82.86460087571574,,,,,,,,,,,,,,,,,,,,,,,0.2516514627241271,84.27178357974205,,,,,
BIHAR,supaul,24.7,,,,,,,,,,,,,,6.919945725915875,,,16.2,,,,,,,,,,,,,,15.0,,,35.549525101763905,,94.82747113395182,,,83.27831204248601,,,,,,,,,,,,,,,,,,,,,,,0.3165988240615106,86.56716417910447,,,,,
BIHAR,vaishali,20.7,,,,,,,,,,,,,,9.365889212827987,,,34.0,,,,,,,,,,,,,,40.9,,,89.68658892128279,,95.43051697876534,,,85.03213096299076,,,,,,,,,,,,,,,,,,,,,,,0.2186588921282798,84.32944606413994,,,,,
ANDAMAN & NICOBAR ISLANDS,andamans,4.3,,97.80461031833153,,,,,,,,100.0,,,,,,,,50.93484419263456,,,8.91946992864424,,,,,,,,,,,,,,,,85.96491228070175,,,,,,,,,,,,,,,,,,,,,,,,,,7.602339181286549,63.74269005847953,,,,
ANDAMAN & NICOBAR ISLANDS,middle and north andamans,6.1,,97.86780383795308,,,,,,,,100.0,,,,,,,,49.09729187562688,,,6.466302367941712,,,,,,,,,,,,,,,,86.59217877094973,,,,,,,,,,,,,,,,,,,,,,,,,,23.463687150837988,67.0391061452514,,,,
ANDAMAN & NICOBAR ISLANDS,nicobars,11.2,,88.48484848484848,,,,,,,,89.65517241379311,,,,,,,,39.14473684210527,,,2.1021021021021022,,,,,,,,,,,,,,,,79.3103448275862,,,,,,,,,,,,,,,,,,,,,,,,,,58.620689655172406,77.58620689655173,,,,
RAJASTHAN,ajmer,0.0,,,94.10077836952068,84.0639082343302,,,,,,,,6.104055714870955,,27.324866857845148,,17.615731257681276,40.2,,,,,,7.33306022122081,,80.09012699713233,,,,,,,35.477263416632525,,,,,,,,,,,,,,,,,,,,1.5767904443000649,,,,,,,,,,,,,,,,
RAJASTHAN,alwar,7.0,,,91.11334674714956,83.56807511737088,,,,,,,,5.667337357478202,,19.718309859154928,,14.319248826291082,35.1,,,,,,5.633802816901409,,52.14621059691482,,,,,,,20.087189805499666,,,,,,,,,,,,,,,,,,,,1.8141836173721824,,,,,,,,,,,,,,,,
RAJASTHAN,balotara,12.9,,,85.40991199629458,77.95275590551181,,,,,,,,2.3158869847151458,,6.299212598425196,,5.141269106067623,31.327272727272724,,,,,,7.78138026864289,,43.02918017600741,,,,,,,16.85965724872626,,,,,,,,,,,,,,,,,,,,1.6992353440951573,,,,,,,,,,,,,,,,
RAJASTHAN,banswara,11.1,,,85.72519083969465,33.2824427480916,,,,,,,,2.8753180661577606,,4.427480916030534,,5.572519083969466,28.5,,,,,,9.05852417302799,,20.254452926208653,,,,,,,15.29262086513995,,,,,,,,,,,,,,,,,,,,3.30601229446749,,,,,,,,,,,,,,,,
RAJASTHAN,baran,8.8,,,82.33082706766918,59.30451127819549,,,,,,,,2.6785714285714284,,15.648496240601505,,6.343984962406016,24.4,,,,,,6.343984962406016,,31.813909774436087,,,,,,,16.917293233082706,,,,,,,,,,,,,,,,,,,,1.5617971912639312,,,,,,,,,,,,,,,,
RAJASTHAN,barmer,10.0,,,82.77053975006648,67.40228662589736,,,,,,,,4.094655676681733,,2.525923956394576,,2.419569263493752,25.6,,,,,,8.056367987237437,,34.77798457856953,,,,,,,14.437649561286891,,,,,,,,,,,,,,,,,,,,3.1061022539857066,,,,,,,,,,,,,,,,
RAJASTHAN,beawar,15.7,,,92.93768545994064,77.62611275964392,,,,,,,,2.6706231454005933,,12.225519287833828,,10.089020771513352,33.660000000000004,,,,,,5.99406528189911,,62.255192878338285,,,,,,,26.29080118694361,,,,,,,,,,,,,,,,,,,,1.1494827327702537,,,,,,,,,,,,,,,,
RAJASTHAN,bharatpur,5.3,,,88.15719596388742,87.41370154009559,,,,,,,,3.451938396176314,,26.765799256505574,,12.586298459904407,30.3,,,,,,5.682421667551779,,49.12373871481678,,,,,,,16.14445034519384,,,,,,,,,,,,,,,,,,,,1.894147633564896,,,,,,,,,,,,,,,,
RAJASTHAN,bhilwara,0.0,,,93.63518758085382,64.19146183699871,,,,,,,,3.130659767141009,,15.420439844760672,,10.91849935316947,25.3,,,,,,5.097024579560156,,69.13324708926261,,,,,,,22.121604139715394,,,,,,,,,,,,,,,,,,,,2.7862461892148533,,,,,,,,,,,,,,,,
RAJASTHAN,bikaner,9.7,,,87.6897598675131,72.9505934308584,,,,,,,,6.127518630968811,,21.61192382003864,,11.565001380071765,30.2,,,,,,6.155120066243445,,65.96743030637593,,,,,,,24.372067347502067,,,,,,,,,,,,,,,,,,,,3.1660752661302416,,,,,,,,,,,,,,,,
RAJASTHAN,bundi,11.5,,,87.28859792689579,66.17566830332787,,,,,,,,2.9459901800327333,,16.25750136388434,,7.419530823786142,27.4,,,,,,6.710310965630114,,46.80851063829788,,,,,,,23.622476813966177,,,,,,,,,,,,,,,,,,,,3.413463941226448,,,,,,,,,,,,,,,,
RAJASTHAN,chittaurgarh,14.5,,,92.46190858059342,70.20850040096232,,,,,,,,3.408179631114676,,13.47233360064154,,11.828388131515638,24.8,,,,,,2.125100240577386,,51.72413793103448,,,,,,,21.97273456295108,,,,,,,,,,,,,,,,,,,,2.2339947023839275,,,,,,,,,,,,,,,,
RAJASTHAN,churu,7.5,,,89.11617136240834,77.65341566962563,,,,,,,,7.60324199150907,,24.2763411810112,,11.385565418757237,33.4,,,,,,6.368197607101505,,79.85333847935159,,,,,,,35.082979544577384,,,,,,,,,,,,,,,,,,,,3.0736168724074164,,,,,,,,,,,,,,,,
RAJASTHAN,dausa,2.7,,,88.24470211915234,80.6077568972411,,,,,,,,4.718112754898041,,12.155137944822073,,8.876449420231907,34.6,,,,,,3.958416633346661,,41.143542582966816,,,,,,,18.232706917233106,,,,,,,,,,,,,,,,,,,,2.3714328552151533,,,,,,,,,,,,,,,,
RAJASTHAN,deeg,13.9,,,87.87023977433005,83.77997179125529,,,,,,,,3.385049365303244,,14.386459802538788,,8.603667136812412,28.5,,,,,,10.71932299012694,,35.04936530324401,,,,,,,17.136812411847675,,,,,,,,,,,,,,,,,,,,1.3843770303363487,,,,,,,,,,,,,,,,
RAJASTHAN,dhaulpur,11.3,,,89.44805194805194,84.46969696969697,,,,,,,,4.112554112554113,,21.15800865800865,,9.307359307359308,27.0,,,,,,12.067099567099566,,37.391774891774894,,,,,,,21.428571428571427,,,,,,,,,,,,,,,,,,,,2.8162326952871206,,,,,,,,,,,,,,,,
RAJASTHAN,didwana-kuchaman,5.5,,,91.53508771929825,81.97368421052632,,,,,,,,5.175438596491229,,17.45614035087719,,12.06140350877193,36.825,,,,,,3.2017543859649127,,85.35087719298245,,,,,,,29.69298245614035,,,,,,,,,,,,,,,,,,,,1.499325303613374,,,,,,,,,,,,,,,,
RAJASTHAN,dungarpur,11.3,,,90.12889028607356,41.1191449229802,,,,,,,,2.8292989625903804,,3.646651996227601,,6.790317510216913,32.5,,,,,,7.7648538195536,,22.791574976422503,,,,,,,14.303678088651369,,,,,,,,,,,,,,,,,,,,2.508871008046379,,,,,,,,,,,,,,,,
RAJASTHAN,ganganagar,0.0,,,93.88464211257818,81.7234190410007,,,,,,,,5.559416261292564,,16.191799861014594,,13.029881862404446,39.3,,,,,,2.223766504517026,,85.33703961084086,,,,,,,27.13690062543433,,,,,,,,,,,,,,,,,,,,4.398020890599231,,,,,,,,,,,,,,,,
RAJASTHAN,hanumangarh,7.1,,,91.85475956820412,84.44553483807654,,,,,,,,6.47693817468106,,20.31403336604514,,14.622178606476938,38.4,,,,,,2.4043179587831207,,88.22374877330716,,,,,,,33.267909715407264,,,,,,,,,,,,,,,,,,,,4.482982657803988,,,,,,,,,,,,,,,,
RAJASTHAN,jaipur,0.0,,,91.46133203220298,84.43522810441571,,,,,,,,7.818980239082703,,43.99853622834838,,28.9216882166382,47.9,,,,,,4.110758721639424,,74.46938277628689,,,,,,,35.22810441571115,,,,,,,,,,,,,,,,,,,,3.803288520165925,,,,,,,,,,,,,,,,
RAJASTHAN,jaisalmer,13.3,,,80.06872852233677,57.44558991981672,,,,,,,,3.608247422680412,,7.617411225658649,,5.498281786941581,18.7,,,,,,3.150057273768614,,48.8545246277205,,,,,,,17.29667812142039,,,,,,,,,,,,,,,,,,,,2.428906991853666,,,,,,,,,,,,,,,,
RAJASTHAN,jalor,0.0,,,85.64213564213564,76.6955266955267,,,,,,,,3.6075036075036073,,9.271284271284271,,6.0606060606060606,22.2,,,,,,9.199134199134198,,73.77344877344876,,,,,,,25.144300144300143,,,,,,,,,,,,,,,,,,,,2.4788845019741115,,,,,,,,,,,,,,,,
RAJASTHAN,jhalawar,9.7,,,89.78857399910032,69.00584795321637,,,,,,,,2.06927575348628,,9.31174089068826,,5.1731893837157,22.4,,,,,,6.162843004948268,,49.03283850652272,,,,,,,18.083670715249664,,,,,,,,,,,,,,,,,,,,2.0740666699985004,,,,,,,,,,,,,,,,
RAJASTHAN,jhunjhunu,0.0,,,93.29132690882136,85.95255744996294,,,,,,,,8.191252779836915,,18.754633061527056,,17.679762787249814,45.2,,,,,,1.3713862120088955,,86.24907338769458,,,,,,,39.14010378057821,,,,,,,,,,,,,,,,,,,,4.215602978659603,,,,,,,,,,,,,,,,
RAJASTHAN,jodhpur,0.0,,,90.22010437939642,79.37372362151123,,,,,,,,5.037440435670524,,26.185613796233262,,18.19832085318811,34.6,,,,,,4.334014068527343,,77.26344452008169,,,,,,,29.43045155434536,,,,,,,,,,,,,,,,,,,,3.0386326153231047,,,,,,,,,,,,,,,,
RAJASTHAN,karauli,0.0,,,86.57323688969258,75.9493670886076,,,,,,,,3.6618444846292943,,14.91862567811935,,7.2784810126582276,22.7,,,,,,8.273056057866185,,39.285714285714285,,,,,,,21.20253164556961,,,,,,,,,,,,,,,,,,,,2.6063271527812484,,,,,,,,,,,,,,,,
RAJASTHAN,khairthal-tijara,6.7,,,89.40586972083035,85.61202576950609,,,,,,,,7.229778095919828,,23.90837508947745,,19.47029348604152,35.900000000000006,,,,,,8.375089477451683,,51.89692197566214,,,,,,,27.415891195418755,,,,,,,,,,,,,,,,,,,,0.947073816782448,,,,,,,,,,,,,,,,
RAJASTHAN,kota,2.7,,,91.47902869757174,81.89845474613686,,,,,,,,5.298013245033113,,48.65342163355408,,16.335540838852097,44.0,,,,,,7.902869757174392,,67.1523178807947,,,,,,,33.554083885209714,,,,,,,,,,,,,,,,,,,,2.643810285371583,,,,,,,,,,,,,,,,
RAJASTHAN,kotputli-behror,4.2,,,90.25293028994447,83.22023442319556,,,,,,,,8.389882788402222,,24.552745219000617,,19.494139420111043,48.73333333333333,,,,,,1.2338062924120914,,60.14805675508945,,,,,,,32.819247378161634,,,,,,,,,,,,,,,,,,,,0.9095906841921136,,,,,,,,,,,,,,,,
RAJASTHAN,nagaur,7.5,,,90.7176287051482,77.30109204368175,,,,,,,,4.05616224648986,,13.455538221528862,,8.814352574102964,32.3,,,,,,3.627145085803432,,63.65054602184087,,,,,,,23.75195007800312,,,,,,,,,,,,,,,,,,,,1.5992803238542654,,,,,,,,,,,,,,,,
RAJASTHAN,pali,11.6,,,89.75654570509876,76.34359209921911,,,,,,,,4.639412034910427,,23.88608176389527,,11.943040881947637,36.6,,,,,,3.445107946715664,,77.124483233808,,,,,,,32.56775378961874,,,,,,,,,,,,,,,,,,,,2.059073416962367,,,,,,,,,,,,,,,,
RAJASTHAN,phalodi,11.8,,,83.82533825338253,51.9680196801968,,,,,,,,3.259532595325953,,3.8745387453874542,,5.166051660516605,27.066666666666663,,,,,,8.794587945879458,,57.7490774907749,,,,,,,15.375153751537516,,,,,,,,,,,,,,,,,,,,1.0845119696136738,,,,,,,,,,,,,,,,
RAJASTHAN,pratapgarh (raj.),12.5,,,86.226034308779,37.68920282542886,,,,,,,,2.219979818365288,,4.944500504540867,,4.187689202825428,23.5,,,,,,8.375378405650856,,19.37436932391524,,,,,,,14.984863773965692,,,,,,,,,,,,,,,,,,,,2.4788845019741115,,,,,,,,,,,,,,,,
RAJASTHAN,rajsamand,16.0,,,94.80698529411764,66.59007352941177,,,,,,,,4.8713235294117645,,8.685661764705882,,10.753676470588236,33.9,,,,,,2.527573529411765,,60.29411764705882,,,,,,,21.875,,,,,,,,,,,,,,,,,,,,3.1235943825278625,,,,,,,,,,,,,,,,
RAJASTHAN,salumbar,14.9,,,83.11588641596316,53.49194167306216,,,,,,,,4.98848810437452,,3.683806600153492,,3.530314658480429,27.725,,,,,,9.823484267075978,,25.24942440521872,,,,,,,12.202609363008442,,,,,,,,,,,,,,,,,,,,0.6746963866260183,,,,,,,,,,,,,,,,
RAJASTHAN,sawai madhopur,0.0,,,87.94871794871794,81.33333333333333,,,,,,,,3.794871794871795,,19.07692307692308,,8.564102564102564,28.3,,,,,,5.641025641025641,,47.43589743589743,,,,,,,25.07692307692308,,,,,,,,,,,,,,,,,,,,2.508871008046379,,,,,,,,,,,,,,,,
RAJASTHAN,sikar,0.0,,,89.73918028088278,80.96875895672112,,,,,,,,6.391516193751791,,21.037546574949843,,17.454858125537402,41.4,,,,,,2.4648896531957583,,76.1249641731155,,,,,,,35.79822298652909,,,,,,,,,,,,,,,,,,,,3.268529161877156,,,,,,,,,,,,,,,,
RAJASTHAN,sirohi,16.4,,,86.83453237410072,74.60431654676259,,,,,,,,4.9640287769784175,,10.863309352517986,,10.50359712230216,25.7,,,,,,7.122302158273381,,56.25899280575539,,,,,,,25.68345323741007,,,,,,,,,,,,,,,,,,,,2.179019441251437,,,,,,,,,,,,,,,,
RAJASTHAN,tonk,1.3,,,89.33062880324543,79.87829614604462,,,,,,,,2.677484787018256,,22.59634888438134,,6.206896551724138,27.3,,,,,,3.4482758620689653,,69.69574036511156,,,,,,,19.350912778904668,,,,,,,,,,,,,,,,,,,,3.0911090009495727,,,,,,,,,,,,,,,,
RAJASTHAN,udaipur,12.2,,,87.43328481319747,50.727802037845706,,,,,,,,5.094614264919942,,9.461426491994178,,10.213488597768071,30.1,,,,,,9.99514798641436,,30.033964095099464,,,,,,,20.59679767103348,,,,,,,,,,,,,,,,,,,,2.543855265130691,,,,,,,,,,,,,,,,
PUDUCHERRY,karaikal,9.7,,,,,,27.325581395348834,,,,,,2.3255813953488373,,,,,,62.2847543049139,79.12641747165057,,,,,,,,,,,,,,,,,,,,,,,57.55813953488372,,,,7.2,,,,,,,,,2.771944561108778,,15.126903553299492,,,,,,,,15.683814303638648,,,
PUDUCHERRY,mahe,7.8,,,,,,27.27272727272727,,,,,,18.181818181818183,,,,,,63.608562691131496,85.62691131498471,,,,,,,,,,,,,,,,,,,,,,,57.57575757575758,,,,2.8,,,,,,,,,1.834862385321101,,2.4365482233502536,,,,,,,,3.450439146800502,,,
PUDUCHERRY,pondicherry,4.7,,,,,,29.23076923076924,,,,,,6.538461538461539,,,,,,64.89856506679862,78.15932706580901,,,,,,,,,,,,,,,,,,,,,,,51.92307692307693,,,,5.7,,,,,,,,,1.0192973775358734,,75.83756345177665,,,,,,,,73.3375156838143,,,
PUDUCHERRY,yanam,14.6,,,,,,10.526315789473683,,,,,,0.0,,,,,,41.883767535070135,59.71943887775552,,,,,,,,,,,,,,,,,,,,,,,65.78947368421053,,,,15.9,,,,,,,,,4.408817635270541,,6.598984771573605,,,,,,,,7.528230865746549,,,
CHHATTISGARH,balod,11.5,,,,,,,,,,,,,,,,,,17.882265827471308,,5.40286445831333,,,,,,,,,,,,,,,,,,,,,,,,,3.076563495544762,,,,17.821158690176322,,,,,,,,,,,,,,,,,2.8122515530042715,2.231814486469746,
CHHATTISGARH,balodabazar,19.1,,,,,,,,,,,,,,,,,,18.77281246917234,,3.8049088090564114,,,,,,,,,,,,,,,,,,,,,,,,,2.985313563581992,,,,8.374930671103716,,,,,,,,,,,,,,,,,1.9947670737567984,1.7749990321706477,
CHHATTISGARH,balrampur,18.4,,,,,,,,,,,,,,,,,,17.86584015939783,,4.908368785078212,,,,,,,,,,,,,,,,,,,,,,,,,3.895891832010476,,,,7.307525010874293,,,,,,,,,,,,,,,,,2.7096158848521634,3.5035422554295224,
CHHATTISGARH,baster,8.2,,,,,,,,,,,,,,,,,,23.9279673664312,,5.582803343794262,,,,,,,,,,,,,,,,,,,,,,,,,5.328355676226031,,,,11.811652035115722,,,,,,,,,,,,,,,,,3.5649439794517512,7.892648368239712,
CHHATTISGARH,bemetara,21.0,,,,,,,,,,,,,,,,,,21.28260285022856,,3.807836833321388,,,,,,,,,,,,,,,,,,,,,,,,,2.360011398237116,,,,9.918478260869565,,,,,,,,,,,,,,,,,2.0612442381928475,1.446904881731253,
CHHATTISGARH,bijapur,11.4,,,,,,,,,,,,,,,,,,34.61639172558261,,5.640730237504431,,,,,,,,,,,,,,,,,,,,,,,,,2.329274579049656,,,,1.9588638589618024,,,,,,,,,,,,,,,,,3.648718718445542,3.5974217026053967,
CHHATTISGARH,bilaspur,16.8,,,,,,,,,,,,,,,,,,28.17962119934806,,4.246225219613824,,,,,,,,,,,,,,,,,,,,,,,,,3.2853177258595907,,,,6.72,,,,,,,,,,,,,,,,,2.0572612294155097,2.4224768688784795,
CHHATTISGARH,dantewada,9.4,,,,,,,,,,,,,,,,,,23.836231071228266,,5.989955150924697,,,,,,,,,,,,,,,,,,,,,,,,,2.113156319137832,,,,21.0989010989011,,,,,,,,,,,,,,,,,4.376163873370578,2.6644342069606286,
CHHATTISGARH,dhamtari,14.4,,,,,,,,,,,,,,,,,,23.558564003384504,,5.303953121594071,,,,,,,,,,,,,,,,,,,,,,,,,3.288199302658415,,,,9.476744186046512,,,,,,,,,,,,,,,,,3.444630084059938,2.92574813208935,
CHHATTISGARH,durg,11.8,,,,,,,,,,,,,,,,,,39.073539350003074,,4.593118082950974,,,,,,,,,,,,,,,,,,,,,,,,,2.3472043902423403,,,,9.94733762434172,,,,,,,,,,,,,,,,,2.520446305612546,1.3530254345553792,
CHHATTISGARH,gariaband,16.9,,,,,,,,,,,,,,,,,,14.326029216467465,,4.718562499020883,,,,,,,,,,,,,,,,,,,,,,,,,3.8616330856244536,,,,7.49400479616307,,,,,,,,,,,,,,,,,3.055143929123183,3.28481282180326,
CHHATTISGARH,gourela pendra marvahi,21.7,,,,,,,,,,,,,,,,,,18.697033898305087,,5.569157251998466,,,,,,,,,,,,,,,,,,,,,,,,,1.9357792584102025,,,,6.546990496304119,,,,,,,,,,,,,,,,,3.453689167974882,1.5572374278967132,
CHHATTISGARH,janjgir - champa,22.5,,,,,,,,,,,,,,,,,,20.829365422907102,,4.890947660805094,,,,,,,,,,,,,,,,,,,,,,,,,2.4592657101966195,,,,6.080707573244887,,,,,,,,,,,,,,,,,2.1024778297221216,3.414501955015292,
CHHATTISGARH,jashpur,9.9,,,,,,,,,,,,,,,,,,15.561860545095003,,6.203762474464352,,,,,,,,,,,,,,,,,,,,,,,,,4.824079736431775,,,,8.803611738148984,,,,,,,,,,,,,,,,,5.015217111749324,5.752777670241184,
CHHATTISGARH,kanker,11.6,,,,,,,,,,,,,,,,,,18.227631453836647,,7.156661268151939,,,,,,,,,,,,,,,,,,,,,,,,,5.218215407470969,,,,12.076923076923077,,,,,,,,,,,,,,,,,4.830871713669497,6.724478339979095,
CHHATTISGARH,kawardha,19.6,,,,,,,,,,,,,,,,,,19.864864864864863,,3.970964153999258,,,,,,,,,,,,,,,,,,,,,,,,,2.6821076493057,,,,4.741379310344827,,,,,,,,,,,,,,,,,2.4836345872007817,6.259920250861368,
CHHATTISGARH,khairagarh-chuikhadan-gandai,18.7,,,,,,,,,,,,,,,,,,22.051744885679906,,3.8694356490966655,,,,,,,,,,,,,,,,,,,,,,,,,1.3123981442645416,,,,14.536340852130325,,,,,,,,,,,,,,,,,3.23100628185374,1.019124308002013,
CHHATTISGARH,kondagaon,14.7,,,,,,,,,,,,,,,,,,17.540821375556657,,6.3173030336183045,,,,,,,,,,,,,,,,,,,,,,,,,4.621088659714596,,,,11.773185968284478,,,,,,,,,,,,,,,,,4.086113895651343,3.7038829313615422,
CHHATTISGARH,korba,18.2,,,,,,,,,,,,,,,,,,24.460129400890683,,4.564492003221724,,,,,,,,,,,,,,,,,,,,,,,,,4.093119755130007,,,,10.458567980691877,,,,,,,,,,,,,,,,,2.488151658767773,3.24319615965313,
CHHATTISGARH,koriya,13.4,,,,,,,,,,,,,,,,,,27.06449668474985,,6.043385607343861,,,,,,,,,,,,,,,,,,,,,,,,,1.5061041401855095,,,,9.79020979020979,,,,,,,,,,,,,,,,,3.306466057675085,1.7556424451240755,
CHHATTISGARH,mahasamund,15.4,,,,,,,,,,,,,,,,,,22.91,,4.530072888872782,,,,,,,,,,,,,,,,,,,,,,,,,4.758763995658424,,,,2.497769848349688,,,,,,,,,,,,,,,,,2.762637743876275,4.586543300685223,
CHHATTISGARH,manendragarh-chirmiri-bharatpur,18.0,,,,,,,,,,,,,,,,,,22.17095143924412,,5.353487824961769,,,,,,,,,,,,,,,,,,,,,,,,,2.0958668583448863,,,,8.574181117533719,,,,,,,,,,,,,,,,,3.443808446988434,3.340946924238318,
CHHATTISGARH,mohla-manpur-chowki,11.9,,,,,,,,,,,,,,,,,,19.401574803149607,,5.420401195049082,,,,,,,,,,,,,,,,,,,,,,,,,1.8720643936361976,,,,14.195583596214512,,,,,,,,,,,,,,,,,4.702478474570363,1.267856451550463,
CHHATTISGARH,mungeli,17.3,,,,,,,,,,,,,,,,,,19.367529126948103,,3.631438399068101,,,,,,,,,,,,,,,,,,,,,,,,,1.6543452577250273,,,,3.279938977879481,,,,,,,,,,,,,,,,,1.9290686112031816,2.185358677557973,
CHHATTISGARH,narayanpur,16.2,,,,,,,,,,,,,,,,,,18.62517417556897,,6.26819611039944,,,,,,,,,,,,,,,,,,,,,,,,,0.5676706293683904,,,,9.555189456342667,,,,,,,,,,,,,,,,,4.496225795864785,3.376756610274476,
CHHATTISGARH,raigarh,17.3,,,,,,,,,,,,,,,,,,24.059337093409567,,5.530818405579105,,,,,,,,,,,,,,,,,,,,,,,,,4.534641355749866,,,,10.19455252918288,,,,,,,,,,,,,,,,,3.190854531814772,2.207618752661531,
CHHATTISGARH,raipur,13.1,,,,,,,,,,,,,,,,,,37.61253887706662,,4.419653676834981,,,,,,,,,,,,,,,,,,,,,,,,,4.481172097371681,,,,7.708161582852433,,,,,,,,,,,,,,,,,2.456906946359092,3.5954860439007392,
CHHATTISGARH,rajnandgaon,14.8,,,,,,,,,,,,,,,,,,27.76200749403884,,4.6274695250105085,,,,,,,,,,,,,,,,,,,,,,,,,2.4035552254193493,,,,12.692307692307692,,,,,,,,,,,,,,,,,3.5704415485023064,2.0876079129727847,
CHHATTISGARH,sakti,17.6,,,,,,,,,,,,,,,,,,18.102777056838825,,5.259063114217078,,,,,,,,,,,,,,,,,,,,,,,,,1.86598106483868,,,,11.177644710578845,,,,,,,,,,,,,,,,,2.771030383628937,1.9724362200456813,
CHHATTISGARH,sarangarh-bilaigarh,11.6,,,,,,,,,,,,,,,,,,20.50951767568341,,5.601879319468274,,,,,,,,,,,,,,,,,,,,,,,,,2.5956603453409706,,,,9.87734021949645,,,,,,,,,,,,,,,,,2.7036942512601287,1.1342960009291163,
CHHATTISGARH,sukma,11.4,,,,,,,,,,,,,,,,,,16.2987012987013,,5.550949789135999,,,,,,,,,,,,,,,,,,,,,,,,,2.0042967511822467,,,,11.02514506769826,,,,,,,,,,,,,,,,,4.571331751948493,1.4991676667569973,
CHHATTISGARH,surajpur,12.6,,,,,,,,,,,,,,,,,,19.55691367456073,,5.616489050742554,,,,,,,,,,,,,,,,,,,,,,,,,4.210944228681935,,,,6.631832797427653,,,,,,,,,,,,,,,,,3.3436247078750454,3.262552746699702,
CHHATTISGARH,surguja,8.0,,,,,,,,,,,,,,,,,,21.35326650535776,,5.707014913595834,,,,,,,,,,,,,,,,,,,,,,,,,3.431957967399761,,,,8.582246529238537,,,,,,,,,,,,,,,,,3.833206645672712,2.954783012659208,
JAMMU & KASHMIR,anantnag,11.1,,,89.96742671009773,42.671009771986974,,,,,,78.0456026058632,,,,12.899022801302932,,,,,,6.53407009722353,,47.42671009771987,3.908794788273615,,,,,,,,,,,,,,51.00977198697069,84.7,,,,,,,,,,,,,,,,,,13.876221498371336,,,,,,,,,,,,
JAMMU & KASHMIR,badgam,13.8,,,97.0954356846473,43.3195020746888,,,,,,73.6929460580913,,,,9.626556016597512,,,,,,6.616798136152149,,47.38589211618257,2.8215767634854774,,,,,,,,,,,,,,49.12863070539419,77.0,,,,,,,,,,,,,,,,,,14.107883817427386,,,,,,,,,,,,
JAMMU & KASHMIR,bandipora,20.8,,,92.5233644859813,31.61993769470405,,,,,,55.9190031152648,,,,11.682242990654206,,,,,,6.174241423931128,,45.794392523364486,5.29595015576324,,,,,,,,,,,,,,54.82866043613706,66.8,,,,,,,,,,,,,,,,,,9.657320872274145,,,,,,,,,,,,
JAMMU & KASHMIR,baramula,15.5,,,90.132717830352,31.506058857472592,,,,,,61.9734564339296,,,,7.905366416618581,,,,,,6.260748655274617,,40.39238315060589,5.135603000577034,,,,,,,,,,,,,,51.18291979226775,77.7,,,,,,,,,,,,,,,,,,8.020773225620312,,,,,,,,,,,,
JAMMU & KASHMIR,doda,14.1,,,63.597430406852254,13.704496788008566,,,,,,72.59100642398288,,,,5.567451820128479,,,,,,6.274940508877906,,40.4710920770878,4.568165596002856,,,,,,,,,,,,,,56.53104925053534,70.9,,,,,,,,,,,,,,,,,,1.7130620985010707,,,,,,,,,,,,
JAMMU & KASHMIR,ganderbal,17.4,,,87.19723183391004,46.02076124567474,,,,,,65.39792387543253,,,,5.363321799307959,,,,,,7.089376160065436,,43.0795847750865,2.249134948096886,,,,,,,,,,,,,,48.615916955017305,78.4,,,,,,,,,,,,,,,,,,6.747404844290658,,,,,,,,,,,,
JAMMU & KASHMIR,jammu,6.8,,,89.37784522003035,76.32776934749621,,,,,,98.28022255943348,,,,25.89782498735458,,,,,,6.578842055024767,,56.95498229640869,3.1360647445624683,,,,,,,,,,,,,,86.89934243803744,81.2,,,,,,,,,,,,,,,,,,46.23166413758219,,,,,,,,,,,,
JAMMU & KASHMIR,kathua,12.0,,,74.1977734119188,42.04322200392927,,,,,,87.03339882121807,,,,6.090373280943026,,,,,,6.410492500971906,,49.50884086444008,2.4230517354289454,,,,,,,,,,,,,,75.90045841519319,75.4,,,,,,,,,,,,,,,,,,23.968565815324165,,,,,,,,,,,,
JAMMU & KASHMIR,kishtwar,14.9,,,96.89655172413794,16.551724137931036,,,,,,47.70114942528736,,,,5.632183908045977,,,,,,6.597495767612599,,38.39080459770115,4.137931034482759,,,,,,,,,,,,,,42.5287356321839,59.6,,,,,,,,,,,,,,,,,,1.1494252873563218,,,,,,,,,,,,
JAMMU & KASHMIR,kulgam,13.9,,,90.81364829396324,45.800524934383205,,,,,,68.24146981627297,,,,8.005249343832022,,,,,,6.668985104039877,,46.3254593175853,3.0183727034120733,,,,,,,,,,,,,,51.70603674540683,80.5,,,,,,,,,,,,,,,,,,6.299212598425196,,,,,,,,,,,,
JAMMU & KASHMIR,kupwara,16.0,,,83.31360946745562,23.07692307692308,,,,,,46.80473372781065,,,,3.7869822485207103,,,,,,5.628246502948104,,43.84615384615385,4.733727810650888,,,,,,,,,,,,,,43.37278106508876,67.7,,,,,,,,,,,,,,,,,,11.95266272189349,,,,,,,,,,,,
JAMMU & KASHMIR,pulwama,5.9,,,94.69525959367944,46.27539503386004,,,,,,68.73589164785552,,,,8.690744920993227,,,,,,6.379946113456003,,47.065462753950335,1.918735891647856,,,,,,,,,,,,,,53.83747178329571,91.6,,,,,,,,,,,,,,,,,,22.00902934537246,,,,,,,,,,,,
JAMMU & KASHMIR,punch,16.5,,,61.24401913875598,18.002392344497608,,,,,,75.5980861244019,,,,4.30622009569378,,,,,,5.43828419467126,,33.61244019138756,4.007177033492823,,,,,,,,,,,,,,39.354066985645936,66.7,,,,,,,,,,,,,,,,,,10.944976076555024,,,,,,,,,,,,
JAMMU & KASHMIR,rajauri,13.9,,,66.19718309859155,18.2092555331992,,,,,,76.71026156941649,,,,5.1307847082494975,,,,,,6.001482133345684,,37.223340040241446,4.275653923541248,,,,,,,,,,,,,,50.40241448692153,63.3,,,,,,,,,,,,,,,,,,14.486921529175053,,,,,,,,,,,,
JAMMU & KASHMIR,ramban,27.4,,,47.05882352941176,11.470588235294118,,,,,,53.72549019607843,,,,3.92156862745098,,,,,,4.82464757601061,,38.72549019607843,5.0,,,,,,,,,,,,,,47.35294117647059,48.9,,,,,,,,,,,,,,,,,,1.1764705882352942,,,,,,,,,,,,
JAMMU & KASHMIR,reasi,25.3,,,46.2962962962963,15.74074074074074,,,,,,60.18518518518518,,,,2.272727272727273,,,,,,5.570215364760379,,39.47811447811448,8.501683501683502,,,,,,,,,,,,,,45.28619528619529,62.7,,,,,,,,,,,,,,,,,,3.114478114478114,,,,,,,,,,,,
JAMMU & KASHMIR,samba,7.7,,,86.91756272401435,72.58064516129032,,,,,,97.67025089605734,,,,10.57347670250896,,,,,,7.007855205654624,,56.63082437275986,1.7921146953405016,,,,,,,,,,,,,,81.54121863799283,78.8,,,,,,,,,,,,,,,,,,40.50179211469534,,,,,,,,,,,,
JAMMU & KASHMIR,shopian,14.8,,,99.0272373540856,41.63424124513619,,,,,,68.8715953307393,,,,6.420233463035019,,,,,,6.6599855829245564,,47.85992217898833,2.140077821011673,,,,,,,,,,,,,,55.05836575875487,86.5,,,,,,,,,,,,,,,,,,12.45136186770428,,,,,,,,,,,,
JAMMU & KASHMIR,srinagar,1.5,,,98.15059445178336,79.39233817701454,,,,,,84.94055482166446,,,,91.28137384412152,,,,,,6.940811450442188,,69.22060766182298,4.359313077939234,,,,,,,,,,,,,,67.23910171730515,86.8,,,,,,,,,,,,,,,,,,15.323645970937912,,,,,,,,,,,,
JAMMU & KASHMIR,udhampur,17.8,,,61.04203670811131,23.80106571936057,,,,,,84.78389579632919,,,,6.335109532267615,,,,,,6.013673284231431,,37.18176435760805,3.197158081705151,,,,,,,,,,,,,,55.41740674955595,69.8,,,,,,,,,,,,,,,,,,7.341622261693309,,,,,,,,,,,,
JHARKHAND,bokaro,6.2,,96.72875965470242,89.01408450704226,47.08920187793427,,,,,,,,,,,,17.089201877934272,45.0,,,3.258702709931131,,,,,46.10328638497653,99.34272300469485,,,,,,19.061032863849764,,,,,,,,,,,,,,,,,,,,,,97.3,,,,,,,,,,,6.614524603536384,,,
JHARKHAND,chatra,12.2,,94.20393559928443,71.86982901268615,21.18036403750689,,,,,,,,,,,,5.405405405405405,27.7,,,2.8626424952181457,,,,,31.05350248207391,98.84169884169884,,,,,,11.4726971869829,,,,,,,,,,,,,,,,,,,,,,92.1,,,,,,,,,,,4.378493798133442,,,
JHARKHAND,deoghar,11.9,,96.71641791044776,81.98198198198197,47.612612612612615,,,,,,,,,,,,7.567567567567568,19.7,,,2.382262929610956,,,,,27.16216216216216,98.87387387387388,,,,,,16.98198198198198,,,,,,,,,,,,,,,,,,,,,,95.6,,,,,,,,,,,5.05626064633766,,,
JHARKHAND,dhanbad,10.2,,96.81889149102264,93.0175581870151,46.67211106574112,,,,,,,,,,,,19.599836668027766,37.9,,,3.177249979489704,,,,,41.89465087790935,99.18334013883218,,,,,,19.150673744385465,,,,,,,,,,,,,,,,,,,,,,98.5,,,,,,,,,,,5.217005350159545,,,
JHARKHAND,dumka,14.2,,92.4596549805231,74.453125,13.7109375,,,,,,,,,,,,4.921875,19.1,,,2.8507828362746737,,,,,36.25,98.984375,,,,,,13.2421875,,,,,,,,,,,,,,,,,,,,,,93.2,,,,,,,,,,,6.9114224706700895,,,
JHARKHAND,garhwa,17.7,,93.59026369168356,76.03972687771571,73.43265052762258,,,,,,,,,,,,2.4208566108007448,31.0,,,2.137944672716486,,,,,14.400993171942892,99.68963376784605,,,,,,14.276846679081316,,,,,,,,,,,,,,,,,,,,,,85.0,,,,,,,,,,,3.166910582759531,,,
JHARKHAND,giridih,7.4,,96.35258358662614,77.15326567785584,19.385896435076763,,,,,,,,,,,,7.390059849076243,25.0,,,2.4543034605146405,,,,,29.143897996357016,99.53161592505856,,,,,,14.1295862607338,,,,,,,,,,,,,,,,,,,,,,96.5,,,,,,,,,,,5.74842254264533,,,
JHARKHAND,godda,9.9,,96.24382207578252,79.19501133786848,28.00453514739229,,,,,,,,,,,,4.81859410430839,19.6,,,2.123724247827901,,,,,29.59183673469388,99.26303854875285,,,,,,12.131519274376418,,,,,,,,,,,,,,,,,,,,,,93.5,,,,,,,,,,,6.020728869268972,,,
JHARKHAND,gumla,18.5,,94.73031618102914,65.88235294117646,20.840336134453786,,,,,,,,,,,,4.313725490196078,33.3,,,3.467806868978538,,,,,19.215686274509807,96.30252100840336,,,,,,12.661064425770308,,,,,,,,,,,,,,,,,,,,,,89.1,,,,,,,,,,,1.599049926825172,,,
JHARKHAND,hazaribag,2.5,,96.73069064160195,82.79569892473118,37.8584229390681,,,,,,,,,,,,16.48745519713262,40.1,,,3.4437514649382948,,,,,45.96774193548387,99.01433691756272,,,,,,20.56451612903226,,,,,,,,,,,,,,,,,,,,,,98.2,,,,,,,,,,,4.030613468966675,,,
JHARKHAND,jamtara,11.5,,98.14340588988476,84.17777777777778,26.04444444444444,,,,,,,,,,,,3.555555555555556,21.4,,,2.530501029428835,,,,,33.15555555555555,99.82222222222222,,,,,,16.444444444444446,,,,,,,,,,,,,,,,,,,,,,92.2,,,,,,,,,,,3.6833329334708864,,,
JHARKHAND,khunti,13.0,,95.1167728237792,79.19921875,25.68359375,,,,,,,,,,,,5.37109375,29.3,,,3.5080880919898654,,,,,30.2734375,99.0234375,,,,,,13.8671875,,,,,,,,,,,,,,,,,,,,,,92.9,,,,,,,,,,,2.3577889206113096,,,
JHARKHAND,kodarma,11.1,,98.27188940092168,96.15784008307374,39.35617860851506,,,,,,,,,,,,16.303219106957425,31.8,,,2.9186568681877394,,,,,40.7061266874351,99.5846313603323,,,,,,22.11838006230529,,,,,,,,,,,,,,,,,,,,,,97.1,,,,,,,,,,,1.3489359660276865,,,
JHARKHAND,latehar,13.9,,95.1681667456182,71.63814180929096,24.93887530562348,,,,,,,,,,,,5.297473512632437,26.5,,,2.421954089031164,,,,,25.101874490627544,98.85900570497148,,,,,,12.143439282803586,,,,,,,,,,,,,,,,,,,,,,89.0,,,,,,,,,,,3.150116359972169,,,
JHARKHAND,lohardaga,13.3,,95.44527532290958,92.9745889387145,23.31838565022421,,,,,,,,,,,,7.174887892376682,35.0,,,2.6238893702325736,,,,,32.585949177877424,99.70104633781764,,,,,,23.01943198804185,,,,,,,,,,,,,,,,,,,,,,99.2,,,,,,,,,,,0.7497420887214798,,,
JHARKHAND,pakaur,19.2,,95.17073170731707,86.7595818815331,17.073170731707318,,,,,,,,,,,,5.574912891986063,13.6,,,1.8789393960321736,,,,,19.77351916376307,99.4773519163763,,,,,,12.195121951219512,,,,,,,,,,,,,,,,,,,,,,91.7,,,,,,,,,,,4.154170965187976,,,
JHARKHAND,palamu,5.6,,95.9083833666889,70.20689655172414,15.172413793103448,,,,,,,,,,,,5.310344827586206,36.5,,,2.3042760198832,,,,,24.55172413793104,98.79310344827589,,,,,,12.344827586206897,,,,,,,,,,,,,,,,,,,,,,95.8,,,,,,,,,,,8.446894268371679,,,
JHARKHAND,pashchimi singhbhum,20.6,,92.9482370592648,74.2091388400703,21.57293497363796,,,,,,,,,,,,3.163444639718805,22.9,,,2.243538744800309,,,,,28.602811950790866,95.298769771529,,,,,,12.214411247803165,,,,,,,,,,,,,,,,,,,,,,83.3,,,,,,,,,,,3.4236222739377653,,,
JHARKHAND,purbi singhbhum,8.3,,98.87479907126271,98.62132352941175,43.97977941176471,,,,,,,,,,,,12.040441176470589,46.8,,,3.23932323142456,,,,,55.10110294117647,99.44852941176472,,,,,,22.977941176470587,,,,,,,,,,,,,,,,,,,,,,95.7,,,,,,,,,,,6.58753388834241,,,
JHARKHAND,ramgarh,11.0,,97.42701632855022,85.82251082251082,49.458874458874455,,,,,,,,,,,,16.883116883116884,44.3,,,3.396344851715409,,,,,53.78787878787878,99.7835497835498,,,,,,27.81385281385281,,,,,,,,,,,,,,,,,,,,,,98.4,,,,,,,,,,,1.771190710395624,,,
JHARKHAND,ranchi,4.5,,97.46170188974617,86.50288140734,45.07127691841068,,,,,,,,,,,,18.895966029724,49.5,,,3.6207780578163256,,,,,40.370033363663936,99.02942068547164,,,,,,21.86836518046709,,,,,,,,,,,,,,,,,,,,,,99.3,,,,,,,,,,,6.999592140303736,,,
JHARKHAND,sahibganj,17.6,,92.05069124423964,73.95833333333334,18.619791666666664,,,,,,,,,,,,7.682291666666667,18.6,,,1.828076651647576,,,,,21.549479166666664,97.4609375,,,,,,15.4296875,,,,,,,,,,,,,,,,,,,,,,91.6,,,,,,,,,,,2.7794438713082696,,,
JHARKHAND,saraikela-kharsawan,11.6,,96.77540307461568,78.8979336255479,17.59549154664997,,,,,,,,,,,,6.762680025046963,36.0,,,3.2388929204966943,,,,,34.690043832185346,99.49906073888542,,,,,,14.402003757044458,,,,,,,,,,,,,,,,,,,,,,93.5,,,,,,,,,,,4.219548475324488,,,
JHARKHAND,simdega,12.9,,93.6086956521739,68.47335140018068,20.14453477868112,,,,,,,,,,,,4.697380307136405,29.7,,,3.415791631192256,,,,,30.89430894308943,98.0126467931346,,,,,,13.188798554652212,,,,,,,,,,,,,,,,,,,,,,84.1,,,,,,,,,,,1.5846548787217196,,,
DELHI,central,8.6,,,,,,44.33497536945813,,,,,69.45812807881774,,,,,33.004926108374384,57.1,53.31807780320366,,3.9396698610747993,,,,2.7226093776764064,,,,47.29064039408867,,,,,,,,76.08695652173914,81.2807881773399,,,,,,,,,,,99.7,,,,,,,,,,,,,,,,,,,,77.83251231527095
DELHI,east,6.9,,,,,,23.78472222222222,,,,,90.79861111111111,,,,,49.65277777777778,57.2,64.72010853536247,,3.6699889162135015,,,,2.270444390564927,,,,76.90972222222221,,,,,,,,72.9546392968796,88.88888888888889,,,,,,,,,,,98.4,,,,,,,,,,,,,,,,,,,,84.89583333333334
DELHI,new delhi,6.9,,,,,,36.7816091954023,,,,,90.80459770114942,,,,,54.02298850574713,57.9,65.12935883014623,,4.311975554154339,,,,4.051268370761993,,,,89.65517241379311,,,,,,,,77.19347581552306,100.0,,,,,,,,,,,99.1,,,,,,,,,,,,,,,,,,,,90.80459770114942
DELHI,north,9.3,,,,,,22.01834862385321,,,,,89.90825688073394,,,,,44.342507645259936,53.9,55.1435579281489,,3.45846202976942,,,,1.7209977695389882,,,,44.342507645259936,,,,,,,,70.27845909681143,96.02446483180428,,,,,,,,,,,99.3,,,,,,,,,,,,,,,,,,,,83.18042813455658
DELHI,north east i,13.4,,,,,,14.320388349514564,,,,,95.3883495145631,,,,,67.47572815533981,59.8,45.96601777877799,,3.195429245350861,,,,1.2415682664787355,,,,35.67961165048544,,,,,,,,65.35388770113649,100.0,,,,,,,,,,,98.2,,,,,,,,,,,,,,,,,,,,86.89320388349515
DELHI,north east ii,12.6,,,,,,12.80193236714976,,,,,93.96135265700482,,,,,48.06763285024155,59.8,48.79628734409746,,3.372713725311168,,,,1.4885853384941974,,,,35.990338164251206,,,,,,,,69.5059460504689,94.68599033816425,,,,,,,,,,,98.2,,,,,,,,,,,,,,,,,,,,78.50241545893721
DELHI,north west a,7.0,,,,,,15.925925925925927,,,,,95.92592592592592,,,,,39.44444444444444,62.9,71.67630057803468,,3.48557749965221,,,,1.6559611242498526,,,,44.25925925925926,,,,,,,,77.8970547756675,96.29629629629628,,,,,,,,,,,99.7,,,,,,,,,,,,,,,,,,,,82.22222222222221
DELHI,north west b-i,9.6,,,,,,22.99465240641712,,,,,98.3957219251337,,,,,45.98930481283423,62.9,65.92755035737493,,3.543011387017592,,,,1.774671152025462,,,,58.82352941176471,,,,,,,,77.28232618583496,99.46524064171123,,,,,,,,,,,99.7,,,,,,,,,,,,,,,,,,,,83.9572192513369
DELHI,north west b-ii,7.3,,,,,,32.31939163498099,,,,,98.8593155893536,,,,,61.59695817490495,62.9,76.8064623215669,,3.75161385402872,,,,2.4704939742530607,,,,63.87832699619772,,,,,,,,74.96956954741619,98.09885931558937,,,,,,,,,,,99.7,,,,,,,,,,,,,,,,,,,,91.63498098859316
DELHI,south,7.3,,,,,,26.94610778443114,,,,,92.51497005988024,,,,,52.99401197604791,61.6,93.11462528238876,,3.624331184342149,,,,2.2114080460793075,,,,95.20958083832336,,,,,,,,72.26205677241921,96.10778443113772,,,,,,,,,,,100.0,,,,,,,,,,,,,,,,,,,,84.4311377245509
DELHI,south east,7.1,,,,,,24.756335282651072,,,,,93.37231968810916,,,,,55.55555555555556,65.5,63.00655343052026,,3.514313176676843,,,,1.9449281697323493,,,,88.30409356725146,,,,,,,,71.7801257188712,95.51656920077971,,,,,,,,,,,100.0,,,,,,,,,,,,,,,,,,,,83.82066276803118
DELHI,south west a,5.7,,,,,,36.54822335025381,,,,,88.83248730964468,,,,,53.299492385786806,68.4,71.29684359853411,,4.029169683344129,,,,2.8374233128834354,,,,82.23350253807106,,,,,,,,77.88154628206644,98.47715736040608,,,,,,,,,,,99.7,,,,,,,,,,,,,,,,,,,,89.84771573604061
DELHI,south west b-i,5.6,,,,,,32.40418118466899,,,,,96.16724738675958,,,,,71.42857142857143,68.4,73.57260877547273,,3.803253048642119,,,,2.8571528318420327,,,,74.91289198606272,,,,,,,,76.1428309161006,95.47038327526133,,,,,,,,,,,99.7,,,,,,,,,,,,,,,,,,,,91.28919860627178
DELHI,south west b-ii,5.7,,,,,,20.080321285140563,,,,,96.78714859437753,,,,,57.0281124497992,68.4,82.4039442366542,,4.002313475997687,,,,2.928588439424353,,,,66.66666666666666,,,,,,,,83.25399523971438,99.19678714859438,,,,,,,,,,,99.7,,,,,,,,,,,,,,,,,,,,87.95180722891565
DELHI,west a,11.0,,,,,,27.027027027027028,,,,,88.8030888030888,,,,,37.83783783783784,56.3,60.41275797373359,,3.7341553612802816,,,,1.8200379320525848,,,,93.05019305019306,,,,,,,,76.65505226480836,90.73359073359072,,,,,,,,,,,99.8,,,,,,,,,,,,,,,,,,,,82.23938223938224
DELHI,west b,8.8,,,,,,24.95201535508637,,,,,92.51439539347408,,,,,65.83493282149712,56.3,71.52571926765475,,3.471479590807288,,,,1.8256290228203629,,,,69.86564299424184,,,,,,,,77.16942749200814,97.31285988483684,,,,,,,,,,,99.8,,,,,,,,,,,,,,,,,,,,87.71593090211132
ANDHRA PRADESH,anakapalli,22.1,,,,66.08695652173913,,,,,17.493606138107417,98.87468030690538,,6.3938618925831205,,10.179028132992327,,29.61636828644501,41.8,24.83294202636807,,,,72.32736572890025,,,,,,,,,,,,,,,,,,,,,,,,,,,,,,,,,3.503702365902113,,,,,,,,,,,,,
ANDHRA PRADESH,anantapur,17.4,,,,67.82020684168656,,,,,10.143198090692124,95.6642800318218,,5.88703261734288,,26.25298329355609,,39.85680190930788,31.3,17.133453393777557,,,,76.25298329355608,,,,,,,,,,,,,,,,,,,,,,,,,,,,,,,,,4.421536359684531,,,,,,,,,,,,,
ANDHRA PRADESH,annamayya,25.8,,,,54.92356914326342,,,,,8.78066121578386,88.09100604337007,,2.772840383931745,,13.330963384287235,,34.98044792036971,39.5,18.08510638297873,,,,76.03981514397441,,,,,,,,,,,,,,,,,,,,,,,,,,,,,,,,,4.964539007092199,,,,,,,,,,,,,
ANDHRA PRADESH,asr,25.7,,,,29.894179894179896,,,,,15.178571428571429,81.64682539682539,,6.67989417989418,,0.0,,4.563492063492063,39.44615384615385,18.476211600310524,,,,50.29761904761904,,,,,,,,,,,,,,,,,,,,,,,,,,,,,,,,,7.752023954752135,,,,,,,,,,,,,
ANDHRA PRADESH,bapatla,29.2,,,,55.940594059405946,,,,,8.965896589658966,93.78437843784378,,4.07040704070407,,14.026402640264028,,29.977997799779978,37.76666666666667,18.34690732995817,,,,73.92739273927393,,,,,,,,,,,,,,,,,,,,,,,,,,,,,,,,,4.116222760290557,,,,,,,,,,,,,
ANDHRA PRADESH,chittoor,18.3,,,,55.26139410187667,,,,,7.104557640750671,84.01474530831099,,3.0831099195710454,,16.152815013404826,,33.74664879356568,40.3,18.77991339360328,,,,73.82707774798928,,,,,,,,,,,,,,,,,,,,,,,,,,,,,,,,,2.757730000759705,,,,,,,,,,,,,
ANDHRA PRADESH,east godavari,12.9,,,,75.02994011976047,,,,,14.311377245508982,100.0,,5.92814371257485,,18.98203592814372,,58.74251497005988,43.2,24.658554755401045,,,,85.92814371257485,,,,,,,,,,,,,,,,,,,,,,,,,,,,,,,,,2.599122589189637,,,,,,,,,,,,,
ANDHRA PRADESH,eluru,21.2,,,,61.43763213530655,,,,,14.841437632135309,95.34883720930232,,5.031712473572939,,15.898520084566597,,32.21987315010571,43.72,18.743579612801263,,,,78.98520084566596,,,,,,,,,,,,,,,,,,,,,,,,,,,,,,,,,2.749901224812328,,,,,,,,,,,,,
ANDHRA PRADESH,guntur,2.8,,,,73.81738173817382,,,,,23.1023102310231,98.7898789878988,,9.24092409240924,,50.605060506050606,,54.400440044004405,32.6,29.95620018668773,,,,83.71837183718371,,,,,,,,,,,,,,,,,,,,,,,,,,,,,,,,,3.1736913908235795,,,,,,,,,,,,,
ANDHRA PRADESH,kadapa,25.7,,,,72.978505629478,,,,,8.563630160354828,98.05527123848516,,3.445922893210508,,31.013306038894573,,37.63220743773456,40.0,24.78882184820578,,,,84.1351074718526,,,,,,,,,,,,,,,,,,,,,,,,,,,,,,,,,8.243886948237536,,,,,,,,,,,,,
ANDHRA PRADESH,kakinada,16.1,,,,69.90927419354838,,,,,13.205645161290322,98.89112903225806,,5.745967741935484,,25.90725806451613,,48.48790322580645,47.400000000000006,25.40612714190342,,,,85.03024193548387,,,,,,,,,,,,,,,,,,,,,,,,,,,,,,,,,3.3083599139529705,,,,,,,,,,,,,
ANDHRA PRADESH,konaseema,17.4,,,,50.11644154634374,,,,,9.501630181648812,99.44108057755008,,2.5151374010246856,,10.992081974848626,,42.89706567303214,39.44615384615385,21.12555755907754,,,,79.36655798789008,,,,,,,,,,,,,,,,,,,,,,,,,,,,,,,,,3.141311568757711,,,,,,,,,,,,,
ANDHRA PRADESH,krishna,1.8,,,,62.22926571579504,,,,,17.16851558372953,99.63021658742736,,6.12783940834654,,21.130480718436345,,44.74379292128896,46.2,34.611077612197434,,,,82.98996302165874,,,,,,,,,,,,,,,,,,,,,,,,,,,,,,,,,3.1182703075200275,,,,,,,,,,,,,
ANDHRA PRADESH,kurnool,32.8,,,,61.98137171888231,,,,,10.711261642675698,98.85690093141406,,3.429297205757832,,33.065198983911934,,44.58086367485182,33.4,21.15091230853725,,,,79.805249788315,,,,,,,,,,,,,,,,,,,,,,,,,,,,,,,,,2.8010007933117715,,,,,,,,,,,,,
ANDHRA PRADESH,manyam,12.7,,,,47.69493454752418,,,,,12.8628343767786,88.84462151394422,,11.439954467842911,,7.569721115537849,,17.871371656232213,39.44615384615385,15.80362195812111,,,,68.4689812179852,,,,,,,,,,,,,,,,,,,,,,,,,,,,,,,,,6.1262026032824,,,,,,,,,,,,,
ANDHRA PRADESH,nandyal,34.7,,,,57.38106915154487,,,,,8.87690044139284,94.35998038254048,,3.2368808239333005,,25.110348209906817,,38.10691515448749,32.52,18.214658424981938,,,,75.28200098087298,,,,,,,,,,,,,,,,,,,,,,,,,,,,,,,,,4.174359797704102,,,,,,,,,,,,,
ANDHRA PRADESH,nellore,12.3,,,,60.52335396736071,,,,,12.521102982554869,94.48508722566122,,1.9977490151941475,,24.84524479459764,,35.25604952166573,38.7,22.706882304332428,,,,76.39279684862127,,,,,,,,,,,,,,,,,,,,,,,,,,,,,,,,,3.4116397119584465,,,,,,,,,,,,,
ANDHRA PRADESH,ntr,2.2,,,,78.1875,,,,,22.9375,99.625,,9.3125,,40.125,,48.75,39.900000000000006,37.95236402417348,,,,87.625,,,,,,,,,,,,,,,,,,,,,,,,,,,,,,,,,2.8652683967294705,,,,,,,,,,,,,
ANDHRA PRADESH,palnadu,26.9,,,,66.2593984962406,,,,,17.669172932330827,96.2875939849624,,6.719924812030076,,23.44924812030075,,43.1390977443609,36.0,25.77781150402185,,,,80.07518796992481,,,,,,,,,,,,,,,,,,,,,,,,,,,,,,,,,9.371680072848688,,,,,,,,,,,,,
ANDHRA PRADESH,prakasam,19.4,,,,66.247582205029,,,,,16.666666666666664,98.6782720825274,,3.2882011605415857,,16.989039329464863,,28.981302385557704,34.5,25.11035439525792,,,,76.33784655061251,,,,,,,,,,,,,,,,,,,,,,,,,,,,,,,,,4.042123849161307,,,,,,,,,,,,,
ANDHRA PRADESH,sri satyasai,24.2,,,,56.3396665374176,,,,,11.78751454051958,87.01046917409849,,5.1570376114773175,,17.215975184179914,,34.005428460643664,39.44615384615385,17.791072974887822,,,,65.56804963164016,,,,,,,,,,,,,,,,,,,,,,,,,,,,,,,,,4.9437140832874125,,,,,,,,,,,,,
ANDHRA PRADESH,srikakulam,17.1,,,,49.57156458267217,,,,,13.265629958743256,93.24024119327198,,3.5861631228181525,,9.362107267534116,,21.67565852110441,42.5,16.858982145026115,,,,67.05807680101556,,,,,,,,,,,,,,,,,,,,,,,,,,,,,,,,,3.649945341916677,,,,,,,,,,,,,
ANDHRA PRADESH,tirupati,3.0,,,,57.32403297400127,,,,,12.301838934686112,90.90044388078633,,4.280279010779962,,25.237793278376664,,36.42993024730501,45.4,23.305941845764856,,,,76.41090678503487,,,,,,,,,,,,,,,,,,,,,,,,,,,,,,,,,4.121365360303413,,,,,,,,,,,,,
ANDHRA PRADESH,visakhapatnam,0.6,,,,86.20470438652256,,,,,25.238397965670696,100.0,,16.274634456452638,,59.37698664971393,,64.14494596312778,46.0,43.474057363841446,,,,87.79402415766052,,,,,,,,,,,,,,,,,,,,,,,,,,,,,,,,,2.481469545601032,,,,,,,,,,,,,
ANDHRA PRADESH,vizianagaram,9.1,,,,71.25900805426028,,,,,16.913946587537094,96.14243323442136,,6.104281475201356,,16.829164900381517,,30.69097075031793,37.6,20.001434308663224,,,,74.31114879186096,,,,,,,,,,,,,,,,,,,,,,,,,,,,,,,,,4.0949512335054505,,,,,,,,,,,,,
ANDHRA PRADESH,west godavari,12.0,,,,64.70876162506119,,,,,11.11111111111111,98.62946647087615,,4.992657856093979,,23.837493881546745,,42.33969652471855,46.5,21.22113365990203,,,,82.52569750367107,,,,,,,,,,,,,,,,,,,,,,,,,,,,,,,,,2.860391882435269,,,,,,,,,,,,,
UTTARAKHAND,almora,4.6,,,,,,,,,,,,,,4.422476586888657,,,,,,,,,,,96.61810613943808,,,,,,35.9,,,,,,,89.2,,,,,,,,,,,,,,,7.384245339747444,,,,,,,,,,95.213319458897,,,1.9910902892518767,,
UTTARAKHAND,bageshwar,4.3,,,,,,,,,,,,,,6.214689265536723,,,,,,,,,,,99.66101694915255,,,,,,34.6,,,,,,,88.5,,,,,,,,,,,,,,,6.818751566808724,,,,,,,,,,94.91525423728814,,,1.8159458905513424,,
UTTARAKHAND,chamoli,5.5,,,,,,,,,,,,,,11.882510013351135,,,,,,,,,,,99.46595460614152,,,,,,37.4,,,,,,,87.6,,,,,,,,,,,,,,,4.38871473354232,,,,,,,,,,96.72897196261682,,,1.8318822057139816,,
UTTARAKHAND,champawat,7.1,,,,,,,,,,,,,,5.912596401028278,,,,,,,,,,,88.81748071979433,,,,,,39.8,,,,,,,82.7,,,,,,,,,,,,,,,7.461888205402515,,,,,,,,,,93.7017994858612,,,1.8138566755872727,,
UTTARAKHAND,dehradun,1.2,,,,,,,,,,,,,,45.05672609400324,,,,,,,,,,,94.85413290113452,,,,,,88.8,,,,,,,83.9,,,,,,,,,,,,,,,14.737518748660811,,,,,,,,,,71.0291734197731,,,2.18754535676937,,
UTTARAKHAND,hardwar,6.3,,,,,,,,,,,,,,27.332511302918206,,,,,,,,,,,72.62638717632552,,,,,,61.5,,,,,,,69.8,,,,,,,,,,,,,,,7.56696644425104,,,,,,,,,,85.81997533908755,,,1.5434672596774075,,
UTTARAKHAND,nainital,4.3,,,,,,,,,,,,,,21.700105596620908,,,,,,,,,,,90.91869060190076,,,,,,71.6,,,,,,,82.4,,,,,,,,,,,,,,,12.998087344596748,,,,,,,,,,83.31573389651531,,,2.0465108925917725,,
UTTARAKHAND,pauri,4.3,,,,,,,,,,,,,,11.120840630472854,,,,,,,,,,,95.0525394045534,,,,,,48.1,,,,,,,83.3,,,,,,,,,,,,,,,3.8223445023091287,,,,,,,,,,93.6952714535902,,,2.762077607812635,,
UTTARAKHAND,pithoragarh,4.6,,,,,,,,,,,,,,9.395571514063434,,,,,,,,,,,90.96349491322562,,,,,,45.9,,,,,,,84.5,,,,,,,,,,,,,,,5.0655929341472925,,,,,,,,,,92.10053859964094,,,1.7907812598524495,,
UTTARAKHAND,rudraprayag,4.5,,,,,,,,,,,,,,5.411255411255411,,,,,,,,,,,99.7835497835498,,,,,,35.1,,,,,,,86.8,,,,,,,,,,,,,,,3.212520593080725,,,,,,,,,,95.67099567099568,,,2.532077241144124,,
UTTARAKHAND,tehri garhwal,6.7,,,,,,,,,,,,,,6.0411899313501145,,,,,,,,,,,97.48283752860412,,,,,,34.9,,,,,,,84.6,,,,,,,,,,,,,,,5.787116775749225,,,,,,,,,,95.01144164759724,,,2.201854009774423,,
UTTARAKHAND,udham singh nagar,6.3,,,,,,,,,,,,,,30.06134969325153,,,,,,,,,,,64.2418930762489,,,,,,64.0,,,,,,,70.9,,,,,,,,,,,,,,,9.759860132668278,,,,,,,,,,81.28834355828221,,,1.8021011523109804,,
UTTARAKHAND,uttarkashi,7.3,,,,,,,,,,,,,,9.69055374592834,,,,,,,,,,,97.31270358306188,,,,,,32.6,,,,,,,75.7,,,,,,,,,,,,,,,4.871743885464308,,,,,,,,,,95.76547231270358,,,1.87069614430288,,
